,mol_path,group,msg
0,/home/shachar/repos/PorCrystalStructures/data/raw_xyz/xyz/porphyrins/ABASOO_0.xyz,metal,NO_METAL
1,/home/shachar/repos/PorCrystalStructures/data/raw_xyz/xyz/porphyrins/ABASOO_1.xyz,metal,NO_METAL
2,/home/shachar/repos/PorCrystalStructures/data/raw_xyz/xyz/porphyrins/ABASOO_2.xyz,metal,NO_METAL
3,/home/shachar/repos/PorCrystalStructures/data/raw_xyz/xyz/porphyrins/ABIPIK_0.xyz,topolocial,NOT_SATURATED
4,/home/shachar/repos/PorCrystalStructures/data/raw_xyz/xyz/porphyrins/ABOSOZ_0.xyz,charge,MOL_ODD_NUMBER_OF_ELECTRONS
5,/home/shachar/repos/PorCrystalStructures/data/raw_xyz/xyz/porphyrins/ABOSOZ_1.xyz,metal,NO_METAL
6,/home/shachar/repos/PorCrystalStructures/data/raw_xyz/xyz/porphyrins/ABOSOZ_2.xyz,metal,NO_METAL
7,/home/shachar/repos/PorCrystalStructures/data/raw_xyz/xyz/porphyrins/ABOSUF_0.xyz,charge,TOO_LARGE_COUNTER_MOL
8,/home/shachar/repos/PorCrystalStructures/data/raw_xyz/xyz/porphyrins/ABOSUF_1.xyz,metal,NO_METAL
9,/home/shachar/repos/PorCrystalStructures/data/raw_xyz/xyz/porphyrins/ABOSUF_2.xyz,metal,NO_METAL
10,/home/shachar/repos/PorCrystalStructures/data/raw_xyz/xyz/porphyrins/ACANIF_0.xyz,topolocial,NOT_CONNECTED_MOLECULE
11,/home/shachar/repos/PorCrystalStructures/data/raw_xyz/xyz/porphyrins/ACANIF_1.xyz,metal,NO_METAL
12,/home/shachar/repos/PorCrystalStructures/data/raw_xyz/xyz/porphyrins/ACEJUO_0.xyz,metal,NO_METAL
13,/home/shachar/repos/PorCrystalStructures/data/raw_xyz/xyz/porphyrins/ACIXOA_0.xyz,topolocial,HAS_MORE_THAN_4_PYRROLES
14,/home/shachar/repos/PorCrystalStructures/data/raw_xyz/xyz/porphyrins/ACIXOA_1.xyz,metal,NO_METAL
15,/home/shachar/repos/PorCrystalStructures/data/raw_xyz/xyz/porphyrins/ACIXUG_0.xyz,topolocial,HAS_MORE_THAN_4_PYRROLES
16,/home/shachar/repos/PorCrystalStructures/data/raw_xyz/xyz/porphyrins/ACIXUG_1.xyz,metal,NO_METAL
17,/home/shachar/repos/PorCrystalStructures/data/raw_xyz/xyz/porphyrins/ACIYAN_0.xyz,topolocial,HAS_MORE_THAN_4_PYRROLES
18,/home/shachar/repos/PorCrystalStructures/data/raw_xyz/xyz/porphyrins/ACIYAN_1.xyz,metal,NO_METAL
19,/home/shachar/repos/PorCrystalStructures/data/raw_xyz/xyz/porphyrins/ACOSOC_0.xyz,metal,NO_METAL
20,/home/shachar/repos/PorCrystalStructures/data/raw_xyz/xyz/porphyrins/ACOSUI_0.xyz,metal,NO_METAL
21,/home/shachar/repos/PorCrystalStructures/data/raw_xyz/xyz/porphyrins/ACOTIV01_0.xyz,topolocial,NOT_CONNECTED_MOLECULE
22,/home/shachar/repos/PorCrystalStructures/data/raw_xyz/xyz/porphyrins/ACOTIV01_1.xyz,metal,NO_METAL
23,/home/shachar/repos/PorCrystalStructures/data/raw_xyz/xyz/porphyrins/ACOTIV_0.xyz,topolocial,NOT_CONNECTED_MOLECULE
24,/home/shachar/repos/PorCrystalStructures/data/raw_xyz/xyz/porphyrins/ACOTIV_1.xyz,metal,NO_METAL
25,/home/shachar/repos/PorCrystalStructures/data/raw_xyz/xyz/porphyrins/ACUPOG_0.xyz,metal,NO_METAL
26,/home/shachar/repos/PorCrystalStructures/data/raw_xyz/xyz/porphyrins/ACUPOG_1.xyz,metal,NO_METAL
27,/home/shachar/repos/PorCrystalStructures/data/raw_xyz/xyz/porphyrins/ACUPOG_2.xyz,metal,NO_METAL
28,/home/shachar/repos/PorCrystalStructures/data/raw_xyz/xyz/porphyrins/ACUPOG_3.xyz,metal,NO_METAL
29,/home/shachar/repos/PorCrystalStructures/data/raw_xyz/xyz/porphyrins/ADACIU_0.xyz,topolocial,NOT_SATURATED
30,/home/shachar/repos/PorCrystalStructures/data/raw_xyz/xyz/porphyrins/ADACIU_1.xyz,metal,NO_METAL
31,/home/shachar/repos/PorCrystalStructures/data/raw_xyz/xyz/porphyrins/ADICID_0.xyz,topolocial,NOT_CONNECTED_MOLECULE
32,/home/shachar/repos/PorCrystalStructures/data/raw_xyz/xyz/porphyrins/ADICID_1.xyz,metal,NO_METAL
33,/home/shachar/repos/PorCrystalStructures/data/raw_xyz/xyz/porphyrins/ADICID_2.xyz,metal,NO_METAL
34,/home/shachar/repos/PorCrystalStructures/data/raw_xyz/xyz/porphyrins/ADIQAI_0.xyz,valid,VALID
35,/home/shachar/repos/PorCrystalStructures/data/raw_xyz/xyz/porphyrins/ADIWIV_0.xyz,topolocial,NOT_A_MONOMER
36,/home/shachar/repos/PorCrystalStructures/data/raw_xyz/xyz/porphyrins/ADIWOB_0.xyz,topolocial,NOT_A_MONOMER
37,/home/shachar/repos/PorCrystalStructures/data/raw_xyz/xyz/porphyrins/ADIWUH_0.xyz,topolocial,NOT_CONNECTED_MOLECULE
38,/home/shachar/repos/PorCrystalStructures/data/raw_xyz/xyz/porphyrins/ADIXAO_0.xyz,topolocial,NOT_A_MONOMER
39,/home/shachar/repos/PorCrystalStructures/data/raw_xyz/xyz/porphyrins/ADIXES_0.xyz,topolocial,NOT_A_MONOMER
40,/home/shachar/repos/PorCrystalStructures/data/raw_xyz/xyz/porphyrins/AFEDAS_0.xyz,topolocial,NOT_CONNECTED_MOLECULE
41,/home/shachar/repos/PorCrystalStructures/data/raw_xyz/xyz/porphyrins/AFEDAS_1.xyz,metal,NO_METAL
42,/home/shachar/repos/PorCrystalStructures/data/raw_xyz/xyz/porphyrins/AGAHUO_0.xyz,metal,NO_METAL
43,/home/shachar/repos/PorCrystalStructures/data/raw_xyz/xyz/porphyrins/AGAKEB_0.xyz,metal,NO_METAL
44,/home/shachar/repos/PorCrystalStructures/data/raw_xyz/xyz/porphyrins/AGAKOL_0.xyz,metal,NO_METAL
45,/home/shachar/repos/PorCrystalStructures/data/raw_xyz/xyz/porphyrins/AGAKOL_1.xyz,metal,NO_METAL
46,/home/shachar/repos/PorCrystalStructures/data/raw_xyz/xyz/porphyrins/AGOKOY_0.xyz,topolocial,NOT_CONNECTED_MOLECULE
47,/home/shachar/repos/PorCrystalStructures/data/raw_xyz/xyz/porphyrins/AGOKOY_1.xyz,metal,NO_METAL
48,/home/shachar/repos/PorCrystalStructures/data/raw_xyz/xyz/porphyrins/AGUKUI_0.xyz,topolocial,NOT_A_MONOMER
49,/home/shachar/repos/PorCrystalStructures/data/raw_xyz/xyz/porphyrins/AGUKUI_1.xyz,metal,NO_METAL
50,/home/shachar/repos/PorCrystalStructures/data/raw_xyz/xyz/porphyrins/AGUKUI_2.xyz,metal,NO_METAL
51,/home/shachar/repos/PorCrystalStructures/data/raw_xyz/xyz/porphyrins/AHAQUV_0.xyz,charge,MOL_ODD_NUMBER_OF_ELECTRONS
52,/home/shachar/repos/PorCrystalStructures/data/raw_xyz/xyz/porphyrins/AHAQUV_1.xyz,metal,NO_METAL
53,/home/shachar/repos/PorCrystalStructures/data/raw_xyz/xyz/porphyrins/AHIHII_0.xyz,topolocial,NOT_CONNECTED_MOLECULE
54,/home/shachar/repos/PorCrystalStructures/data/raw_xyz/xyz/porphyrins/AHIHII_1.xyz,metal,NO_METAL
55,/home/shachar/repos/PorCrystalStructures/data/raw_xyz/xyz/porphyrins/AHOPOE_0.xyz,topolocial,NOT_A_MONOMER
56,/home/shachar/repos/PorCrystalStructures/data/raw_xyz/xyz/porphyrins/AJASIQ_0.xyz,metal,NO_METAL
57,/home/shachar/repos/PorCrystalStructures/data/raw_xyz/xyz/porphyrins/AJASIQ_1.xyz,metal,NO_METAL
58,/home/shachar/repos/PorCrystalStructures/data/raw_xyz/xyz/porphyrins/AJASIQ_2.xyz,metal,NO_METAL
59,/home/shachar/repos/PorCrystalStructures/data/raw_xyz/xyz/porphyrins/AJEKAB_0.xyz,topolocial,NOT_CONNECTED_MOLECULE
60,/home/shachar/repos/PorCrystalStructures/data/raw_xyz/xyz/porphyrins/AJEKAB_1.xyz,metal,NO_METAL
61,/home/shachar/repos/PorCrystalStructures/data/raw_xyz/xyz/porphyrins/AJEWES_0.xyz,metal,NO_METAL
62,/home/shachar/repos/PorCrystalStructures/data/raw_xyz/xyz/porphyrins/AJIPEP_0.xyz,topolocial,NOT_CONNECTED_MOLECULE
63,/home/shachar/repos/PorCrystalStructures/data/raw_xyz/xyz/porphyrins/AJIPEP_1.xyz,metal,NO_METAL
64,/home/shachar/repos/PorCrystalStructures/data/raw_xyz/xyz/porphyrins/AJUKUN_0.xyz,topolocial,NOT_CONNECTED_MOLECULE
65,/home/shachar/repos/PorCrystalStructures/data/raw_xyz/xyz/porphyrins/AKEJEH_0.xyz,topolocial,NOT_CONNECTED_MOLECULE
66,/home/shachar/repos/PorCrystalStructures/data/raw_xyz/xyz/porphyrins/AKICUS_0.xyz,metal,NO_METAL
67,/home/shachar/repos/PorCrystalStructures/data/raw_xyz/xyz/porphyrins/AKICUS_1.xyz,metal,NO_METAL
68,/home/shachar/repos/PorCrystalStructures/data/raw_xyz/xyz/porphyrins/AKIFAD_0.xyz,topolocial,BIDENTATE_MACROCYCLE_SUBS
69,/home/shachar/repos/PorCrystalStructures/data/raw_xyz/xyz/porphyrins/AKIFAD_1.xyz,metal,NO_METAL
70,/home/shachar/repos/PorCrystalStructures/data/raw_xyz/xyz/porphyrins/AKIFAD_2.xyz,metal,NO_METAL
71,/home/shachar/repos/PorCrystalStructures/data/raw_xyz/xyz/porphyrins/AKOTUQ_0.xyz,valid,VALID
72,/home/shachar/repos/PorCrystalStructures/data/raw_xyz/xyz/porphyrins/AKOTUQ_1.xyz,metal,NO_METAL
73,/home/shachar/repos/PorCrystalStructures/data/raw_xyz/xyz/porphyrins/ALALAA_0.xyz,charge,MOL_ODD_NUMBER_OF_ELECTRONS
74,/home/shachar/repos/PorCrystalStructures/data/raw_xyz/xyz/porphyrins/ALALIK_0.xyz,topolocial,NOT_A_MONOMER
75,/home/shachar/repos/PorCrystalStructures/data/raw_xyz/xyz/porphyrins/ALALUW_0.xyz,metal,NO_METAL
76,/home/shachar/repos/PorCrystalStructures/data/raw_xyz/xyz/porphyrins/ALIGAE_0.xyz,metal,NO_METAL
77,/home/shachar/repos/PorCrystalStructures/data/raw_xyz/xyz/porphyrins/ALIGAE_1.xyz,metal,NO_METAL
78,/home/shachar/repos/PorCrystalStructures/data/raw_xyz/xyz/porphyrins/ALIGAE_2.xyz,metal,NO_METAL
79,/home/shachar/repos/PorCrystalStructures/data/raw_xyz/xyz/porphyrins/ALIGAE_3.xyz,metal,NO_METAL
80,/home/shachar/repos/PorCrystalStructures/data/raw_xyz/xyz/porphyrins/ALIRIZ_0.xyz,topolocial,NOT_A_MONOMER
81,/home/shachar/repos/PorCrystalStructures/data/raw_xyz/xyz/porphyrins/ALITAQ_0.xyz,charge,TOO_LARGE_COUNTER_MOL
82,/home/shachar/repos/PorCrystalStructures/data/raw_xyz/xyz/porphyrins/ALITAQ_1.xyz,metal,NO_METAL
83,/home/shachar/repos/PorCrystalStructures/data/raw_xyz/xyz/porphyrins/ALITAQ_2.xyz,metal,NO_METAL
84,/home/shachar/repos/PorCrystalStructures/data/raw_xyz/xyz/porphyrins/ALITEU_0.xyz,valid,VALID
85,/home/shachar/repos/PorCrystalStructures/data/raw_xyz/xyz/porphyrins/ALITEU_1.xyz,metal,NO_METAL
86,/home/shachar/repos/PorCrystalStructures/data/raw_xyz/xyz/porphyrins/ALIZIE_0.xyz,topolocial,HAS_MORE_THAN_4_PYRROLES
87,/home/shachar/repos/PorCrystalStructures/data/raw_xyz/xyz/porphyrins/ALIZIE_1.xyz,metal,NO_METAL
88,/home/shachar/repos/PorCrystalStructures/data/raw_xyz/xyz/porphyrins/ALIZIE_2.xyz,metal,NO_METAL
89,/home/shachar/repos/PorCrystalStructures/data/raw_xyz/xyz/porphyrins/ALIZIE_3.xyz,metal,NO_METAL
90,/home/shachar/repos/PorCrystalStructures/data/raw_xyz/xyz/porphyrins/ALOGAJ_0.xyz,topolocial,NOT_CONNECTED_MOLECULE
91,/home/shachar/repos/PorCrystalStructures/data/raw_xyz/xyz/porphyrins/ALOGEN_0.xyz,topolocial,NOT_A_MONOMER
92,/home/shachar/repos/PorCrystalStructures/data/raw_xyz/xyz/porphyrins/ALOGEN_1.xyz,metal,NO_METAL
93,/home/shachar/repos/PorCrystalStructures/data/raw_xyz/xyz/porphyrins/AMABUN_0.xyz,metal,NO_METAL
94,/home/shachar/repos/PorCrystalStructures/data/raw_xyz/xyz/porphyrins/AMABUN_1.xyz,metal,NO_METAL
95,/home/shachar/repos/PorCrystalStructures/data/raw_xyz/xyz/porphyrins/AMABUN_2.xyz,metal,NO_METAL
96,/home/shachar/repos/PorCrystalStructures/data/raw_xyz/xyz/porphyrins/AMAJII_0.xyz,topolocial,NOT_CONNECTED_MOLECULE
97,/home/shachar/repos/PorCrystalStructures/data/raw_xyz/xyz/porphyrins/AMAJOO_0.xyz,topolocial,NOT_CONNECTED_MOLECULE
98,/home/shachar/repos/PorCrystalStructures/data/raw_xyz/xyz/porphyrins/AMAJOO_1.xyz,metal,NO_METAL
99,/home/shachar/repos/PorCrystalStructures/data/raw_xyz/xyz/porphyrins/AMETOB_0.xyz,topolocial,NOT_CONNECTED_MOLECULE
100,/home/shachar/repos/PorCrystalStructures/data/raw_xyz/xyz/porphyrins/AMETOB_1.xyz,metal,NO_METAL
101,/home/shachar/repos/PorCrystalStructures/data/raw_xyz/xyz/porphyrins/AMETOB_2.xyz,metal,NO_METAL
102,/home/shachar/repos/PorCrystalStructures/data/raw_xyz/xyz/porphyrins/AMETUH_0.xyz,charge,MOL_ODD_NUMBER_OF_ELECTRONS
103,/home/shachar/repos/PorCrystalStructures/data/raw_xyz/xyz/porphyrins/ANOVIJ_0.xyz,metal,NO_METAL
104,/home/shachar/repos/PorCrystalStructures/data/raw_xyz/xyz/porphyrins/ANOVIJ_1.xyz,metal,NO_METAL
105,/home/shachar/repos/PorCrystalStructures/data/raw_xyz/xyz/porphyrins/ANOVIJ_2.xyz,metal,NO_METAL
106,/home/shachar/repos/PorCrystalStructures/data/raw_xyz/xyz/porphyrins/ANPRNA_0.xyz,metal,NO_METAL
107,/home/shachar/repos/PorCrystalStructures/data/raw_xyz/xyz/porphyrins/ANUYOY_0.xyz,valid,VALID
108,/home/shachar/repos/PorCrystalStructures/data/raw_xyz/xyz/porphyrins/APANUC_0.xyz,valid,VALID
109,/home/shachar/repos/PorCrystalStructures/data/raw_xyz/xyz/porphyrins/APEQUJ_0.xyz,metal,NO_METAL
110,/home/shachar/repos/PorCrystalStructures/data/raw_xyz/xyz/porphyrins/APEQUJ_1.xyz,metal,NO_METAL
111,/home/shachar/repos/PorCrystalStructures/data/raw_xyz/xyz/porphyrins/APEYOM_0.xyz,topolocial,NOT_CONNECTED_MOLECULE
112,/home/shachar/repos/PorCrystalStructures/data/raw_xyz/xyz/porphyrins/APEYOM_1.xyz,metal,NO_METAL
113,/home/shachar/repos/PorCrystalStructures/data/raw_xyz/xyz/porphyrins/APEYOM_2.xyz,metal,NO_METAL
114,/home/shachar/repos/PorCrystalStructures/data/raw_xyz/xyz/porphyrins/APEYOM_3.xyz,metal,NO_METAL
115,/home/shachar/repos/PorCrystalStructures/data/raw_xyz/xyz/porphyrins/APEZAZ_0.xyz,topolocial,NOT_CONNECTED_MOLECULE
116,/home/shachar/repos/PorCrystalStructures/data/raw_xyz/xyz/porphyrins/APEZAZ_1.xyz,metal,NO_METAL
117,/home/shachar/repos/PorCrystalStructures/data/raw_xyz/xyz/porphyrins/APEZAZ_2.xyz,metal,NO_METAL
118,/home/shachar/repos/PorCrystalStructures/data/raw_xyz/xyz/porphyrins/APEZAZ_3.xyz,metal,NO_METAL
119,/home/shachar/repos/PorCrystalStructures/data/raw_xyz/xyz/porphyrins/APIXII_0.xyz,metal,NO_METAL
120,/home/shachar/repos/PorCrystalStructures/data/raw_xyz/xyz/porphyrins/APIXII_1.xyz,metal,NO_METAL
121,/home/shachar/repos/PorCrystalStructures/data/raw_xyz/xyz/porphyrins/APIZOQ_0.xyz,metal,NO_METAL
122,/home/shachar/repos/PorCrystalStructures/data/raw_xyz/xyz/porphyrins/APIZOQ_1.xyz,metal,NO_METAL
123,/home/shachar/repos/PorCrystalStructures/data/raw_xyz/xyz/porphyrins/APIZOQ_2.xyz,metal,NO_METAL
124,/home/shachar/repos/PorCrystalStructures/data/raw_xyz/xyz/porphyrins/AQINUK_0.xyz,charge,MOL_ODD_NUMBER_OF_ELECTRONS
125,/home/shachar/repos/PorCrystalStructures/data/raw_xyz/xyz/porphyrins/AQINUK_1.xyz,metal,NO_METAL
126,/home/shachar/repos/PorCrystalStructures/data/raw_xyz/xyz/porphyrins/AQOCOY_0.xyz,topolocial,NOT_CONNECTED_MOLECULE
127,/home/shachar/repos/PorCrystalStructures/data/raw_xyz/xyz/porphyrins/AQOCOY_1.xyz,charge,TOO_LARGE_COUNTER_MOL
128,/home/shachar/repos/PorCrystalStructures/data/raw_xyz/xyz/porphyrins/AQOCOY_2.xyz,metal,NO_METAL
129,/home/shachar/repos/PorCrystalStructures/data/raw_xyz/xyz/porphyrins/AQOCUE_0.xyz,charge,COUNTER_MOL_ODD_NUMBER_OF_ELECTRONS
130,/home/shachar/repos/PorCrystalStructures/data/raw_xyz/xyz/porphyrins/AQOCUE_1.xyz,metal,NO_METAL
131,/home/shachar/repos/PorCrystalStructures/data/raw_xyz/xyz/porphyrins/AQOCUE_2.xyz,metal,NO_METAL
132,/home/shachar/repos/PorCrystalStructures/data/raw_xyz/xyz/porphyrins/AQOYAI_0.xyz,valid,VALID
133,/home/shachar/repos/PorCrystalStructures/data/raw_xyz/xyz/porphyrins/AQUDEV_0.xyz,topolocial,NOT_CONNECTED_MOLECULE
134,/home/shachar/repos/PorCrystalStructures/data/raw_xyz/xyz/porphyrins/AQUDEV_1.xyz,metal,NO_METAL
135,/home/shachar/repos/PorCrystalStructures/data/raw_xyz/xyz/porphyrins/AQUDEV_2.xyz,metal,NO_METAL
136,/home/shachar/repos/PorCrystalStructures/data/raw_xyz/xyz/porphyrins/ARAVUN_0.xyz,metal,NO_METAL
137,/home/shachar/repos/PorCrystalStructures/data/raw_xyz/xyz/porphyrins/AROBEP_0.xyz,metal,NO_METAL
138,/home/shachar/repos/PorCrystalStructures/data/raw_xyz/xyz/porphyrins/AROBEP_1.xyz,metal,NO_METAL
139,/home/shachar/repos/PorCrystalStructures/data/raw_xyz/xyz/porphyrins/AROBEP_2.xyz,metal,NO_METAL
140,/home/shachar/repos/PorCrystalStructures/data/raw_xyz/xyz/porphyrins/ARODOC_0.xyz,valid,VALID
141,/home/shachar/repos/PorCrystalStructures/data/raw_xyz/xyz/porphyrins/ARORUV_0.xyz,metal,NO_METAL
142,/home/shachar/repos/PorCrystalStructures/data/raw_xyz/xyz/porphyrins/ARORUV_1.xyz,metal,NO_METAL
143,/home/shachar/repos/PorCrystalStructures/data/raw_xyz/xyz/porphyrins/ARORUV_2.xyz,metal,NO_METAL
144,/home/shachar/repos/PorCrystalStructures/data/raw_xyz/xyz/porphyrins/AROSAC_0.xyz,metal,NO_METAL
145,/home/shachar/repos/PorCrystalStructures/data/raw_xyz/xyz/porphyrins/AROSAC_1.xyz,metal,NO_METAL
146,/home/shachar/repos/PorCrystalStructures/data/raw_xyz/xyz/porphyrins/AROSIK_0.xyz,topolocial,NOT_SATURATED
147,/home/shachar/repos/PorCrystalStructures/data/raw_xyz/xyz/porphyrins/AROVUA_0.xyz,topolocial,BIDENTATE_MACROCYCLE_SUBS
148,/home/shachar/repos/PorCrystalStructures/data/raw_xyz/xyz/porphyrins/AROWAH_0.xyz,topolocial,NOT_CONNECTED_MOLECULE
149,/home/shachar/repos/PorCrystalStructures/data/raw_xyz/xyz/porphyrins/AROWAH_1.xyz,metal,NO_METAL
150,/home/shachar/repos/PorCrystalStructures/data/raw_xyz/xyz/porphyrins/ARUHAW_0.xyz,topolocial,NOT_A_MONOMER
151,/home/shachar/repos/PorCrystalStructures/data/raw_xyz/xyz/porphyrins/ARUHAW_1.xyz,metal,NO_METAL
152,/home/shachar/repos/PorCrystalStructures/data/raw_xyz/xyz/porphyrins/ARUXIW_0.xyz,topolocial,NOT_CONNECTED_MOLECULE
153,/home/shachar/repos/PorCrystalStructures/data/raw_xyz/xyz/porphyrins/ARUXIW_1.xyz,topolocial,NOT_CONNECTED_MOLECULE
154,/home/shachar/repos/PorCrystalStructures/data/raw_xyz/xyz/porphyrins/ARUXIW_2.xyz,metal,NO_METAL
155,/home/shachar/repos/PorCrystalStructures/data/raw_xyz/xyz/porphyrins/ARUXIW_3.xyz,metal,NO_METAL
156,/home/shachar/repos/PorCrystalStructures/data/raw_xyz/xyz/porphyrins/ASESIB_0.xyz,charge,TOO_LARGE_COUNTER_MOL
157,/home/shachar/repos/PorCrystalStructures/data/raw_xyz/xyz/porphyrins/ASESIB_1.xyz,metal,NO_METAL
158,/home/shachar/repos/PorCrystalStructures/data/raw_xyz/xyz/porphyrins/ASIPIB_0.xyz,valid,VALID
159,/home/shachar/repos/PorCrystalStructures/data/raw_xyz/xyz/porphyrins/ASIPIB_1.xyz,metal,NO_METAL
160,/home/shachar/repos/PorCrystalStructures/data/raw_xyz/xyz/porphyrins/ASIPIC_0.xyz,topolocial,NOT_CONNECTED_MOLECULE
161,/home/shachar/repos/PorCrystalStructures/data/raw_xyz/xyz/porphyrins/ASIPOH_0.xyz,valid,VALID
162,/home/shachar/repos/PorCrystalStructures/data/raw_xyz/xyz/porphyrins/ASIPOH_1.xyz,metal,NO_METAL
163,/home/shachar/repos/PorCrystalStructures/data/raw_xyz/xyz/porphyrins/ASIPUN_0.xyz,valid,VALID
164,/home/shachar/repos/PorCrystalStructures/data/raw_xyz/xyz/porphyrins/ASIPUN_1.xyz,metal,NO_METAL
165,/home/shachar/repos/PorCrystalStructures/data/raw_xyz/xyz/porphyrins/ASOBOB_0.xyz,topolocial,NOT_A_MONOMER
166,/home/shachar/repos/PorCrystalStructures/data/raw_xyz/xyz/porphyrins/ASOBOB_1.xyz,metal,NO_METAL
167,/home/shachar/repos/PorCrystalStructures/data/raw_xyz/xyz/porphyrins/ASOBUH_0.xyz,topolocial,NOT_A_MONOMER
168,/home/shachar/repos/PorCrystalStructures/data/raw_xyz/xyz/porphyrins/ASOBUH_1.xyz,metal,NO_METAL
169,/home/shachar/repos/PorCrystalStructures/data/raw_xyz/xyz/porphyrins/ATAWAU_0.xyz,charge,MOL_ODD_NUMBER_OF_ELECTRONS
170,/home/shachar/repos/PorCrystalStructures/data/raw_xyz/xyz/porphyrins/ATAWAU_1.xyz,metal,NO_METAL
171,/home/shachar/repos/PorCrystalStructures/data/raw_xyz/xyz/porphyrins/ATEVIG_0.xyz,metal,NO_METAL
172,/home/shachar/repos/PorCrystalStructures/data/raw_xyz/xyz/porphyrins/ATEVIG_1.xyz,metal,NO_METAL
173,/home/shachar/repos/PorCrystalStructures/data/raw_xyz/xyz/porphyrins/ATEWUT_0.xyz,valid,VALID
174,/home/shachar/repos/PorCrystalStructures/data/raw_xyz/xyz/porphyrins/ATIRAW_0.xyz,topolocial,NOT_A_MONOMER
175,/home/shachar/repos/PorCrystalStructures/data/raw_xyz/xyz/porphyrins/ATIREA_0.xyz,topolocial,NOT_A_MONOMER
176,/home/shachar/repos/PorCrystalStructures/data/raw_xyz/xyz/porphyrins/ATIREA_1.xyz,topolocial,NOT_A_MONOMER
177,/home/shachar/repos/PorCrystalStructures/data/raw_xyz/xyz/porphyrins/ATIREA_2.xyz,metal,NO_METAL
178,/home/shachar/repos/PorCrystalStructures/data/raw_xyz/xyz/porphyrins/ATIREA_3.xyz,metal,NO_METAL
179,/home/shachar/repos/PorCrystalStructures/data/raw_xyz/xyz/porphyrins/ATIREA_4.xyz,metal,NO_METAL
180,/home/shachar/repos/PorCrystalStructures/data/raw_xyz/xyz/porphyrins/ATIXIL_0.xyz,metal,NO_METAL
181,/home/shachar/repos/PorCrystalStructures/data/raw_xyz/xyz/porphyrins/ATIXIL_1.xyz,metal,NO_METAL
182,/home/shachar/repos/PorCrystalStructures/data/raw_xyz/xyz/porphyrins/ATUSOX_0.xyz,valid,VALID
183,/home/shachar/repos/PorCrystalStructures/data/raw_xyz/xyz/porphyrins/ATUSOX_1.xyz,metal,NO_METAL
184,/home/shachar/repos/PorCrystalStructures/data/raw_xyz/xyz/porphyrins/ATUVIX_0.xyz,metal,NO_METAL
185,/home/shachar/repos/PorCrystalStructures/data/raw_xyz/xyz/porphyrins/ATUVIX_1.xyz,metal,NO_METAL
186,/home/shachar/repos/PorCrystalStructures/data/raw_xyz/xyz/porphyrins/ATUVIX_2.xyz,metal,NO_METAL
187,/home/shachar/repos/PorCrystalStructures/data/raw_xyz/xyz/porphyrins/AVELIZ_0.xyz,charge,MOL_ODD_NUMBER_OF_ELECTRONS
188,/home/shachar/repos/PorCrystalStructures/data/raw_xyz/xyz/porphyrins/AVELIZ_1.xyz,metal,NO_METAL
189,/home/shachar/repos/PorCrystalStructures/data/raw_xyz/xyz/porphyrins/AVELOF_0.xyz,topolocial,NOT_CONNECTED_MOLECULE
190,/home/shachar/repos/PorCrystalStructures/data/raw_xyz/xyz/porphyrins/AVELOF_1.xyz,metal,NO_METAL
191,/home/shachar/repos/PorCrystalStructures/data/raw_xyz/xyz/porphyrins/AVUCAW_0.xyz,topolocial,NOT_CONNECTED_MOLECULE
192,/home/shachar/repos/PorCrystalStructures/data/raw_xyz/xyz/porphyrins/AVUCAW_1.xyz,metal,NO_METAL
193,/home/shachar/repos/PorCrystalStructures/data/raw_xyz/xyz/porphyrins/AVUCAW_2.xyz,metal,NO_METAL
194,/home/shachar/repos/PorCrystalStructures/data/raw_xyz/xyz/porphyrins/AVUQUF_0.xyz,topolocial,BIDENTATE_MACROCYCLE_SUBS
195,/home/shachar/repos/PorCrystalStructures/data/raw_xyz/xyz/porphyrins/AWAKOA_0.xyz,topolocial,BIDENTATE_MACROCYCLE_SUBS
196,/home/shachar/repos/PorCrystalStructures/data/raw_xyz/xyz/porphyrins/AWAKOA_1.xyz,metal,NO_METAL
197,/home/shachar/repos/PorCrystalStructures/data/raw_xyz/xyz/porphyrins/AWAKOA_2.xyz,metal,NO_METAL
198,/home/shachar/repos/PorCrystalStructures/data/raw_xyz/xyz/porphyrins/AWALAN_0.xyz,topolocial,NOT_CONNECTED_MOLECULE
199,/home/shachar/repos/PorCrystalStructures/data/raw_xyz/xyz/porphyrins/AWALAN_1.xyz,topolocial,NOT_CONNECTED_MOLECULE
200,/home/shachar/repos/PorCrystalStructures/data/raw_xyz/xyz/porphyrins/AWALAN_2.xyz,topolocial,BIDENTATE_MACROCYCLE_SUBS
201,/home/shachar/repos/PorCrystalStructures/data/raw_xyz/xyz/porphyrins/AWALAN_3.xyz,metal,NO_METAL
202,/home/shachar/repos/PorCrystalStructures/data/raw_xyz/xyz/porphyrins/AWALER_0.xyz,topolocial,BIDENTATE_MACROCYCLE_SUBS
203,/home/shachar/repos/PorCrystalStructures/data/raw_xyz/xyz/porphyrins/AWALER_1.xyz,metal,NO_METAL
204,/home/shachar/repos/PorCrystalStructures/data/raw_xyz/xyz/porphyrins/AWALIV_0.xyz,topolocial,BIDENTATE_MACROCYCLE_SUBS
205,/home/shachar/repos/PorCrystalStructures/data/raw_xyz/xyz/porphyrins/AWALOB_0.xyz,metal,NO_METAL
206,/home/shachar/repos/PorCrystalStructures/data/raw_xyz/xyz/porphyrins/AWALOB_1.xyz,metal,NO_METAL
207,/home/shachar/repos/PorCrystalStructures/data/raw_xyz/xyz/porphyrins/AWALUH_0.xyz,metal,NO_METAL
208,/home/shachar/repos/PorCrystalStructures/data/raw_xyz/xyz/porphyrins/AWALUH_1.xyz,metal,NO_METAL
209,/home/shachar/repos/PorCrystalStructures/data/raw_xyz/xyz/porphyrins/AWAMAO_0.xyz,metal,NO_METAL
210,/home/shachar/repos/PorCrystalStructures/data/raw_xyz/xyz/porphyrins/AWAMIW_0.xyz,metal,NO_METAL
211,/home/shachar/repos/PorCrystalStructures/data/raw_xyz/xyz/porphyrins/AWEYOT_0.xyz,topolocial,NOT_CONNECTED_MOLECULE
212,/home/shachar/repos/PorCrystalStructures/data/raw_xyz/xyz/porphyrins/AWEYOT_1.xyz,metal,NO_METAL
213,/home/shachar/repos/PorCrystalStructures/data/raw_xyz/xyz/porphyrins/AWEYOT_2.xyz,metal,NO_METAL
214,/home/shachar/repos/PorCrystalStructures/data/raw_xyz/xyz/porphyrins/AWIQEC_0.xyz,valid,VALID
215,/home/shachar/repos/PorCrystalStructures/data/raw_xyz/xyz/porphyrins/AWIQEC_1.xyz,metal,NO_METAL
216,/home/shachar/repos/PorCrystalStructures/data/raw_xyz/xyz/porphyrins/AWOFOK_0.xyz,topolocial,HAS_MORE_THAN_4_PYRROLES
217,/home/shachar/repos/PorCrystalStructures/data/raw_xyz/xyz/porphyrins/AWOFOK_1.xyz,metal,NO_METAL
218,/home/shachar/repos/PorCrystalStructures/data/raw_xyz/xyz/porphyrins/AWOMOP_0.xyz,valid,VALID
219,/home/shachar/repos/PorCrystalStructures/data/raw_xyz/xyz/porphyrins/AXAHUF_0.xyz,topolocial,NOT_SATURATED
220,/home/shachar/repos/PorCrystalStructures/data/raw_xyz/xyz/porphyrins/AXERAX_0.xyz,metal,NO_METAL
221,/home/shachar/repos/PorCrystalStructures/data/raw_xyz/xyz/porphyrins/AXILEB_0.xyz,topolocial,NOT_A_MONOMER
222,/home/shachar/repos/PorCrystalStructures/data/raw_xyz/xyz/porphyrins/AXILEB_1.xyz,metal,NO_METAL
223,/home/shachar/repos/PorCrystalStructures/data/raw_xyz/xyz/porphyrins/AXILEB_2.xyz,metal,NO_METAL
224,/home/shachar/repos/PorCrystalStructures/data/raw_xyz/xyz/porphyrins/AXOFAX_0.xyz,metal,NO_METAL
225,/home/shachar/repos/PorCrystalStructures/data/raw_xyz/xyz/porphyrins/AXOFAX_1.xyz,metal,NO_METAL
226,/home/shachar/repos/PorCrystalStructures/data/raw_xyz/xyz/porphyrins/AXOHAY_0.xyz,topolocial,NOT_A_MONOMER
227,/home/shachar/repos/PorCrystalStructures/data/raw_xyz/xyz/porphyrins/AXOHAY_1.xyz,metal,NO_METAL
228,/home/shachar/repos/PorCrystalStructures/data/raw_xyz/xyz/porphyrins/AXOHEC_0.xyz,topolocial,NOT_CONNECTED_MOLECULE
229,/home/shachar/repos/PorCrystalStructures/data/raw_xyz/xyz/porphyrins/AXOHIG_0.xyz,metal,NO_METAL
230,/home/shachar/repos/PorCrystalStructures/data/raw_xyz/xyz/porphyrins/AXOHIG_1.xyz,metal,NO_METAL
231,/home/shachar/repos/PorCrystalStructures/data/raw_xyz/xyz/porphyrins/AXUWUL_0.xyz,valid,VALID
232,/home/shachar/repos/PorCrystalStructures/data/raw_xyz/xyz/porphyrins/AXUWUL_1.xyz,metal,NO_METAL
233,/home/shachar/repos/PorCrystalStructures/data/raw_xyz/xyz/porphyrins/AXUWUL_2.xyz,metal,NO_METAL
234,/home/shachar/repos/PorCrystalStructures/data/raw_xyz/xyz/porphyrins/AYELAU_0.xyz,metal,NO_METAL
235,/home/shachar/repos/PorCrystalStructures/data/raw_xyz/xyz/porphyrins/AYELAU_1.xyz,metal,NO_METAL
236,/home/shachar/repos/PorCrystalStructures/data/raw_xyz/xyz/porphyrins/AYUWAU_0.xyz,topolocial,HAS_MORE_THAN_4_PYRROLES
237,/home/shachar/repos/PorCrystalStructures/data/raw_xyz/xyz/porphyrins/AYUWAU_1.xyz,metal,NO_METAL
238,/home/shachar/repos/PorCrystalStructures/data/raw_xyz/xyz/porphyrins/AYUWAU_2.xyz,metal,NO_METAL
239,/home/shachar/repos/PorCrystalStructures/data/raw_xyz/xyz/porphyrins/AZABOU_0.xyz,topolocial,NOT_CONNECTED_MOLECULE
240,/home/shachar/repos/PorCrystalStructures/data/raw_xyz/xyz/porphyrins/AZIVEK_0.xyz,valid,VALID
241,/home/shachar/repos/PorCrystalStructures/data/raw_xyz/xyz/porphyrins/BABBOW_0.xyz,charge,COUNTER_MOL_ODD_NUMBER_OF_ELECTRONS
242,/home/shachar/repos/PorCrystalStructures/data/raw_xyz/xyz/porphyrins/BABBOW_1.xyz,metal,NO_METAL
243,/home/shachar/repos/PorCrystalStructures/data/raw_xyz/xyz/porphyrins/BABBOW_2.xyz,metal,NO_METAL
244,/home/shachar/repos/PorCrystalStructures/data/raw_xyz/xyz/porphyrins/BABBOW_3.xyz,metal,NO_METAL
245,/home/shachar/repos/PorCrystalStructures/data/raw_xyz/xyz/porphyrins/BACHIA_0.xyz,metal,NO_METAL
246,/home/shachar/repos/PorCrystalStructures/data/raw_xyz/xyz/porphyrins/BACHIA_1.xyz,metal,NO_METAL
247,/home/shachar/repos/PorCrystalStructures/data/raw_xyz/xyz/porphyrins/BACHIA_2.xyz,metal,NO_METAL
248,/home/shachar/repos/PorCrystalStructures/data/raw_xyz/xyz/porphyrins/BACJIC_0.xyz,topolocial,NOT_CONNECTED_MOLECULE
249,/home/shachar/repos/PorCrystalStructures/data/raw_xyz/xyz/porphyrins/BACJIC_1.xyz,metal,NO_METAL
250,/home/shachar/repos/PorCrystalStructures/data/raw_xyz/xyz/porphyrins/BACLEX_0.xyz,topolocial,NOT_A_MONOMER
251,/home/shachar/repos/PorCrystalStructures/data/raw_xyz/xyz/porphyrins/BACLEX_1.xyz,metal,NO_METAL
252,/home/shachar/repos/PorCrystalStructures/data/raw_xyz/xyz/porphyrins/BACLEX_2.xyz,metal,NO_METAL
253,/home/shachar/repos/PorCrystalStructures/data/raw_xyz/xyz/porphyrins/BACTEE10_0.xyz,metal,NO_METAL
254,/home/shachar/repos/PorCrystalStructures/data/raw_xyz/xyz/porphyrins/BACTEE10_1.xyz,metal,NO_METAL
255,/home/shachar/repos/PorCrystalStructures/data/raw_xyz/xyz/porphyrins/BACTEE20_0.xyz,metal,NO_METAL
256,/home/shachar/repos/PorCrystalStructures/data/raw_xyz/xyz/porphyrins/BACTEE20_1.xyz,metal,NO_METAL
257,/home/shachar/repos/PorCrystalStructures/data/raw_xyz/xyz/porphyrins/BADREE_0.xyz,valid,VALID
258,/home/shachar/repos/PorCrystalStructures/data/raw_xyz/xyz/porphyrins/BADREE_1.xyz,metal,NO_METAL
259,/home/shachar/repos/PorCrystalStructures/data/raw_xyz/xyz/porphyrins/BADREE_2.xyz,metal,NO_METAL
260,/home/shachar/repos/PorCrystalStructures/data/raw_xyz/xyz/porphyrins/BADRII_0.xyz,charge,MOL_ODD_NUMBER_OF_ELECTRONS
261,/home/shachar/repos/PorCrystalStructures/data/raw_xyz/xyz/porphyrins/BADRII_1.xyz,metal,NO_METAL
262,/home/shachar/repos/PorCrystalStructures/data/raw_xyz/xyz/porphyrins/BADROO_0.xyz,topolocial,NOT_CONNECTED_MOLECULE
263,/home/shachar/repos/PorCrystalStructures/data/raw_xyz/xyz/porphyrins/BADROO_1.xyz,metal,NO_METAL
264,/home/shachar/repos/PorCrystalStructures/data/raw_xyz/xyz/porphyrins/BADROO_2.xyz,metal,NO_METAL
265,/home/shachar/repos/PorCrystalStructures/data/raw_xyz/xyz/porphyrins/BAFHID_0.xyz,charge,TOO_LARGE_COUNTER_MOL
266,/home/shachar/repos/PorCrystalStructures/data/raw_xyz/xyz/porphyrins/BAFHID_1.xyz,metal,NO_METAL
267,/home/shachar/repos/PorCrystalStructures/data/raw_xyz/xyz/porphyrins/BAFKEZ_0.xyz,topolocial,NOT_CONNECTED_MOLECULE
268,/home/shachar/repos/PorCrystalStructures/data/raw_xyz/xyz/porphyrins/BALJED_0.xyz,topolocial,NOT_A_MONOMER
269,/home/shachar/repos/PorCrystalStructures/data/raw_xyz/xyz/porphyrins/BALJED_1.xyz,metal,NO_METAL
270,/home/shachar/repos/PorCrystalStructures/data/raw_xyz/xyz/porphyrins/BALJED_2.xyz,metal,NO_METAL
271,/home/shachar/repos/PorCrystalStructures/data/raw_xyz/xyz/porphyrins/BALMEG_0.xyz,topolocial,NOT_CONNECTED_MOLECULE
272,/home/shachar/repos/PorCrystalStructures/data/raw_xyz/xyz/porphyrins/BALMEG_1.xyz,metal,NO_METAL
273,/home/shachar/repos/PorCrystalStructures/data/raw_xyz/xyz/porphyrins/BALROX_0.xyz,metal,NO_METAL
274,/home/shachar/repos/PorCrystalStructures/data/raw_xyz/xyz/porphyrins/BALROX_1.xyz,metal,NO_METAL
275,/home/shachar/repos/PorCrystalStructures/data/raw_xyz/xyz/porphyrins/BAMKEG_0.xyz,charge,MOL_ODD_NUMBER_OF_ELECTRONS
276,/home/shachar/repos/PorCrystalStructures/data/raw_xyz/xyz/porphyrins/BAMKEG_1.xyz,metal,NO_METAL
277,/home/shachar/repos/PorCrystalStructures/data/raw_xyz/xyz/porphyrins/BAQHOQ_0.xyz,topolocial,NOT_SATURATED
278,/home/shachar/repos/PorCrystalStructures/data/raw_xyz/xyz/porphyrins/BAQHOQ_1.xyz,metal,NO_METAL
279,/home/shachar/repos/PorCrystalStructures/data/raw_xyz/xyz/porphyrins/BAQHOQ_2.xyz,metal,NO_METAL
280,/home/shachar/repos/PorCrystalStructures/data/raw_xyz/xyz/porphyrins/BAQPUF_0.xyz,topolocial,NOT_A_MONOMER
281,/home/shachar/repos/PorCrystalStructures/data/raw_xyz/xyz/porphyrins/BAQPUF_1.xyz,metal,NO_METAL
282,/home/shachar/repos/PorCrystalStructures/data/raw_xyz/xyz/porphyrins/BAQRIV_0.xyz,metal,NO_METAL
283,/home/shachar/repos/PorCrystalStructures/data/raw_xyz/xyz/porphyrins/BAQRIV_1.xyz,metal,NO_METAL
284,/home/shachar/repos/PorCrystalStructures/data/raw_xyz/xyz/porphyrins/BAQROB_0.xyz,topolocial,NOT_A_MONOMER
285,/home/shachar/repos/PorCrystalStructures/data/raw_xyz/xyz/porphyrins/BAQROB_1.xyz,metal,NO_METAL
286,/home/shachar/repos/PorCrystalStructures/data/raw_xyz/xyz/porphyrins/BASFAF_0.xyz,topolocial,NOT_CONNECTED_MOLECULE
287,/home/shachar/repos/PorCrystalStructures/data/raw_xyz/xyz/porphyrins/BASFAF_1.xyz,charge,TOO_LARGE_COUNTER_MOL
288,/home/shachar/repos/PorCrystalStructures/data/raw_xyz/xyz/porphyrins/BASFEJ_0.xyz,topolocial,NOT_CONNECTED_MOLECULE
289,/home/shachar/repos/PorCrystalStructures/data/raw_xyz/xyz/porphyrins/BASFEJ_1.xyz,metal,NO_METAL
290,/home/shachar/repos/PorCrystalStructures/data/raw_xyz/xyz/porphyrins/BAVREZ_0.xyz,charge,MOL_ODD_NUMBER_OF_ELECTRONS
291,/home/shachar/repos/PorCrystalStructures/data/raw_xyz/xyz/porphyrins/BAVREZ_1.xyz,metal,NO_METAL
292,/home/shachar/repos/PorCrystalStructures/data/raw_xyz/xyz/porphyrins/BAVXIG_0.xyz,topolocial,BIDENTATE_MACROCYCLE_SUBS
293,/home/shachar/repos/PorCrystalStructures/data/raw_xyz/xyz/porphyrins/BAVXIG_1.xyz,metal,NO_METAL
294,/home/shachar/repos/PorCrystalStructures/data/raw_xyz/xyz/porphyrins/BAVXIG_2.xyz,metal,NO_METAL
295,/home/shachar/repos/PorCrystalStructures/data/raw_xyz/xyz/porphyrins/BAVXIG_3.xyz,metal,NO_METAL
296,/home/shachar/repos/PorCrystalStructures/data/raw_xyz/xyz/porphyrins/BAVXIG_4.xyz,metal,NO_METAL
297,/home/shachar/repos/PorCrystalStructures/data/raw_xyz/xyz/porphyrins/BAWHOX_0.xyz,metal,NO_METAL
298,/home/shachar/repos/PorCrystalStructures/data/raw_xyz/xyz/porphyrins/BAWHOX_1.xyz,metal,NO_METAL
299,/home/shachar/repos/PorCrystalStructures/data/raw_xyz/xyz/porphyrins/BAWJUF_0.xyz,metal,NO_METAL
300,/home/shachar/repos/PorCrystalStructures/data/raw_xyz/xyz/porphyrins/BAXWOQ_0.xyz,metal,NO_METAL
301,/home/shachar/repos/PorCrystalStructures/data/raw_xyz/xyz/porphyrins/BAXWOQ_1.xyz,metal,NO_METAL
302,/home/shachar/repos/PorCrystalStructures/data/raw_xyz/xyz/porphyrins/BAXWOQ_2.xyz,metal,NO_METAL
303,/home/shachar/repos/PorCrystalStructures/data/raw_xyz/xyz/porphyrins/BAYDEL_0.xyz,valid,VALID
304,/home/shachar/repos/PorCrystalStructures/data/raw_xyz/xyz/porphyrins/BAYFAJ_0.xyz,topolocial,NOT_CONNECTED_MOLECULE
305,/home/shachar/repos/PorCrystalStructures/data/raw_xyz/xyz/porphyrins/BAYSOL_0.xyz,metal,NO_METAL
306,/home/shachar/repos/PorCrystalStructures/data/raw_xyz/xyz/porphyrins/BAYSOL_1.xyz,topolocial,NOT_A_MONOMER
307,/home/shachar/repos/PorCrystalStructures/data/raw_xyz/xyz/porphyrins/BAYSUR_0.xyz,topolocial,NOT_A_MONOMER
308,/home/shachar/repos/PorCrystalStructures/data/raw_xyz/xyz/porphyrins/BAYSUR_1.xyz,metal,NO_METAL
309,/home/shachar/repos/PorCrystalStructures/data/raw_xyz/xyz/porphyrins/BAYWOO_0.xyz,topolocial,BIDENTATE_MACROCYCLE_SUBS
310,/home/shachar/repos/PorCrystalStructures/data/raw_xyz/xyz/porphyrins/BEBDOE_0.xyz,charge,MOL_ODD_NUMBER_OF_ELECTRONS
311,/home/shachar/repos/PorCrystalStructures/data/raw_xyz/xyz/porphyrins/BEDCAO_0.xyz,valid,VALID
312,/home/shachar/repos/PorCrystalStructures/data/raw_xyz/xyz/porphyrins/BEDLUU_0.xyz,topolocial,NOT_CONNECTED_MOLECULE
313,/home/shachar/repos/PorCrystalStructures/data/raw_xyz/xyz/porphyrins/BEDLUU_1.xyz,metal,NO_METAL
314,/home/shachar/repos/PorCrystalStructures/data/raw_xyz/xyz/porphyrins/BEDPOS_0.xyz,metal,NO_METAL
315,/home/shachar/repos/PorCrystalStructures/data/raw_xyz/xyz/porphyrins/BEDZUG_0.xyz,charge,MOL_ODD_NUMBER_OF_ELECTRONS
316,/home/shachar/repos/PorCrystalStructures/data/raw_xyz/xyz/porphyrins/BEGLUU_0.xyz,valid,VALID
317,/home/shachar/repos/PorCrystalStructures/data/raw_xyz/xyz/porphyrins/BEGLUU_1.xyz,metal,NO_METAL
318,/home/shachar/repos/PorCrystalStructures/data/raw_xyz/xyz/porphyrins/BEHHAY_0.xyz,metal,NO_METAL
319,/home/shachar/repos/PorCrystalStructures/data/raw_xyz/xyz/porphyrins/BEKLEK01_0.xyz,topolocial,NOT_SATURATED
320,/home/shachar/repos/PorCrystalStructures/data/raw_xyz/xyz/porphyrins/BEMQAM_0.xyz,topolocial,BIDENTATE_MACROCYCLE_SUBS
321,/home/shachar/repos/PorCrystalStructures/data/raw_xyz/xyz/porphyrins/BEMQAM_1.xyz,metal,NO_METAL
322,/home/shachar/repos/PorCrystalStructures/data/raw_xyz/xyz/porphyrins/BEMQEQ_0.xyz,topolocial,BIDENTATE_MACROCYCLE_SUBS
323,/home/shachar/repos/PorCrystalStructures/data/raw_xyz/xyz/porphyrins/BEMQEQ_1.xyz,metal,NO_METAL
324,/home/shachar/repos/PorCrystalStructures/data/raw_xyz/xyz/porphyrins/BENYID_0.xyz,topolocial,NOT_CONNECTED_MOLECULE
325,/home/shachar/repos/PorCrystalStructures/data/raw_xyz/xyz/porphyrins/BEQDAE_0.xyz,topolocial,NOT_CONNECTED_MOLECULE
326,/home/shachar/repos/PorCrystalStructures/data/raw_xyz/xyz/porphyrins/BEQDAE_1.xyz,metal,NO_METAL
327,/home/shachar/repos/PorCrystalStructures/data/raw_xyz/xyz/porphyrins/BERNIY_0.xyz,metal,NO_METAL
328,/home/shachar/repos/PorCrystalStructures/data/raw_xyz/xyz/porphyrins/BERNIY_1.xyz,metal,NO_METAL
329,/home/shachar/repos/PorCrystalStructures/data/raw_xyz/xyz/porphyrins/BERNIY_2.xyz,metal,NO_METAL
330,/home/shachar/repos/PorCrystalStructures/data/raw_xyz/xyz/porphyrins/BESCIN_0.xyz,topolocial,NOT_CONNECTED_MOLECULE
331,/home/shachar/repos/PorCrystalStructures/data/raw_xyz/xyz/porphyrins/BESCIN_1.xyz,metal,NO_METAL
332,/home/shachar/repos/PorCrystalStructures/data/raw_xyz/xyz/porphyrins/BESFOU_0.xyz,topolocial,NOT_SATURATED
333,/home/shachar/repos/PorCrystalStructures/data/raw_xyz/xyz/porphyrins/BESFOU_1.xyz,metal,NO_METAL
334,/home/shachar/repos/PorCrystalStructures/data/raw_xyz/xyz/porphyrins/BESPAS_0.xyz,topolocial,NOT_A_MONOMER
335,/home/shachar/repos/PorCrystalStructures/data/raw_xyz/xyz/porphyrins/BESPIA_0.xyz,topolocial,NOT_A_MONOMER
336,/home/shachar/repos/PorCrystalStructures/data/raw_xyz/xyz/porphyrins/BESPOG_0.xyz,topolocial,NOT_A_MONOMER
337,/home/shachar/repos/PorCrystalStructures/data/raw_xyz/xyz/porphyrins/BESPOG_1.xyz,metal,NO_METAL
338,/home/shachar/repos/PorCrystalStructures/data/raw_xyz/xyz/porphyrins/BEYFOC_0.xyz,charge,COUNTER_MOL_ODD_NUMBER_OF_ELECTRONS
339,/home/shachar/repos/PorCrystalStructures/data/raw_xyz/xyz/porphyrins/BEYFOC_1.xyz,metal,NO_METAL
340,/home/shachar/repos/PorCrystalStructures/data/raw_xyz/xyz/porphyrins/BEYFOC_2.xyz,metal,NO_METAL
341,/home/shachar/repos/PorCrystalStructures/data/raw_xyz/xyz/porphyrins/BEYFOC_3.xyz,metal,NO_METAL
342,/home/shachar/repos/PorCrystalStructures/data/raw_xyz/xyz/porphyrins/BEYFOC_4.xyz,metal,NO_METAL
343,/home/shachar/repos/PorCrystalStructures/data/raw_xyz/xyz/porphyrins/BEYFUI_0.xyz,charge,TOO_LARGE_COUNTER_MOL
344,/home/shachar/repos/PorCrystalStructures/data/raw_xyz/xyz/porphyrins/BEYFUI_1.xyz,metal,NO_METAL
345,/home/shachar/repos/PorCrystalStructures/data/raw_xyz/xyz/porphyrins/BEYXEI_0.xyz,metal,NO_METAL
346,/home/shachar/repos/PorCrystalStructures/data/raw_xyz/xyz/porphyrins/BEZRON01_0.xyz,charge,MOL_ODD_NUMBER_OF_ELECTRONS
347,/home/shachar/repos/PorCrystalStructures/data/raw_xyz/xyz/porphyrins/BEZRON01_1.xyz,metal,NO_METAL
348,/home/shachar/repos/PorCrystalStructures/data/raw_xyz/xyz/porphyrins/BIBLIK_0.xyz,topolocial,NOT_A_MONOMER
349,/home/shachar/repos/PorCrystalStructures/data/raw_xyz/xyz/porphyrins/BIGXEW_0.xyz,metal,NO_METAL
350,/home/shachar/repos/PorCrystalStructures/data/raw_xyz/xyz/porphyrins/BIGXIA_0.xyz,topolocial,NOT_A_MONOMER
351,/home/shachar/repos/PorCrystalStructures/data/raw_xyz/xyz/porphyrins/BIKPAM_0.xyz,topolocial,BIDENTATE_MACROCYCLE_SUBS
352,/home/shachar/repos/PorCrystalStructures/data/raw_xyz/xyz/porphyrins/BIKPAM_1.xyz,metal,NO_METAL
353,/home/shachar/repos/PorCrystalStructures/data/raw_xyz/xyz/porphyrins/BIMDOT_0.xyz,topolocial,NOT_CONNECTED_MOLECULE
354,/home/shachar/repos/PorCrystalStructures/data/raw_xyz/xyz/porphyrins/BIMDOT_1.xyz,metal,NO_METAL
355,/home/shachar/repos/PorCrystalStructures/data/raw_xyz/xyz/porphyrins/BITPFE_0.xyz,valid,VALID
356,/home/shachar/repos/PorCrystalStructures/data/raw_xyz/xyz/porphyrins/BITPFE_1.xyz,metal,NO_METAL
357,/home/shachar/repos/PorCrystalStructures/data/raw_xyz/xyz/porphyrins/BIXSUW01_0.xyz,topolocial,NOT_CONNECTED_MOLECULE
358,/home/shachar/repos/PorCrystalStructures/data/raw_xyz/xyz/porphyrins/BIYJUP01_0.xyz,topolocial,NOT_CONNECTED_MOLECULE
359,/home/shachar/repos/PorCrystalStructures/data/raw_xyz/xyz/porphyrins/BIYJUP02_0.xyz,topolocial,NOT_CONNECTED_MOLECULE
360,/home/shachar/repos/PorCrystalStructures/data/raw_xyz/xyz/porphyrins/BIYJUP03_0.xyz,topolocial,NOT_CONNECTED_MOLECULE
361,/home/shachar/repos/PorCrystalStructures/data/raw_xyz/xyz/porphyrins/BIYJUP_0.xyz,topolocial,NOT_CONNECTED_MOLECULE
362,/home/shachar/repos/PorCrystalStructures/data/raw_xyz/xyz/porphyrins/BIYXIS_0.xyz,valid,VALID
363,/home/shachar/repos/PorCrystalStructures/data/raw_xyz/xyz/porphyrins/BIYXIS_1.xyz,metal,NO_METAL
364,/home/shachar/repos/PorCrystalStructures/data/raw_xyz/xyz/porphyrins/BOBKIN_0.xyz,topolocial,NOT_CONNECTED_MOLECULE
365,/home/shachar/repos/PorCrystalStructures/data/raw_xyz/xyz/porphyrins/BOBKIN_1.xyz,metal,NO_METAL
366,/home/shachar/repos/PorCrystalStructures/data/raw_xyz/xyz/porphyrins/BOBYIA_0.xyz,metal,NO_METAL
367,/home/shachar/repos/PorCrystalStructures/data/raw_xyz/xyz/porphyrins/BOBYIA_1.xyz,metal,NO_METAL
368,/home/shachar/repos/PorCrystalStructures/data/raw_xyz/xyz/porphyrins/BOCGEG_0.xyz,charge,MOL_ODD_NUMBER_OF_ELECTRONS
369,/home/shachar/repos/PorCrystalStructures/data/raw_xyz/xyz/porphyrins/BOCGEG_1.xyz,metal,NO_METAL
370,/home/shachar/repos/PorCrystalStructures/data/raw_xyz/xyz/porphyrins/BOCGEG_2.xyz,metal,NO_METAL
371,/home/shachar/repos/PorCrystalStructures/data/raw_xyz/xyz/porphyrins/BODLEO_0.xyz,topolocial,NOT_A_MONOMER
372,/home/shachar/repos/PorCrystalStructures/data/raw_xyz/xyz/porphyrins/BODLIS_0.xyz,topolocial,NOT_A_MONOMER
373,/home/shachar/repos/PorCrystalStructures/data/raw_xyz/xyz/porphyrins/BODLIS_1.xyz,metal,NO_METAL
374,/home/shachar/repos/PorCrystalStructures/data/raw_xyz/xyz/porphyrins/BOGVUQ_0.xyz,metal,NO_METAL
375,/home/shachar/repos/PorCrystalStructures/data/raw_xyz/xyz/porphyrins/BOGWAX_0.xyz,metal,NO_METAL
376,/home/shachar/repos/PorCrystalStructures/data/raw_xyz/xyz/porphyrins/BOGWAX_1.xyz,metal,NO_METAL
377,/home/shachar/repos/PorCrystalStructures/data/raw_xyz/xyz/porphyrins/BOGWIF_0.xyz,metal,NO_METAL
378,/home/shachar/repos/PorCrystalStructures/data/raw_xyz/xyz/porphyrins/BOGWIF_1.xyz,metal,NO_METAL
379,/home/shachar/repos/PorCrystalStructures/data/raw_xyz/xyz/porphyrins/BOHNUK_0.xyz,valid,VALID
380,/home/shachar/repos/PorCrystalStructures/data/raw_xyz/xyz/porphyrins/BOHNUK_1.xyz,metal,NO_METAL
381,/home/shachar/repos/PorCrystalStructures/data/raw_xyz/xyz/porphyrins/BOHYOM_0.xyz,metal,NO_METAL
382,/home/shachar/repos/PorCrystalStructures/data/raw_xyz/xyz/porphyrins/BOJTIG_0.xyz,topolocial,BIDENTATE_MACROCYCLE_SUBS
383,/home/shachar/repos/PorCrystalStructures/data/raw_xyz/xyz/porphyrins/BOJTIG_1.xyz,metal,NO_METAL
384,/home/shachar/repos/PorCrystalStructures/data/raw_xyz/xyz/porphyrins/BOJTIG_2.xyz,metal,NO_METAL
385,/home/shachar/repos/PorCrystalStructures/data/raw_xyz/xyz/porphyrins/BOJTOM_0.xyz,topolocial,NOT_CONNECTED_MOLECULE
386,/home/shachar/repos/PorCrystalStructures/data/raw_xyz/xyz/porphyrins/BOJTOM_1.xyz,metal,NO_METAL
387,/home/shachar/repos/PorCrystalStructures/data/raw_xyz/xyz/porphyrins/BONJIA_0.xyz,metal,NO_METAL
388,/home/shachar/repos/PorCrystalStructures/data/raw_xyz/xyz/porphyrins/BONJOE_0.xyz,topolocial,NOT_CONNECTED_MOLECULE
389,/home/shachar/repos/PorCrystalStructures/data/raw_xyz/xyz/porphyrins/BONJOG_0.xyz,metal,NO_METAL
390,/home/shachar/repos/PorCrystalStructures/data/raw_xyz/xyz/porphyrins/BONJOG_1.xyz,metal,NO_METAL
391,/home/shachar/repos/PorCrystalStructures/data/raw_xyz/xyz/porphyrins/BONJOG_2.xyz,metal,NO_METAL
392,/home/shachar/repos/PorCrystalStructures/data/raw_xyz/xyz/porphyrins/BONJOG_3.xyz,metal,NO_METAL
393,/home/shachar/repos/PorCrystalStructures/data/raw_xyz/xyz/porphyrins/BONWEG01_0.xyz,charge,MOL_ODD_NUMBER_OF_ELECTRONS
394,/home/shachar/repos/PorCrystalStructures/data/raw_xyz/xyz/porphyrins/BONWEG_0.xyz,charge,MOL_ODD_NUMBER_OF_ELECTRONS
395,/home/shachar/repos/PorCrystalStructures/data/raw_xyz/xyz/porphyrins/BOPHOD01_0.xyz,topolocial,NOT_A_MONOMER
396,/home/shachar/repos/PorCrystalStructures/data/raw_xyz/xyz/porphyrins/BOQPIG_0.xyz,topolocial,NOT_CONNECTED_MOLECULE
397,/home/shachar/repos/PorCrystalStructures/data/raw_xyz/xyz/porphyrins/BOQPIG_1.xyz,metal,NO_METAL
398,/home/shachar/repos/PorCrystalStructures/data/raw_xyz/xyz/porphyrins/BORJEY_0.xyz,valid,VALID
399,/home/shachar/repos/PorCrystalStructures/data/raw_xyz/xyz/porphyrins/BORJIC_0.xyz,valid,VALID
400,/home/shachar/repos/PorCrystalStructures/data/raw_xyz/xyz/porphyrins/BORJIC_1.xyz,metal,NO_METAL
401,/home/shachar/repos/PorCrystalStructures/data/raw_xyz/xyz/porphyrins/BORJOI_0.xyz,valid,VALID
402,/home/shachar/repos/PorCrystalStructures/data/raw_xyz/xyz/porphyrins/BORKEZ_0.xyz,valid,VALID
403,/home/shachar/repos/PorCrystalStructures/data/raw_xyz/xyz/porphyrins/BOSLOL_0.xyz,topolocial,NOT_CONNECTED_MOLECULE
404,/home/shachar/repos/PorCrystalStructures/data/raw_xyz/xyz/porphyrins/BOSLOL_1.xyz,metal,NO_METAL
405,/home/shachar/repos/PorCrystalStructures/data/raw_xyz/xyz/porphyrins/BOSLOL_2.xyz,metal,NO_METAL
406,/home/shachar/repos/PorCrystalStructures/data/raw_xyz/xyz/porphyrins/BOZDAY_0.xyz,metal,NO_METAL
407,/home/shachar/repos/PorCrystalStructures/data/raw_xyz/xyz/porphyrins/BOZDAY_1.xyz,metal,NO_METAL
408,/home/shachar/repos/PorCrystalStructures/data/raw_xyz/xyz/porphyrins/BTPPFE_0.xyz,topolocial,NOT_SATURATED
409,/home/shachar/repos/PorCrystalStructures/data/raw_xyz/xyz/porphyrins/BUCTOJ_0.xyz,metal,NO_METAL
410,/home/shachar/repos/PorCrystalStructures/data/raw_xyz/xyz/porphyrins/BUFMUN_0.xyz,valid,VALID
411,/home/shachar/repos/PorCrystalStructures/data/raw_xyz/xyz/porphyrins/BUFMUN_1.xyz,metal,NO_METAL
412,/home/shachar/repos/PorCrystalStructures/data/raw_xyz/xyz/porphyrins/BUFREB_0.xyz,topolocial,NOT_A_MONOMER
413,/home/shachar/repos/PorCrystalStructures/data/raw_xyz/xyz/porphyrins/BUFREB_1.xyz,metal,NO_METAL
414,/home/shachar/repos/PorCrystalStructures/data/raw_xyz/xyz/porphyrins/BUFREB_2.xyz,metal,NO_METAL
415,/home/shachar/repos/PorCrystalStructures/data/raw_xyz/xyz/porphyrins/BUGJIX_0.xyz,valid,VALID
416,/home/shachar/repos/PorCrystalStructures/data/raw_xyz/xyz/porphyrins/BUGJIX_1.xyz,metal,NO_METAL
417,/home/shachar/repos/PorCrystalStructures/data/raw_xyz/xyz/porphyrins/BUGJOD_0.xyz,topolocial,NOT_CONNECTED_MOLECULE
418,/home/shachar/repos/PorCrystalStructures/data/raw_xyz/xyz/porphyrins/BUJGES_0.xyz,topolocial,NOT_A_MONOMER
419,/home/shachar/repos/PorCrystalStructures/data/raw_xyz/xyz/porphyrins/BUJGES_1.xyz,metal,NO_METAL
420,/home/shachar/repos/PorCrystalStructures/data/raw_xyz/xyz/porphyrins/BULXIP_0.xyz,topolocial,NOT_SATURATED
421,/home/shachar/repos/PorCrystalStructures/data/raw_xyz/xyz/porphyrins/BUSFON_0.xyz,valid,VALID
422,/home/shachar/repos/PorCrystalStructures/data/raw_xyz/xyz/porphyrins/BUSFON_1.xyz,metal,NO_METAL
423,/home/shachar/repos/PorCrystalStructures/data/raw_xyz/xyz/porphyrins/BUVKOV_0.xyz,valid,VALID
424,/home/shachar/repos/PorCrystalStructures/data/raw_xyz/xyz/porphyrins/BUXVOG_0.xyz,valid,VALID
425,/home/shachar/repos/PorCrystalStructures/data/raw_xyz/xyz/porphyrins/BUZGEK_0.xyz,topolocial,DOESNT_HAVE_METAL
426,/home/shachar/repos/PorCrystalStructures/data/raw_xyz/xyz/porphyrins/BUZNER_0.xyz,topolocial,NOT_CONNECTED_MOLECULE
427,/home/shachar/repos/PorCrystalStructures/data/raw_xyz/xyz/porphyrins/CACKEA_0.xyz,topolocial,NOT_CONNECTED_MOLECULE
428,/home/shachar/repos/PorCrystalStructures/data/raw_xyz/xyz/porphyrins/CACKEA_1.xyz,metal,NO_METAL
429,/home/shachar/repos/PorCrystalStructures/data/raw_xyz/xyz/porphyrins/CACKEA_2.xyz,metal,NO_METAL
430,/home/shachar/repos/PorCrystalStructures/data/raw_xyz/xyz/porphyrins/CACKEA_3.xyz,metal,NO_METAL
431,/home/shachar/repos/PorCrystalStructures/data/raw_xyz/xyz/porphyrins/CADCET_0.xyz,topolocial,NOT_CONNECTED_MOLECULE
432,/home/shachar/repos/PorCrystalStructures/data/raw_xyz/xyz/porphyrins/CADCET_1.xyz,metal,NO_METAL
433,/home/shachar/repos/PorCrystalStructures/data/raw_xyz/xyz/porphyrins/CADCET_2.xyz,metal,NO_METAL
434,/home/shachar/repos/PorCrystalStructures/data/raw_xyz/xyz/porphyrins/CADDUJ_0.xyz,topolocial,NOT_SATURATED
435,/home/shachar/repos/PorCrystalStructures/data/raw_xyz/xyz/porphyrins/CADVUC_0.xyz,topolocial,NOT_CONNECTED_MOLECULE
436,/home/shachar/repos/PorCrystalStructures/data/raw_xyz/xyz/porphyrins/CADVUC_1.xyz,metal,NO_METAL
437,/home/shachar/repos/PorCrystalStructures/data/raw_xyz/xyz/porphyrins/CAFBAN_0.xyz,topolocial,NOT_CONNECTED_MOLECULE
438,/home/shachar/repos/PorCrystalStructures/data/raw_xyz/xyz/porphyrins/CAGKEB_0.xyz,metal,NO_METAL
439,/home/shachar/repos/PorCrystalStructures/data/raw_xyz/xyz/porphyrins/CAGKEB_1.xyz,metal,NO_METAL
440,/home/shachar/repos/PorCrystalStructures/data/raw_xyz/xyz/porphyrins/CAGKEB_2.xyz,metal,NO_METAL
441,/home/shachar/repos/PorCrystalStructures/data/raw_xyz/xyz/porphyrins/CAGKOL_0.xyz,metal,NO_METAL
442,/home/shachar/repos/PorCrystalStructures/data/raw_xyz/xyz/porphyrins/CAHCOH_0.xyz,valid,VALID
443,/home/shachar/repos/PorCrystalStructures/data/raw_xyz/xyz/porphyrins/CAHCOH_1.xyz,metal,NO_METAL
444,/home/shachar/repos/PorCrystalStructures/data/raw_xyz/xyz/porphyrins/CAHYUH_0.xyz,topolocial,NOT_CONNECTED_MOLECULE
445,/home/shachar/repos/PorCrystalStructures/data/raw_xyz/xyz/porphyrins/CAHYUH_1.xyz,metal,NO_METAL
446,/home/shachar/repos/PorCrystalStructures/data/raw_xyz/xyz/porphyrins/CAKMAC10_0.xyz,topolocial,BIDENTATE_MACROCYCLE_SUBS
447,/home/shachar/repos/PorCrystalStructures/data/raw_xyz/xyz/porphyrins/CAKMAC10_1.xyz,metal,NO_METAL
448,/home/shachar/repos/PorCrystalStructures/data/raw_xyz/xyz/porphyrins/CAKQEK_0.xyz,topolocial,NOT_A_MONOMER
449,/home/shachar/repos/PorCrystalStructures/data/raw_xyz/xyz/porphyrins/CALGAX01_0.xyz,charge,MOL_ODD_NUMBER_OF_ELECTRONS
450,/home/shachar/repos/PorCrystalStructures/data/raw_xyz/xyz/porphyrins/CALGAX_0.xyz,topolocial,NOT_SATURATED
451,/home/shachar/repos/PorCrystalStructures/data/raw_xyz/xyz/porphyrins/CALHON_0.xyz,charge,COUNTER_MOL_ODD_NUMBER_OF_ELECTRONS
452,/home/shachar/repos/PorCrystalStructures/data/raw_xyz/xyz/porphyrins/CALHON_1.xyz,metal,NO_METAL
453,/home/shachar/repos/PorCrystalStructures/data/raw_xyz/xyz/porphyrins/CALHON_2.xyz,metal,NO_METAL
454,/home/shachar/repos/PorCrystalStructures/data/raw_xyz/xyz/porphyrins/CALHON_3.xyz,metal,NO_METAL
455,/home/shachar/repos/PorCrystalStructures/data/raw_xyz/xyz/porphyrins/CALHON_4.xyz,metal,NO_METAL
456,/home/shachar/repos/PorCrystalStructures/data/raw_xyz/xyz/porphyrins/CALHON_5.xyz,metal,NO_METAL
457,/home/shachar/repos/PorCrystalStructures/data/raw_xyz/xyz/porphyrins/CAQMUF_0.xyz,valid,VALID
458,/home/shachar/repos/PorCrystalStructures/data/raw_xyz/xyz/porphyrins/CAQMUF_1.xyz,metal,NO_METAL
459,/home/shachar/repos/PorCrystalStructures/data/raw_xyz/xyz/porphyrins/CAQNEO_0.xyz,valid,VALID
460,/home/shachar/repos/PorCrystalStructures/data/raw_xyz/xyz/porphyrins/CAQNEO_1.xyz,metal,NO_METAL
461,/home/shachar/repos/PorCrystalStructures/data/raw_xyz/xyz/porphyrins/CAQYUP_0.xyz,charge,COUNTER_MOL_ODD_NUMBER_OF_ELECTRONS
462,/home/shachar/repos/PorCrystalStructures/data/raw_xyz/xyz/porphyrins/CAQYUP_1.xyz,charge,MOL_ODD_NUMBER_OF_ELECTRONS
463,/home/shachar/repos/PorCrystalStructures/data/raw_xyz/xyz/porphyrins/CAQYUP_2.xyz,metal,NO_METAL
464,/home/shachar/repos/PorCrystalStructures/data/raw_xyz/xyz/porphyrins/CARSOG_0.xyz,topolocial,NOT_CONNECTED_MOLECULE
465,/home/shachar/repos/PorCrystalStructures/data/raw_xyz/xyz/porphyrins/CARSOG_1.xyz,metal,NO_METAL
466,/home/shachar/repos/PorCrystalStructures/data/raw_xyz/xyz/porphyrins/CASNOC_0.xyz,valid,VALID
467,/home/shachar/repos/PorCrystalStructures/data/raw_xyz/xyz/porphyrins/CATMAO_0.xyz,topolocial,NOT_CONNECTED_MOLECULE
468,/home/shachar/repos/PorCrystalStructures/data/raw_xyz/xyz/porphyrins/CATMAO_1.xyz,metal,NO_METAL
469,/home/shachar/repos/PorCrystalStructures/data/raw_xyz/xyz/porphyrins/CATMAO_2.xyz,metal,NO_METAL
470,/home/shachar/repos/PorCrystalStructures/data/raw_xyz/xyz/porphyrins/CATRAR_0.xyz,topolocial,NOT_CONNECTED_MOLECULE
471,/home/shachar/repos/PorCrystalStructures/data/raw_xyz/xyz/porphyrins/CATRAR_1.xyz,metal,NO_METAL
472,/home/shachar/repos/PorCrystalStructures/data/raw_xyz/xyz/porphyrins/CATRAR_2.xyz,metal,NO_METAL
473,/home/shachar/repos/PorCrystalStructures/data/raw_xyz/xyz/porphyrins/CATYEE_0.xyz,valid,VALID
474,/home/shachar/repos/PorCrystalStructures/data/raw_xyz/xyz/porphyrins/CATYEE_1.xyz,metal,NO_METAL
475,/home/shachar/repos/PorCrystalStructures/data/raw_xyz/xyz/porphyrins/CAVKUJ_0.xyz,topolocial,NOT_CONNECTED_MOLECULE
476,/home/shachar/repos/PorCrystalStructures/data/raw_xyz/xyz/porphyrins/CAVLAQ_0.xyz,charge,MOL_ODD_NUMBER_OF_ELECTRONS
477,/home/shachar/repos/PorCrystalStructures/data/raw_xyz/xyz/porphyrins/CAWVIG_0.xyz,metal,NO_METAL
478,/home/shachar/repos/PorCrystalStructures/data/raw_xyz/xyz/porphyrins/CAWXUU_0.xyz,topolocial,PYRROLE_NOT_BOUND_TO_METAL
479,/home/shachar/repos/PorCrystalStructures/data/raw_xyz/xyz/porphyrins/CAXHAK_0.xyz,metal,NO_METAL
480,/home/shachar/repos/PorCrystalStructures/data/raw_xyz/xyz/porphyrins/CAXHAK_1.xyz,topolocial,NOT_CONNECTED_MOLECULE
481,/home/shachar/repos/PorCrystalStructures/data/raw_xyz/xyz/porphyrins/CAYZUY_0.xyz,metal,NO_METAL
482,/home/shachar/repos/PorCrystalStructures/data/raw_xyz/xyz/porphyrins/CEBMAZ_0.xyz,valid,VALID
483,/home/shachar/repos/PorCrystalStructures/data/raw_xyz/xyz/porphyrins/CEFKOP_0.xyz,charge,MOL_ODD_NUMBER_OF_ELECTRONS
484,/home/shachar/repos/PorCrystalStructures/data/raw_xyz/xyz/porphyrins/CEFKOP_1.xyz,metal,NO_METAL
485,/home/shachar/repos/PorCrystalStructures/data/raw_xyz/xyz/porphyrins/CEFKOP_2.xyz,topolocial,NOT_A_MONOMER
486,/home/shachar/repos/PorCrystalStructures/data/raw_xyz/xyz/porphyrins/CEHPOX_0.xyz,metal,NO_METAL
487,/home/shachar/repos/PorCrystalStructures/data/raw_xyz/xyz/porphyrins/CEHVIX_0.xyz,valid,VALID
488,/home/shachar/repos/PorCrystalStructures/data/raw_xyz/xyz/porphyrins/CEHVIX_1.xyz,metal,NO_METAL
489,/home/shachar/repos/PorCrystalStructures/data/raw_xyz/xyz/porphyrins/CEHVUJ_0.xyz,valid,VALID
490,/home/shachar/repos/PorCrystalStructures/data/raw_xyz/xyz/porphyrins/CEHVUJ_1.xyz,metal,NO_METAL
491,/home/shachar/repos/PorCrystalStructures/data/raw_xyz/xyz/porphyrins/CELCOO_0.xyz,metal,NO_METAL
492,/home/shachar/repos/PorCrystalStructures/data/raw_xyz/xyz/porphyrins/CELCOO_1.xyz,metal,NO_METAL
493,/home/shachar/repos/PorCrystalStructures/data/raw_xyz/xyz/porphyrins/CELCOO_2.xyz,metal,NO_METAL
494,/home/shachar/repos/PorCrystalStructures/data/raw_xyz/xyz/porphyrins/CELCOO_3.xyz,metal,NO_METAL
495,/home/shachar/repos/PorCrystalStructures/data/raw_xyz/xyz/porphyrins/CELCUU_0.xyz,metal,NO_METAL
496,/home/shachar/repos/PorCrystalStructures/data/raw_xyz/xyz/porphyrins/CELTIW_0.xyz,charge,MOL_ODD_NUMBER_OF_ELECTRONS
497,/home/shachar/repos/PorCrystalStructures/data/raw_xyz/xyz/porphyrins/CELTIW_1.xyz,metal,NO_METAL
498,/home/shachar/repos/PorCrystalStructures/data/raw_xyz/xyz/porphyrins/CELTIW_2.xyz,metal,NO_METAL
499,/home/shachar/repos/PorCrystalStructures/data/raw_xyz/xyz/porphyrins/CELVUK_0.xyz,charge,MOL_ODD_NUMBER_OF_ELECTRONS
500,/home/shachar/repos/PorCrystalStructures/data/raw_xyz/xyz/porphyrins/CELVUK_1.xyz,metal,NO_METAL
501,/home/shachar/repos/PorCrystalStructures/data/raw_xyz/xyz/porphyrins/CELVUK_2.xyz,metal,NO_METAL
502,/home/shachar/repos/PorCrystalStructures/data/raw_xyz/xyz/porphyrins/CELWAR_0.xyz,charge,TOO_LARGE_COUNTER_MOL
503,/home/shachar/repos/PorCrystalStructures/data/raw_xyz/xyz/porphyrins/CELWAR_1.xyz,metal,NO_METAL
504,/home/shachar/repos/PorCrystalStructures/data/raw_xyz/xyz/porphyrins/CELWAR_2.xyz,metal,NO_METAL
505,/home/shachar/repos/PorCrystalStructures/data/raw_xyz/xyz/porphyrins/CELWAR_3.xyz,metal,NO_METAL
506,/home/shachar/repos/PorCrystalStructures/data/raw_xyz/xyz/porphyrins/CELYEX_0.xyz,charge,MOL_ODD_NUMBER_OF_ELECTRONS
507,/home/shachar/repos/PorCrystalStructures/data/raw_xyz/xyz/porphyrins/CELYEX_1.xyz,metal,NO_METAL
508,/home/shachar/repos/PorCrystalStructures/data/raw_xyz/xyz/porphyrins/CELYEX_2.xyz,metal,NO_METAL
509,/home/shachar/repos/PorCrystalStructures/data/raw_xyz/xyz/porphyrins/CELYEX_3.xyz,metal,NO_METAL
510,/home/shachar/repos/PorCrystalStructures/data/raw_xyz/xyz/porphyrins/CELYIB_0.xyz,topolocial,NOT_CONNECTED_MOLECULE
511,/home/shachar/repos/PorCrystalStructures/data/raw_xyz/xyz/porphyrins/CELYIB_1.xyz,metal,NO_METAL
512,/home/shachar/repos/PorCrystalStructures/data/raw_xyz/xyz/porphyrins/CELYIB_2.xyz,metal,NO_METAL
513,/home/shachar/repos/PorCrystalStructures/data/raw_xyz/xyz/porphyrins/CELYIB_3.xyz,metal,NO_METAL
514,/home/shachar/repos/PorCrystalStructures/data/raw_xyz/xyz/porphyrins/CEPBAB_0.xyz,topolocial,NOT_CONNECTED_MOLECULE
515,/home/shachar/repos/PorCrystalStructures/data/raw_xyz/xyz/porphyrins/CEPBAB_1.xyz,metal,NO_METAL
516,/home/shachar/repos/PorCrystalStructures/data/raw_xyz/xyz/porphyrins/CEPBAB_2.xyz,metal,NO_METAL
517,/home/shachar/repos/PorCrystalStructures/data/raw_xyz/xyz/porphyrins/CEPJUE_0.xyz,topolocial,NOT_CONNECTED_MOLECULE
518,/home/shachar/repos/PorCrystalStructures/data/raw_xyz/xyz/porphyrins/CEPJUE_1.xyz,metal,NO_METAL
519,/home/shachar/repos/PorCrystalStructures/data/raw_xyz/xyz/porphyrins/CEPJUE_2.xyz,metal,NO_METAL
520,/home/shachar/repos/PorCrystalStructures/data/raw_xyz/xyz/porphyrins/CEQJOY_0.xyz,topolocial,HAS_MORE_THAN_4_PYRROLES
521,/home/shachar/repos/PorCrystalStructures/data/raw_xyz/xyz/porphyrins/CEQJOY_1.xyz,metal,NO_METAL
522,/home/shachar/repos/PorCrystalStructures/data/raw_xyz/xyz/porphyrins/CEQJOY_2.xyz,metal,NO_METAL
523,/home/shachar/repos/PorCrystalStructures/data/raw_xyz/xyz/porphyrins/CEQMAM_0.xyz,metal,NO_METAL
524,/home/shachar/repos/PorCrystalStructures/data/raw_xyz/xyz/porphyrins/CETWON_0.xyz,valid,VALID
525,/home/shachar/repos/PorCrystalStructures/data/raw_xyz/xyz/porphyrins/CEWSII_0.xyz,topolocial,NOT_CONNECTED_MOLECULE
526,/home/shachar/repos/PorCrystalStructures/data/raw_xyz/xyz/porphyrins/CEWSII_1.xyz,metal,NO_METAL
527,/home/shachar/repos/PorCrystalStructures/data/raw_xyz/xyz/porphyrins/CEWSII_2.xyz,metal,NO_METAL
528,/home/shachar/repos/PorCrystalStructures/data/raw_xyz/xyz/porphyrins/CEXQOO_0.xyz,metal,NO_METAL
529,/home/shachar/repos/PorCrystalStructures/data/raw_xyz/xyz/porphyrins/CEXRAA_0.xyz,topolocial,NOT_CONNECTED_MOLECULE
530,/home/shachar/repos/PorCrystalStructures/data/raw_xyz/xyz/porphyrins/CEXRAA_1.xyz,metal,NO_METAL
531,/home/shachar/repos/PorCrystalStructures/data/raw_xyz/xyz/porphyrins/CEXRAA_2.xyz,metal,NO_METAL
532,/home/shachar/repos/PorCrystalStructures/data/raw_xyz/xyz/porphyrins/CEXRAA_3.xyz,metal,NO_METAL
533,/home/shachar/repos/PorCrystalStructures/data/raw_xyz/xyz/porphyrins/CEXRAB_0.xyz,topolocial,NOT_A_MONOMER
534,/home/shachar/repos/PorCrystalStructures/data/raw_xyz/xyz/porphyrins/CEYCIV_0.xyz,charge,TOO_LARGE_COUNTER_MOL
535,/home/shachar/repos/PorCrystalStructures/data/raw_xyz/xyz/porphyrins/CEYCIV_1.xyz,metal,NO_METAL
536,/home/shachar/repos/PorCrystalStructures/data/raw_xyz/xyz/porphyrins/CEZGIA_0.xyz,metal,NO_METAL
537,/home/shachar/repos/PorCrystalStructures/data/raw_xyz/xyz/porphyrins/CEZGUM_0.xyz,metal,NO_METAL
538,/home/shachar/repos/PorCrystalStructures/data/raw_xyz/xyz/porphyrins/CEZGUM_1.xyz,metal,NO_METAL
539,/home/shachar/repos/PorCrystalStructures/data/raw_xyz/xyz/porphyrins/CEZGUM_2.xyz,metal,NO_METAL
540,/home/shachar/repos/PorCrystalStructures/data/raw_xyz/xyz/porphyrins/CEZKEX01_0.xyz,valid,VALID
541,/home/shachar/repos/PorCrystalStructures/data/raw_xyz/xyz/porphyrins/CHEMIN01_0.xyz,charge,COUNTER_MOL_ODD_NUMBER_OF_ELECTRONS
542,/home/shachar/repos/PorCrystalStructures/data/raw_xyz/xyz/porphyrins/CHEMIN01_1.xyz,metal,NO_METAL
543,/home/shachar/repos/PorCrystalStructures/data/raw_xyz/xyz/porphyrins/CHEMIN02_0.xyz,topolocial,NOT_SATURATED
544,/home/shachar/repos/PorCrystalStructures/data/raw_xyz/xyz/porphyrins/CHEMIN_0.xyz,valence,BAD VALENCE
545,/home/shachar/repos/PorCrystalStructures/data/raw_xyz/xyz/porphyrins/CIBTIS_0.xyz,valid,VALID
546,/home/shachar/repos/PorCrystalStructures/data/raw_xyz/xyz/porphyrins/CICQAG_0.xyz,valid,VALID
547,/home/shachar/repos/PorCrystalStructures/data/raw_xyz/xyz/porphyrins/CIFHIJ_0.xyz,topolocial,NOT_CONNECTED_MOLECULE
548,/home/shachar/repos/PorCrystalStructures/data/raw_xyz/xyz/porphyrins/CIFHIJ_1.xyz,metal,NO_METAL
549,/home/shachar/repos/PorCrystalStructures/data/raw_xyz/xyz/porphyrins/CIFHIJ_2.xyz,metal,NO_METAL
550,/home/shachar/repos/PorCrystalStructures/data/raw_xyz/xyz/porphyrins/CIFHUV_0.xyz,topolocial,BIDENTATE_MACROCYCLE_SUBS
551,/home/shachar/repos/PorCrystalStructures/data/raw_xyz/xyz/porphyrins/CIFHUV_1.xyz,metal,NO_METAL
552,/home/shachar/repos/PorCrystalStructures/data/raw_xyz/xyz/porphyrins/CIFHUV_2.xyz,metal,NO_METAL
553,/home/shachar/repos/PorCrystalStructures/data/raw_xyz/xyz/porphyrins/CIHXOI_0.xyz,charge,MOL_ODD_NUMBER_OF_ELECTRONS
554,/home/shachar/repos/PorCrystalStructures/data/raw_xyz/xyz/porphyrins/CIKYUQ_0.xyz,topolocial,NOT_SATURATED
555,/home/shachar/repos/PorCrystalStructures/data/raw_xyz/xyz/porphyrins/CILTIB_0.xyz,topolocial,NOT_A_MONOMER
556,/home/shachar/repos/PorCrystalStructures/data/raw_xyz/xyz/porphyrins/CILTIB_1.xyz,metal,NO_METAL
557,/home/shachar/repos/PorCrystalStructures/data/raw_xyz/xyz/porphyrins/CILTIB_2.xyz,metal,NO_METAL
558,/home/shachar/repos/PorCrystalStructures/data/raw_xyz/xyz/porphyrins/CILTIB_3.xyz,metal,NO_METAL
559,/home/shachar/repos/PorCrystalStructures/data/raw_xyz/xyz/porphyrins/CILTOH_0.xyz,topolocial,NOT_A_MONOMER
560,/home/shachar/repos/PorCrystalStructures/data/raw_xyz/xyz/porphyrins/CILTOH_1.xyz,topolocial,NOT_A_MONOMER
561,/home/shachar/repos/PorCrystalStructures/data/raw_xyz/xyz/porphyrins/CILTOH_2.xyz,metal,NO_METAL
562,/home/shachar/repos/PorCrystalStructures/data/raw_xyz/xyz/porphyrins/CILTOH_3.xyz,metal,NO_METAL
563,/home/shachar/repos/PorCrystalStructures/data/raw_xyz/xyz/porphyrins/CILWEA_0.xyz,topolocial,NOT_CONNECTED_MOLECULE
564,/home/shachar/repos/PorCrystalStructures/data/raw_xyz/xyz/porphyrins/CILWEA_1.xyz,metal,NO_METAL
565,/home/shachar/repos/PorCrystalStructures/data/raw_xyz/xyz/porphyrins/CIPLAO_0.xyz,topolocial,NOT_SATURATED
566,/home/shachar/repos/PorCrystalStructures/data/raw_xyz/xyz/porphyrins/CIRDAI_0.xyz,charge,MOL_ODD_NUMBER_OF_ELECTRONS
567,/home/shachar/repos/PorCrystalStructures/data/raw_xyz/xyz/porphyrins/CIRKIX_0.xyz,topolocial,NOT_A_MONOMER
568,/home/shachar/repos/PorCrystalStructures/data/raw_xyz/xyz/porphyrins/CIRKIX_1.xyz,metal,NO_METAL
569,/home/shachar/repos/PorCrystalStructures/data/raw_xyz/xyz/porphyrins/CIRZIN_0.xyz,topolocial,NOT_CONNECTED_MOLECULE
570,/home/shachar/repos/PorCrystalStructures/data/raw_xyz/xyz/porphyrins/CIVJIC_0.xyz,topolocial,NOT_CONNECTED_MOLECULE
571,/home/shachar/repos/PorCrystalStructures/data/raw_xyz/xyz/porphyrins/CIVJOI_0.xyz,topolocial,NOT_CONNECTED_MOLECULE
572,/home/shachar/repos/PorCrystalStructures/data/raw_xyz/xyz/porphyrins/CIVJOI_1.xyz,metal,NO_METAL
573,/home/shachar/repos/PorCrystalStructures/data/raw_xyz/xyz/porphyrins/CMOTTP10_0.xyz,topolocial,NOT_SATURATED
574,/home/shachar/repos/PorCrystalStructures/data/raw_xyz/xyz/porphyrins/CMOTTP10_1.xyz,metal,NO_METAL
575,/home/shachar/repos/PorCrystalStructures/data/raw_xyz/xyz/porphyrins/CMOTTP10_2.xyz,metal,NO_METAL
576,/home/shachar/repos/PorCrystalStructures/data/raw_xyz/xyz/porphyrins/COBCAY_0.xyz,metal,NO_METAL
577,/home/shachar/repos/PorCrystalStructures/data/raw_xyz/xyz/porphyrins/COGTEA_0.xyz,metal,NO_METAL
578,/home/shachar/repos/PorCrystalStructures/data/raw_xyz/xyz/porphyrins/COGTEA_1.xyz,metal,NO_METAL
579,/home/shachar/repos/PorCrystalStructures/data/raw_xyz/xyz/porphyrins/COGTIE_0.xyz,metal,NO_METAL
580,/home/shachar/repos/PorCrystalStructures/data/raw_xyz/xyz/porphyrins/COGTIE_1.xyz,metal,NO_METAL
581,/home/shachar/repos/PorCrystalStructures/data/raw_xyz/xyz/porphyrins/COLNIA_0.xyz,topolocial,NOT_A_MONOMER
582,/home/shachar/repos/PorCrystalStructures/data/raw_xyz/xyz/porphyrins/COLREA_0.xyz,metal,NO_METAL
583,/home/shachar/repos/PorCrystalStructures/data/raw_xyz/xyz/porphyrins/COLREA_1.xyz,metal,NO_METAL
584,/home/shachar/repos/PorCrystalStructures/data/raw_xyz/xyz/porphyrins/COMKEX_0.xyz,charge,MOL_ODD_NUMBER_OF_ELECTRONS
585,/home/shachar/repos/PorCrystalStructures/data/raw_xyz/xyz/porphyrins/COMKEX_1.xyz,metal,NO_METAL
586,/home/shachar/repos/PorCrystalStructures/data/raw_xyz/xyz/porphyrins/COMKEX_2.xyz,metal,NO_METAL
587,/home/shachar/repos/PorCrystalStructures/data/raw_xyz/xyz/porphyrins/CONQOL_0.xyz,valid,VALID
588,/home/shachar/repos/PorCrystalStructures/data/raw_xyz/xyz/porphyrins/CONQOL_1.xyz,metal,NO_METAL
589,/home/shachar/repos/PorCrystalStructures/data/raw_xyz/xyz/porphyrins/CONQOL_2.xyz,metal,NO_METAL
590,/home/shachar/repos/PorCrystalStructures/data/raw_xyz/xyz/porphyrins/CORCOP_0.xyz,topolocial,NOT_SATURATED
591,/home/shachar/repos/PorCrystalStructures/data/raw_xyz/xyz/porphyrins/CORNAY_0.xyz,topolocial,NOT_SATURATED
592,/home/shachar/repos/PorCrystalStructures/data/raw_xyz/xyz/porphyrins/CORNAY_1.xyz,metal,NO_METAL
593,/home/shachar/repos/PorCrystalStructures/data/raw_xyz/xyz/porphyrins/COSNIJ_0.xyz,metal,NO_METAL
594,/home/shachar/repos/PorCrystalStructures/data/raw_xyz/xyz/porphyrins/COSNIJ_1.xyz,metal,NO_METAL
595,/home/shachar/repos/PorCrystalStructures/data/raw_xyz/xyz/porphyrins/COSNIJ_2.xyz,metal,NO_METAL
596,/home/shachar/repos/PorCrystalStructures/data/raw_xyz/xyz/porphyrins/COTQIL_0.xyz,topolocial,BIDENTATE_AXIAL_LIGANDS
597,/home/shachar/repos/PorCrystalStructures/data/raw_xyz/xyz/porphyrins/COTYES_0.xyz,metal,NO_METAL
598,/home/shachar/repos/PorCrystalStructures/data/raw_xyz/xyz/porphyrins/COTYES_1.xyz,charge,TOO_LARGE_COUNTER_MOL
599,/home/shachar/repos/PorCrystalStructures/data/raw_xyz/xyz/porphyrins/COTYES_2.xyz,metal,NO_METAL
600,/home/shachar/repos/PorCrystalStructures/data/raw_xyz/xyz/porphyrins/COTYES_3.xyz,metal,NO_METAL
601,/home/shachar/repos/PorCrystalStructures/data/raw_xyz/xyz/porphyrins/COTYES_4.xyz,metal,NO_METAL
602,/home/shachar/repos/PorCrystalStructures/data/raw_xyz/xyz/porphyrins/COTYES_5.xyz,topolocial,NOT_A_MONOMER
603,/home/shachar/repos/PorCrystalStructures/data/raw_xyz/xyz/porphyrins/COVLEF_0.xyz,topolocial,NOT_CONNECTED_MOLECULE
604,/home/shachar/repos/PorCrystalStructures/data/raw_xyz/xyz/porphyrins/COWSIR01_0.xyz,metal,NO_METAL
605,/home/shachar/repos/PorCrystalStructures/data/raw_xyz/xyz/porphyrins/COXMAE_0.xyz,charge,MOL_ODD_NUMBER_OF_ELECTRONS
606,/home/shachar/repos/PorCrystalStructures/data/raw_xyz/xyz/porphyrins/COXMAE_1.xyz,metal,NO_METAL
607,/home/shachar/repos/PorCrystalStructures/data/raw_xyz/xyz/porphyrins/COXMAE_2.xyz,metal,NO_METAL
608,/home/shachar/repos/PorCrystalStructures/data/raw_xyz/xyz/porphyrins/COXMAE_3.xyz,metal,NO_METAL
609,/home/shachar/repos/PorCrystalStructures/data/raw_xyz/xyz/porphyrins/CUBVEC_0.xyz,metal,NO_METAL
610,/home/shachar/repos/PorCrystalStructures/data/raw_xyz/xyz/porphyrins/CUBVEC_1.xyz,metal,NO_METAL
611,/home/shachar/repos/PorCrystalStructures/data/raw_xyz/xyz/porphyrins/CUBVEC_2.xyz,metal,NO_METAL
612,/home/shachar/repos/PorCrystalStructures/data/raw_xyz/xyz/porphyrins/CUCVED_0.xyz,topolocial,NOT_CONNECTED_MOLECULE
613,/home/shachar/repos/PorCrystalStructures/data/raw_xyz/xyz/porphyrins/CUDZIL_0.xyz,topolocial,NOT_CONNECTED_MOLECULE
614,/home/shachar/repos/PorCrystalStructures/data/raw_xyz/xyz/porphyrins/CUDZIL_1.xyz,metal,NO_METAL
615,/home/shachar/repos/PorCrystalStructures/data/raw_xyz/xyz/porphyrins/CUDZIL_2.xyz,metal,NO_METAL
616,/home/shachar/repos/PorCrystalStructures/data/raw_xyz/xyz/porphyrins/CUDZIL_3.xyz,metal,NO_METAL
617,/home/shachar/repos/PorCrystalStructures/data/raw_xyz/xyz/porphyrins/CUDZIL_4.xyz,metal,NO_METAL
618,/home/shachar/repos/PorCrystalStructures/data/raw_xyz/xyz/porphyrins/CUFBIR_0.xyz,topolocial,NOT_CONNECTED_MOLECULE
619,/home/shachar/repos/PorCrystalStructures/data/raw_xyz/xyz/porphyrins/CUGGUI_0.xyz,topolocial,NOT_CONNECTED_MOLECULE
620,/home/shachar/repos/PorCrystalStructures/data/raw_xyz/xyz/porphyrins/CUGGUI_1.xyz,metal,NO_METAL
621,/home/shachar/repos/PorCrystalStructures/data/raw_xyz/xyz/porphyrins/CUGXUX_0.xyz,topolocial,NOT_SATURATED
622,/home/shachar/repos/PorCrystalStructures/data/raw_xyz/xyz/porphyrins/CUGXUX_1.xyz,metal,NO_METAL
623,/home/shachar/repos/PorCrystalStructures/data/raw_xyz/xyz/porphyrins/CUHXAE_0.xyz,charge,MOL_ODD_NUMBER_OF_ELECTRONS
624,/home/shachar/repos/PorCrystalStructures/data/raw_xyz/xyz/porphyrins/CUMKUT_0.xyz,metal,NO_METAL
625,/home/shachar/repos/PorCrystalStructures/data/raw_xyz/xyz/porphyrins/CUMLAA_0.xyz,metal,NO_METAL
626,/home/shachar/repos/PorCrystalStructures/data/raw_xyz/xyz/porphyrins/CUNLIJ_0.xyz,metal,NO_METAL
627,/home/shachar/repos/PorCrystalStructures/data/raw_xyz/xyz/porphyrins/CUNLIJ_1.xyz,metal,NO_METAL
628,/home/shachar/repos/PorCrystalStructures/data/raw_xyz/xyz/porphyrins/CUNLOP_0.xyz,metal,NO_METAL
629,/home/shachar/repos/PorCrystalStructures/data/raw_xyz/xyz/porphyrins/CUNLOP_1.xyz,metal,NO_METAL
630,/home/shachar/repos/PorCrystalStructures/data/raw_xyz/xyz/porphyrins/CUNLUV_0.xyz,metal,NO_METAL
631,/home/shachar/repos/PorCrystalStructures/data/raw_xyz/xyz/porphyrins/CUNLUV_1.xyz,metal,NO_METAL
632,/home/shachar/repos/PorCrystalStructures/data/raw_xyz/xyz/porphyrins/CUVKIO_0.xyz,metal,NO_METAL
633,/home/shachar/repos/PorCrystalStructures/data/raw_xyz/xyz/porphyrins/CUWCOP_0.xyz,charge,MOL_ODD_NUMBER_OF_ELECTRONS
634,/home/shachar/repos/PorCrystalStructures/data/raw_xyz/xyz/porphyrins/CUWDAC_0.xyz,charge,MOL_ODD_NUMBER_OF_ELECTRONS
635,/home/shachar/repos/PorCrystalStructures/data/raw_xyz/xyz/porphyrins/CUWDAC_1.xyz,metal,NO_METAL
636,/home/shachar/repos/PorCrystalStructures/data/raw_xyz/xyz/porphyrins/CUZNAP_0.xyz,charge,MOL_ODD_NUMBER_OF_ELECTRONS
637,/home/shachar/repos/PorCrystalStructures/data/raw_xyz/xyz/porphyrins/CUZNAP_1.xyz,metal,NO_METAL
638,/home/shachar/repos/PorCrystalStructures/data/raw_xyz/xyz/porphyrins/DABYAH_0.xyz,topolocial,NOT_A_MONOMER
639,/home/shachar/repos/PorCrystalStructures/data/raw_xyz/xyz/porphyrins/DABYAH_1.xyz,metal,NO_METAL
640,/home/shachar/repos/PorCrystalStructures/data/raw_xyz/xyz/porphyrins/DACNIF_0.xyz,topolocial,HAS_MORE_THAN_4_PYRROLES
641,/home/shachar/repos/PorCrystalStructures/data/raw_xyz/xyz/porphyrins/DACNIF_1.xyz,metal,NO_METAL
642,/home/shachar/repos/PorCrystalStructures/data/raw_xyz/xyz/porphyrins/DACNIF_2.xyz,metal,NO_METAL
643,/home/shachar/repos/PorCrystalStructures/data/raw_xyz/xyz/porphyrins/DAFBOC_0.xyz,valid,VALID
644,/home/shachar/repos/PorCrystalStructures/data/raw_xyz/xyz/porphyrins/DAFBOC_1.xyz,metal,NO_METAL
645,/home/shachar/repos/PorCrystalStructures/data/raw_xyz/xyz/porphyrins/DAFBUI_0.xyz,metal,NO_METAL
646,/home/shachar/repos/PorCrystalStructures/data/raw_xyz/xyz/porphyrins/DAFCAP_0.xyz,charge,MOL_ODD_NUMBER_OF_ELECTRONS
647,/home/shachar/repos/PorCrystalStructures/data/raw_xyz/xyz/porphyrins/DAFCAP_1.xyz,metal,NO_METAL
648,/home/shachar/repos/PorCrystalStructures/data/raw_xyz/xyz/porphyrins/DAFCET_0.xyz,charge,MOL_ODD_NUMBER_OF_ELECTRONS
649,/home/shachar/repos/PorCrystalStructures/data/raw_xyz/xyz/porphyrins/DAFCET_1.xyz,metal,NO_METAL
650,/home/shachar/repos/PorCrystalStructures/data/raw_xyz/xyz/porphyrins/DAFCET_2.xyz,metal,NO_METAL
651,/home/shachar/repos/PorCrystalStructures/data/raw_xyz/xyz/porphyrins/DAFCIX_0.xyz,valid,VALID
652,/home/shachar/repos/PorCrystalStructures/data/raw_xyz/xyz/porphyrins/DAFCOD_0.xyz,valid,VALID
653,/home/shachar/repos/PorCrystalStructures/data/raw_xyz/xyz/porphyrins/DAFCUJ_0.xyz,charge,MOL_ODD_NUMBER_OF_ELECTRONS
654,/home/shachar/repos/PorCrystalStructures/data/raw_xyz/xyz/porphyrins/DAFDEU_0.xyz,charge,MOL_ODD_NUMBER_OF_ELECTRONS
655,/home/shachar/repos/PorCrystalStructures/data/raw_xyz/xyz/porphyrins/DAFDIY_0.xyz,charge,MOL_ODD_NUMBER_OF_ELECTRONS
656,/home/shachar/repos/PorCrystalStructures/data/raw_xyz/xyz/porphyrins/DAFDIY_1.xyz,metal,NO_METAL
657,/home/shachar/repos/PorCrystalStructures/data/raw_xyz/xyz/porphyrins/DAGSUC_0.xyz,valid,VALID
658,/home/shachar/repos/PorCrystalStructures/data/raw_xyz/xyz/porphyrins/DAGSUC_1.xyz,metal,NO_METAL
659,/home/shachar/repos/PorCrystalStructures/data/raw_xyz/xyz/porphyrins/DAHSUB_0.xyz,valid,VALID
660,/home/shachar/repos/PorCrystalStructures/data/raw_xyz/xyz/porphyrins/DAHSUB_1.xyz,metal,NO_METAL
661,/home/shachar/repos/PorCrystalStructures/data/raw_xyz/xyz/porphyrins/DAKPUD_0.xyz,metal,NO_METAL
662,/home/shachar/repos/PorCrystalStructures/data/raw_xyz/xyz/porphyrins/DAKPUD_1.xyz,metal,NO_METAL
663,/home/shachar/repos/PorCrystalStructures/data/raw_xyz/xyz/porphyrins/DAKPUD_2.xyz,metal,NO_METAL
664,/home/shachar/repos/PorCrystalStructures/data/raw_xyz/xyz/porphyrins/DAKPUD_3.xyz,metal,NO_METAL
665,/home/shachar/repos/PorCrystalStructures/data/raw_xyz/xyz/porphyrins/DAKQAK_0.xyz,metal,NO_METAL
666,/home/shachar/repos/PorCrystalStructures/data/raw_xyz/xyz/porphyrins/DAKQAK_1.xyz,metal,NO_METAL
667,/home/shachar/repos/PorCrystalStructures/data/raw_xyz/xyz/porphyrins/DALHAZ_0.xyz,metal,NO_METAL
668,/home/shachar/repos/PorCrystalStructures/data/raw_xyz/xyz/porphyrins/DAMDEE_0.xyz,metal,NO_METAL
669,/home/shachar/repos/PorCrystalStructures/data/raw_xyz/xyz/porphyrins/DAMDII_0.xyz,metal,NO_METAL
670,/home/shachar/repos/PorCrystalStructures/data/raw_xyz/xyz/porphyrins/DAMDOO_0.xyz,metal,NO_METAL
671,/home/shachar/repos/PorCrystalStructures/data/raw_xyz/xyz/porphyrins/DANVAP_0.xyz,topolocial,NOT_CONNECTED_MOLECULE
672,/home/shachar/repos/PorCrystalStructures/data/raw_xyz/xyz/porphyrins/DANVET_0.xyz,topolocial,NOT_CONNECTED_MOLECULE
673,/home/shachar/repos/PorCrystalStructures/data/raw_xyz/xyz/porphyrins/DANVET_1.xyz,topolocial,NOT_CONNECTED_MOLECULE
674,/home/shachar/repos/PorCrystalStructures/data/raw_xyz/xyz/porphyrins/DANVET_2.xyz,metal,NO_METAL
675,/home/shachar/repos/PorCrystalStructures/data/raw_xyz/xyz/porphyrins/DANVET_3.xyz,metal,NO_METAL
676,/home/shachar/repos/PorCrystalStructures/data/raw_xyz/xyz/porphyrins/DANWEW_0.xyz,metal,NO_METAL
677,/home/shachar/repos/PorCrystalStructures/data/raw_xyz/xyz/porphyrins/DANZAT_0.xyz,topolocial,NOT_CONNECTED_MOLECULE
678,/home/shachar/repos/PorCrystalStructures/data/raw_xyz/xyz/porphyrins/DANZAT_1.xyz,metal,NO_METAL
679,/home/shachar/repos/PorCrystalStructures/data/raw_xyz/xyz/porphyrins/DANZAT_2.xyz,metal,NO_METAL
680,/home/shachar/repos/PorCrystalStructures/data/raw_xyz/xyz/porphyrins/DAPCAY_0.xyz,topolocial,NOT_SATURATED
681,/home/shachar/repos/PorCrystalStructures/data/raw_xyz/xyz/porphyrins/DAPCAY_1.xyz,metal,NO_METAL
682,/home/shachar/repos/PorCrystalStructures/data/raw_xyz/xyz/porphyrins/DAPCAY_2.xyz,metal,NO_METAL
683,/home/shachar/repos/PorCrystalStructures/data/raw_xyz/xyz/porphyrins/DAQWEA_0.xyz,topolocial,BIDENTATE_MACROCYCLE_SUBS
684,/home/shachar/repos/PorCrystalStructures/data/raw_xyz/xyz/porphyrins/DAQWEA_1.xyz,metal,NO_METAL
685,/home/shachar/repos/PorCrystalStructures/data/raw_xyz/xyz/porphyrins/DARCAE_0.xyz,topolocial,NOT_A_MONOMER
686,/home/shachar/repos/PorCrystalStructures/data/raw_xyz/xyz/porphyrins/DATQOI_0.xyz,topolocial,NOT_A_MONOMER
687,/home/shachar/repos/PorCrystalStructures/data/raw_xyz/xyz/porphyrins/DATZED_0.xyz,topolocial,BIDENTATE_MACROCYCLE_SUBS
688,/home/shachar/repos/PorCrystalStructures/data/raw_xyz/xyz/porphyrins/DATZED_1.xyz,metal,NO_METAL
689,/home/shachar/repos/PorCrystalStructures/data/raw_xyz/xyz/porphyrins/DAVWEF_0.xyz,metal,NO_METAL
690,/home/shachar/repos/PorCrystalStructures/data/raw_xyz/xyz/porphyrins/DAVWIJ_0.xyz,metal,NO_METAL
691,/home/shachar/repos/PorCrystalStructures/data/raw_xyz/xyz/porphyrins/DAVWOP_0.xyz,metal,NO_METAL
692,/home/shachar/repos/PorCrystalStructures/data/raw_xyz/xyz/porphyrins/DAVWUV_0.xyz,topolocial,NOT_CONNECTED_MOLECULE
693,/home/shachar/repos/PorCrystalStructures/data/raw_xyz/xyz/porphyrins/DAVXAC_0.xyz,metal,NO_METAL
694,/home/shachar/repos/PorCrystalStructures/data/raw_xyz/xyz/porphyrins/DAWDOU_0.xyz,topolocial,NOT_CONNECTED_MOLECULE
695,/home/shachar/repos/PorCrystalStructures/data/raw_xyz/xyz/porphyrins/DAWDOU_1.xyz,metal,NO_METAL
696,/home/shachar/repos/PorCrystalStructures/data/raw_xyz/xyz/porphyrins/DAWMAQ_0.xyz,metal,NO_METAL
697,/home/shachar/repos/PorCrystalStructures/data/raw_xyz/xyz/porphyrins/DAWMAQ_1.xyz,metal,NO_METAL
698,/home/shachar/repos/PorCrystalStructures/data/raw_xyz/xyz/porphyrins/DAWZIO_0.xyz,topolocial,NOT_A_MONOMER
699,/home/shachar/repos/PorCrystalStructures/data/raw_xyz/xyz/porphyrins/DAWZIO_1.xyz,metal,NO_METAL
700,/home/shachar/repos/PorCrystalStructures/data/raw_xyz/xyz/porphyrins/DAYMOI_0.xyz,topolocial,NOT_CONNECTED_MOLECULE
701,/home/shachar/repos/PorCrystalStructures/data/raw_xyz/xyz/porphyrins/DAYMOI_1.xyz,metal,NO_METAL
702,/home/shachar/repos/PorCrystalStructures/data/raw_xyz/xyz/porphyrins/DECKII_0.xyz,valence,BAD VALENCE
703,/home/shachar/repos/PorCrystalStructures/data/raw_xyz/xyz/porphyrins/DECKII_1.xyz,metal,NO_METAL
704,/home/shachar/repos/PorCrystalStructures/data/raw_xyz/xyz/porphyrins/DECKII_2.xyz,metal,NO_METAL
705,/home/shachar/repos/PorCrystalStructures/data/raw_xyz/xyz/porphyrins/DEFKIM_0.xyz,valid,VALID
706,/home/shachar/repos/PorCrystalStructures/data/raw_xyz/xyz/porphyrins/DEGQUD_0.xyz,valid,VALID
707,/home/shachar/repos/PorCrystalStructures/data/raw_xyz/xyz/porphyrins/DEGREO_0.xyz,topolocial,NOT_CONNECTED_MOLECULE
708,/home/shachar/repos/PorCrystalStructures/data/raw_xyz/xyz/porphyrins/DEGREO_1.xyz,topolocial,NOT_CONNECTED_MOLECULE
709,/home/shachar/repos/PorCrystalStructures/data/raw_xyz/xyz/porphyrins/DEGSIT_0.xyz,charge,MOL_ODD_NUMBER_OF_ELECTRONS
710,/home/shachar/repos/PorCrystalStructures/data/raw_xyz/xyz/porphyrins/DEGSIT_1.xyz,metal,NO_METAL
711,/home/shachar/repos/PorCrystalStructures/data/raw_xyz/xyz/porphyrins/DELRIZ_0.xyz,metal,NO_METAL
712,/home/shachar/repos/PorCrystalStructures/data/raw_xyz/xyz/porphyrins/DELRIZ_1.xyz,metal,NO_METAL
713,/home/shachar/repos/PorCrystalStructures/data/raw_xyz/xyz/porphyrins/DELROF_0.xyz,metal,NO_METAL
714,/home/shachar/repos/PorCrystalStructures/data/raw_xyz/xyz/porphyrins/DELRUL_0.xyz,metal,NO_METAL
715,/home/shachar/repos/PorCrystalStructures/data/raw_xyz/xyz/porphyrins/DELRUL_1.xyz,metal,NO_METAL
716,/home/shachar/repos/PorCrystalStructures/data/raw_xyz/xyz/porphyrins/DELSAS_0.xyz,metal,NO_METAL
717,/home/shachar/repos/PorCrystalStructures/data/raw_xyz/xyz/porphyrins/DELSAS_1.xyz,metal,NO_METAL
718,/home/shachar/repos/PorCrystalStructures/data/raw_xyz/xyz/porphyrins/DEMCED_0.xyz,topolocial,NOT_A_MONOMER
719,/home/shachar/repos/PorCrystalStructures/data/raw_xyz/xyz/porphyrins/DESSEZ_0.xyz,topolocial,NOT_CONNECTED_MOLECULE
720,/home/shachar/repos/PorCrystalStructures/data/raw_xyz/xyz/porphyrins/DESSEZ_1.xyz,metal,NO_METAL
721,/home/shachar/repos/PorCrystalStructures/data/raw_xyz/xyz/porphyrins/DESTOK_0.xyz,topolocial,NOT_CONNECTED_MOLECULE
722,/home/shachar/repos/PorCrystalStructures/data/raw_xyz/xyz/porphyrins/DESTOK_1.xyz,valence,BAD VALENCE
723,/home/shachar/repos/PorCrystalStructures/data/raw_xyz/xyz/porphyrins/DESTOK_2.xyz,metal,NO_METAL
724,/home/shachar/repos/PorCrystalStructures/data/raw_xyz/xyz/porphyrins/DESXII_0.xyz,topolocial,NOT_CONNECTED_MOLECULE
725,/home/shachar/repos/PorCrystalStructures/data/raw_xyz/xyz/porphyrins/DEVCEP_0.xyz,charge,MOL_ODD_NUMBER_OF_ELECTRONS
726,/home/shachar/repos/PorCrystalStructures/data/raw_xyz/xyz/porphyrins/DEVCEP_1.xyz,metal,NO_METAL
727,/home/shachar/repos/PorCrystalStructures/data/raw_xyz/xyz/porphyrins/DEWNEY_0.xyz,topolocial,PYRROLE_NOT_BOUND_TO_METAL
728,/home/shachar/repos/PorCrystalStructures/data/raw_xyz/xyz/porphyrins/DEXGIY_0.xyz,metal,NO_METAL
729,/home/shachar/repos/PorCrystalStructures/data/raw_xyz/xyz/porphyrins/DEXGIY_1.xyz,metal,NO_METAL
730,/home/shachar/repos/PorCrystalStructures/data/raw_xyz/xyz/porphyrins/DEXGOE_0.xyz,topolocial,BIDENTATE_MACROCYCLE_SUBS
731,/home/shachar/repos/PorCrystalStructures/data/raw_xyz/xyz/porphyrins/DEXGOE_1.xyz,metal,NO_METAL
732,/home/shachar/repos/PorCrystalStructures/data/raw_xyz/xyz/porphyrins/DIHNIS_0.xyz,metal,NO_METAL
733,/home/shachar/repos/PorCrystalStructures/data/raw_xyz/xyz/porphyrins/DILSIA_0.xyz,topolocial,NOT_A_MONOMER
734,/home/shachar/repos/PorCrystalStructures/data/raw_xyz/xyz/porphyrins/DILSOG_0.xyz,topolocial,NOT_A_MONOMER
735,/home/shachar/repos/PorCrystalStructures/data/raw_xyz/xyz/porphyrins/DILSOG_1.xyz,metal,NO_METAL
736,/home/shachar/repos/PorCrystalStructures/data/raw_xyz/xyz/porphyrins/DIPQEB_0.xyz,topolocial,NOT_CONNECTED_MOLECULE
737,/home/shachar/repos/PorCrystalStructures/data/raw_xyz/xyz/porphyrins/DIPQEB_1.xyz,metal,NO_METAL
738,/home/shachar/repos/PorCrystalStructures/data/raw_xyz/xyz/porphyrins/DIPQEB_2.xyz,metal,NO_METAL
739,/home/shachar/repos/PorCrystalStructures/data/raw_xyz/xyz/porphyrins/DIPQEB_3.xyz,metal,NO_METAL
740,/home/shachar/repos/PorCrystalStructures/data/raw_xyz/xyz/porphyrins/DIPQEB_4.xyz,metal,NO_METAL
741,/home/shachar/repos/PorCrystalStructures/data/raw_xyz/xyz/porphyrins/DISDUF_0.xyz,metal,NO_METAL
742,/home/shachar/repos/PorCrystalStructures/data/raw_xyz/xyz/porphyrins/DISDUF_1.xyz,metal,NO_METAL
743,/home/shachar/repos/PorCrystalStructures/data/raw_xyz/xyz/porphyrins/DISRIJ_0.xyz,metal,NO_METAL
744,/home/shachar/repos/PorCrystalStructures/data/raw_xyz/xyz/porphyrins/DITDES_0.xyz,valid,VALID
745,/home/shachar/repos/PorCrystalStructures/data/raw_xyz/xyz/porphyrins/DIVBUG_0.xyz,metal,NO_METAL
746,/home/shachar/repos/PorCrystalStructures/data/raw_xyz/xyz/porphyrins/DIVCIW_0.xyz,topolocial,NOT_CONNECTED_MOLECULE
747,/home/shachar/repos/PorCrystalStructures/data/raw_xyz/xyz/porphyrins/DIVCIW_1.xyz,metal,NO_METAL
748,/home/shachar/repos/PorCrystalStructures/data/raw_xyz/xyz/porphyrins/DIVQEE_0.xyz,topolocial,NOT_CONNECTED_MOLECULE
749,/home/shachar/repos/PorCrystalStructures/data/raw_xyz/xyz/porphyrins/DIVQEE_1.xyz,metal,NO_METAL
750,/home/shachar/repos/PorCrystalStructures/data/raw_xyz/xyz/porphyrins/DIVQEE_2.xyz,metal,NO_METAL
751,/home/shachar/repos/PorCrystalStructures/data/raw_xyz/xyz/porphyrins/DIVQEE_3.xyz,topolocial,NOT_A_MONOMER
752,/home/shachar/repos/PorCrystalStructures/data/raw_xyz/xyz/porphyrins/DIVVIO_0.xyz,valid,VALID
753,/home/shachar/repos/PorCrystalStructures/data/raw_xyz/xyz/porphyrins/DIVVIO_1.xyz,metal,NO_METAL
754,/home/shachar/repos/PorCrystalStructures/data/raw_xyz/xyz/porphyrins/DIVVOU_0.xyz,charge,MOL_ODD_NUMBER_OF_ELECTRONS
755,/home/shachar/repos/PorCrystalStructures/data/raw_xyz/xyz/porphyrins/DIVVOU_1.xyz,metal,NO_METAL
756,/home/shachar/repos/PorCrystalStructures/data/raw_xyz/xyz/porphyrins/DIWFAR_0.xyz,topolocial,NOT_CONNECTED_MOLECULE
757,/home/shachar/repos/PorCrystalStructures/data/raw_xyz/xyz/porphyrins/DIWFAR_1.xyz,metal,NO_METAL
758,/home/shachar/repos/PorCrystalStructures/data/raw_xyz/xyz/porphyrins/DIWFAR_2.xyz,metal,NO_METAL
759,/home/shachar/repos/PorCrystalStructures/data/raw_xyz/xyz/porphyrins/DIWFAR_3.xyz,metal,NO_METAL
760,/home/shachar/repos/PorCrystalStructures/data/raw_xyz/xyz/porphyrins/DIXKAX_0.xyz,topolocial,NOT_CONNECTED_MOLECULE
761,/home/shachar/repos/PorCrystalStructures/data/raw_xyz/xyz/porphyrins/DIXKAX_1.xyz,metal,NO_METAL
762,/home/shachar/repos/PorCrystalStructures/data/raw_xyz/xyz/porphyrins/DIXKAX_2.xyz,metal,NO_METAL
763,/home/shachar/repos/PorCrystalStructures/data/raw_xyz/xyz/porphyrins/DIXKAX_3.xyz,metal,NO_METAL
764,/home/shachar/repos/PorCrystalStructures/data/raw_xyz/xyz/porphyrins/DIXXEO_0.xyz,metal,NO_METAL
765,/home/shachar/repos/PorCrystalStructures/data/raw_xyz/xyz/porphyrins/DIXXEO_1.xyz,metal,NO_METAL
766,/home/shachar/repos/PorCrystalStructures/data/raw_xyz/xyz/porphyrins/DIXXIS_0.xyz,valid,VALID
767,/home/shachar/repos/PorCrystalStructures/data/raw_xyz/xyz/porphyrins/DIXXIS_1.xyz,metal,NO_METAL
768,/home/shachar/repos/PorCrystalStructures/data/raw_xyz/xyz/porphyrins/DIZLEG_0.xyz,metal,NO_METAL
769,/home/shachar/repos/PorCrystalStructures/data/raw_xyz/xyz/porphyrins/DIZLEG_1.xyz,metal,NO_METAL
770,/home/shachar/repos/PorCrystalStructures/data/raw_xyz/xyz/porphyrins/DNSPMO_0.xyz,topolocial,NOT_SATURATED
771,/home/shachar/repos/PorCrystalStructures/data/raw_xyz/xyz/porphyrins/DNSPMO_1.xyz,metal,NO_METAL
772,/home/shachar/repos/PorCrystalStructures/data/raw_xyz/xyz/porphyrins/DOFXOL_0.xyz,valid,VALID
773,/home/shachar/repos/PorCrystalStructures/data/raw_xyz/xyz/porphyrins/DOFXOL_1.xyz,metal,NO_METAL
774,/home/shachar/repos/PorCrystalStructures/data/raw_xyz/xyz/porphyrins/DOHHIT_0.xyz,charge,MOL_ODD_NUMBER_OF_ELECTRONS
775,/home/shachar/repos/PorCrystalStructures/data/raw_xyz/xyz/porphyrins/DOHHIT_1.xyz,metal,NO_METAL
776,/home/shachar/repos/PorCrystalStructures/data/raw_xyz/xyz/porphyrins/DOJPAV01_0.xyz,valid,VALID
777,/home/shachar/repos/PorCrystalStructures/data/raw_xyz/xyz/porphyrins/DOKDIR_0.xyz,topolocial,NOT_A_MONOMER
778,/home/shachar/repos/PorCrystalStructures/data/raw_xyz/xyz/porphyrins/DOKDIR_1.xyz,metal,NO_METAL
779,/home/shachar/repos/PorCrystalStructures/data/raw_xyz/xyz/porphyrins/DOKRIG_0.xyz,topolocial,NOT_CONNECTED_MOLECULE
780,/home/shachar/repos/PorCrystalStructures/data/raw_xyz/xyz/porphyrins/DOKRIG_1.xyz,metal,NO_METAL
781,/home/shachar/repos/PorCrystalStructures/data/raw_xyz/xyz/porphyrins/DOKROM_0.xyz,valid,VALID
782,/home/shachar/repos/PorCrystalStructures/data/raw_xyz/xyz/porphyrins/DOKRUS_0.xyz,topolocial,NOT_CONNECTED_MOLECULE
783,/home/shachar/repos/PorCrystalStructures/data/raw_xyz/xyz/porphyrins/DOKRUS_1.xyz,metal,NO_METAL
784,/home/shachar/repos/PorCrystalStructures/data/raw_xyz/xyz/porphyrins/DOLCAK_0.xyz,metal,NO_METAL
785,/home/shachar/repos/PorCrystalStructures/data/raw_xyz/xyz/porphyrins/DOLCAK_1.xyz,metal,NO_METAL
786,/home/shachar/repos/PorCrystalStructures/data/raw_xyz/xyz/porphyrins/DOLCAK_2.xyz,metal,NO_METAL
787,/home/shachar/repos/PorCrystalStructures/data/raw_xyz/xyz/porphyrins/DOLCAK_3.xyz,metal,NO_METAL
788,/home/shachar/repos/PorCrystalStructures/data/raw_xyz/xyz/porphyrins/DOLCAK_4.xyz,metal,NO_METAL
789,/home/shachar/repos/PorCrystalStructures/data/raw_xyz/xyz/porphyrins/DOLCAK_5.xyz,metal,NO_METAL
790,/home/shachar/repos/PorCrystalStructures/data/raw_xyz/xyz/porphyrins/DOLCEO_0.xyz,metal,NO_METAL
791,/home/shachar/repos/PorCrystalStructures/data/raw_xyz/xyz/porphyrins/DOLCEO_1.xyz,metal,NO_METAL
792,/home/shachar/repos/PorCrystalStructures/data/raw_xyz/xyz/porphyrins/DOLCEO_2.xyz,metal,NO_METAL
793,/home/shachar/repos/PorCrystalStructures/data/raw_xyz/xyz/porphyrins/DONKOH_0.xyz,topolocial,NOT_A_MONOMER
794,/home/shachar/repos/PorCrystalStructures/data/raw_xyz/xyz/porphyrins/DOPBAL10_0.xyz,topolocial,NOT_CONNECTED_MOLECULE
795,/home/shachar/repos/PorCrystalStructures/data/raw_xyz/xyz/porphyrins/DOPBAL10_1.xyz,metal,NO_METAL
796,/home/shachar/repos/PorCrystalStructures/data/raw_xyz/xyz/porphyrins/DOPBAL_0.xyz,topolocial,NOT_CONNECTED_MOLECULE
797,/home/shachar/repos/PorCrystalStructures/data/raw_xyz/xyz/porphyrins/DOPBOA_0.xyz,topolocial,NOT_A_MONOMER
798,/home/shachar/repos/PorCrystalStructures/data/raw_xyz/xyz/porphyrins/DOPGUL_0.xyz,topolocial,NOT_CONNECTED_MOLECULE
799,/home/shachar/repos/PorCrystalStructures/data/raw_xyz/xyz/porphyrins/DOPGUL_1.xyz,metal,NO_METAL
800,/home/shachar/repos/PorCrystalStructures/data/raw_xyz/xyz/porphyrins/DOPGUL_2.xyz,metal,NO_METAL
801,/home/shachar/repos/PorCrystalStructures/data/raw_xyz/xyz/porphyrins/DOPGUL_3.xyz,metal,NO_METAL
802,/home/shachar/repos/PorCrystalStructures/data/raw_xyz/xyz/porphyrins/DOPGUL_4.xyz,metal,NO_METAL
803,/home/shachar/repos/PorCrystalStructures/data/raw_xyz/xyz/porphyrins/DOPGUL_5.xyz,metal,NO_METAL
804,/home/shachar/repos/PorCrystalStructures/data/raw_xyz/xyz/porphyrins/DOQPEH_0.xyz,topolocial,NOT_CONNECTED_MOLECULE
805,/home/shachar/repos/PorCrystalStructures/data/raw_xyz/xyz/porphyrins/DOQPEH_1.xyz,metal,NO_METAL
806,/home/shachar/repos/PorCrystalStructures/data/raw_xyz/xyz/porphyrins/DOQPUX_0.xyz,topolocial,DOESNT_HAVE_METAL
807,/home/shachar/repos/PorCrystalStructures/data/raw_xyz/xyz/porphyrins/DOQPUX_1.xyz,metal,NO_METAL
808,/home/shachar/repos/PorCrystalStructures/data/raw_xyz/xyz/porphyrins/DOQQAE_0.xyz,topolocial,DOESNT_HAVE_METAL
809,/home/shachar/repos/PorCrystalStructures/data/raw_xyz/xyz/porphyrins/DOQQAE_1.xyz,metal,NO_METAL
810,/home/shachar/repos/PorCrystalStructures/data/raw_xyz/xyz/porphyrins/DOQQEI_0.xyz,topolocial,DOESNT_HAVE_METAL
811,/home/shachar/repos/PorCrystalStructures/data/raw_xyz/xyz/porphyrins/DOWCAT_0.xyz,valid,VALID
812,/home/shachar/repos/PorCrystalStructures/data/raw_xyz/xyz/porphyrins/DOWLUW_0.xyz,topolocial,NOT_CONNECTED_MOLECULE
813,/home/shachar/repos/PorCrystalStructures/data/raw_xyz/xyz/porphyrins/DOWLUW_1.xyz,metal,NO_METAL
814,/home/shachar/repos/PorCrystalStructures/data/raw_xyz/xyz/porphyrins/DOWMOR_0.xyz,topolocial,NOT_CONNECTED_MOLECULE
815,/home/shachar/repos/PorCrystalStructures/data/raw_xyz/xyz/porphyrins/DOWMOR_1.xyz,topolocial,NOT_CONNECTED_MOLECULE
816,/home/shachar/repos/PorCrystalStructures/data/raw_xyz/xyz/porphyrins/DOWMOR_2.xyz,metal,NO_METAL
817,/home/shachar/repos/PorCrystalStructures/data/raw_xyz/xyz/porphyrins/DOWMOR_3.xyz,metal,NO_METAL
818,/home/shachar/repos/PorCrystalStructures/data/raw_xyz/xyz/porphyrins/DOWQAH_0.xyz,topolocial,NOT_SATURATED
819,/home/shachar/repos/PorCrystalStructures/data/raw_xyz/xyz/porphyrins/DOYHAC_0.xyz,metal,NO_METAL
820,/home/shachar/repos/PorCrystalStructures/data/raw_xyz/xyz/porphyrins/DTCOPM_0.xyz,metal,NO_METAL
821,/home/shachar/repos/PorCrystalStructures/data/raw_xyz/xyz/porphyrins/DUCLEU_0.xyz,metal,NO_METAL
822,/home/shachar/repos/PorCrystalStructures/data/raw_xyz/xyz/porphyrins/DUCMAR_0.xyz,metal,NO_METAL
823,/home/shachar/repos/PorCrystalStructures/data/raw_xyz/xyz/porphyrins/DUCMAR_1.xyz,metal,NO_METAL
824,/home/shachar/repos/PorCrystalStructures/data/raw_xyz/xyz/porphyrins/DUFNUP_0.xyz,topolocial,NOT_CONNECTED_MOLECULE
825,/home/shachar/repos/PorCrystalStructures/data/raw_xyz/xyz/porphyrins/DUJKUO_0.xyz,topolocial,NOT_CONNECTED_MOLECULE
826,/home/shachar/repos/PorCrystalStructures/data/raw_xyz/xyz/porphyrins/DUJKUO_1.xyz,metal,NO_METAL
827,/home/shachar/repos/PorCrystalStructures/data/raw_xyz/xyz/porphyrins/DUKGAT_0.xyz,metal,NO_METAL
828,/home/shachar/repos/PorCrystalStructures/data/raw_xyz/xyz/porphyrins/DUQFAY_0.xyz,valid,VALID
829,/home/shachar/repos/PorCrystalStructures/data/raw_xyz/xyz/porphyrins/DUQMAF_0.xyz,topolocial,NOT_CONNECTED_MOLECULE
830,/home/shachar/repos/PorCrystalStructures/data/raw_xyz/xyz/porphyrins/DUQMAF_1.xyz,metal,NO_METAL
831,/home/shachar/repos/PorCrystalStructures/data/raw_xyz/xyz/porphyrins/DUQMAF_2.xyz,metal,NO_METAL
832,/home/shachar/repos/PorCrystalStructures/data/raw_xyz/xyz/porphyrins/DUQMAF_3.xyz,metal,NO_METAL
833,/home/shachar/repos/PorCrystalStructures/data/raw_xyz/xyz/porphyrins/DUQMAF_4.xyz,metal,NO_METAL
834,/home/shachar/repos/PorCrystalStructures/data/raw_xyz/xyz/porphyrins/DUVSEU_0.xyz,topolocial,NOT_CONNECTED_MOLECULE
835,/home/shachar/repos/PorCrystalStructures/data/raw_xyz/xyz/porphyrins/DUVSIY_0.xyz,charge,COUNTER_MOL_ODD_NUMBER_OF_ELECTRONS
836,/home/shachar/repos/PorCrystalStructures/data/raw_xyz/xyz/porphyrins/DUVSIY_1.xyz,metal,NO_METAL
837,/home/shachar/repos/PorCrystalStructures/data/raw_xyz/xyz/porphyrins/DUVSOE_0.xyz,valid,VALID
838,/home/shachar/repos/PorCrystalStructures/data/raw_xyz/xyz/porphyrins/DUVSUK_0.xyz,topolocial,NOT_CONNECTED_MOLECULE
839,/home/shachar/repos/PorCrystalStructures/data/raw_xyz/xyz/porphyrins/DUVSUK_1.xyz,topolocial,NOT_CONNECTED_MOLECULE
840,/home/shachar/repos/PorCrystalStructures/data/raw_xyz/xyz/porphyrins/DUVSUK_2.xyz,topolocial,NOT_CONNECTED_MOLECULE
841,/home/shachar/repos/PorCrystalStructures/data/raw_xyz/xyz/porphyrins/DUVSUK_3.xyz,charge,COUNTER_MOL_ODD_NUMBER_OF_ELECTRONS
842,/home/shachar/repos/PorCrystalStructures/data/raw_xyz/xyz/porphyrins/DUVSUK_4.xyz,metal,NO_METAL
843,/home/shachar/repos/PorCrystalStructures/data/raw_xyz/xyz/porphyrins/DUXROF_0.xyz,valid,VALID
844,/home/shachar/repos/PorCrystalStructures/data/raw_xyz/xyz/porphyrins/EACWAG_0.xyz,valid,VALID
845,/home/shachar/repos/PorCrystalStructures/data/raw_xyz/xyz/porphyrins/EACWAG_1.xyz,metal,NO_METAL
846,/home/shachar/repos/PorCrystalStructures/data/raw_xyz/xyz/porphyrins/EBOMIS_0.xyz,valid,VALID
847,/home/shachar/repos/PorCrystalStructures/data/raw_xyz/xyz/porphyrins/EBOMIS_1.xyz,metal,NO_METAL
848,/home/shachar/repos/PorCrystalStructures/data/raw_xyz/xyz/porphyrins/EBOQUH_0.xyz,valid,VALID
849,/home/shachar/repos/PorCrystalStructures/data/raw_xyz/xyz/porphyrins/EBORES01_0.xyz,valid,VALID
850,/home/shachar/repos/PorCrystalStructures/data/raw_xyz/xyz/porphyrins/EBORES_0.xyz,valid,VALID
851,/home/shachar/repos/PorCrystalStructures/data/raw_xyz/xyz/porphyrins/EBUHER_0.xyz,topolocial,NOT_CONNECTED_MOLECULE
852,/home/shachar/repos/PorCrystalStructures/data/raw_xyz/xyz/porphyrins/EBUHER_1.xyz,metal,NO_METAL
853,/home/shachar/repos/PorCrystalStructures/data/raw_xyz/xyz/porphyrins/EBUKAN_0.xyz,charge,COUNTER_MOL_ODD_NUMBER_OF_ELECTRONS
854,/home/shachar/repos/PorCrystalStructures/data/raw_xyz/xyz/porphyrins/EBUKAN_1.xyz,metal,NO_METAL
855,/home/shachar/repos/PorCrystalStructures/data/raw_xyz/xyz/porphyrins/ECAFAP_0.xyz,topolocial,NOT_SATURATED
856,/home/shachar/repos/PorCrystalStructures/data/raw_xyz/xyz/porphyrins/ECAFAP_1.xyz,metal,NO_METAL
857,/home/shachar/repos/PorCrystalStructures/data/raw_xyz/xyz/porphyrins/ECAFIZ_0.xyz,topolocial,NOT_A_MONOMER
858,/home/shachar/repos/PorCrystalStructures/data/raw_xyz/xyz/porphyrins/ECALUS_0.xyz,topolocial,NOT_CONNECTED_MOLECULE
859,/home/shachar/repos/PorCrystalStructures/data/raw_xyz/xyz/porphyrins/ECAMAZ_0.xyz,topolocial,NOT_CONNECTED_MOLECULE
860,/home/shachar/repos/PorCrystalStructures/data/raw_xyz/xyz/porphyrins/ECAMAZ_1.xyz,topolocial,NOT_CONNECTED_MOLECULE
861,/home/shachar/repos/PorCrystalStructures/data/raw_xyz/xyz/porphyrins/ECAMAZ_2.xyz,metal,NO_METAL
862,/home/shachar/repos/PorCrystalStructures/data/raw_xyz/xyz/porphyrins/ECAMAZ_3.xyz,metal,NO_METAL
863,/home/shachar/repos/PorCrystalStructures/data/raw_xyz/xyz/porphyrins/ECAMED_0.xyz,topolocial,NOT_SATURATED
864,/home/shachar/repos/PorCrystalStructures/data/raw_xyz/xyz/porphyrins/ECAMED_1.xyz,metal,NO_METAL
865,/home/shachar/repos/PorCrystalStructures/data/raw_xyz/xyz/porphyrins/ECAREG_0.xyz,charge,MOL_ODD_NUMBER_OF_ELECTRONS
866,/home/shachar/repos/PorCrystalStructures/data/raw_xyz/xyz/porphyrins/ECAREG_1.xyz,metal,NO_METAL
867,/home/shachar/repos/PorCrystalStructures/data/raw_xyz/xyz/porphyrins/ECAREG_2.xyz,metal,NO_METAL
868,/home/shachar/repos/PorCrystalStructures/data/raw_xyz/xyz/porphyrins/ECIKIL_0.xyz,metal,NO_METAL
869,/home/shachar/repos/PorCrystalStructures/data/raw_xyz/xyz/porphyrins/ECIKIL_1.xyz,metal,NO_METAL
870,/home/shachar/repos/PorCrystalStructures/data/raw_xyz/xyz/porphyrins/ECIKOR_0.xyz,metal,NO_METAL
871,/home/shachar/repos/PorCrystalStructures/data/raw_xyz/xyz/porphyrins/ECIKOR_1.xyz,metal,NO_METAL
872,/home/shachar/repos/PorCrystalStructures/data/raw_xyz/xyz/porphyrins/ECIKOR_2.xyz,metal,NO_METAL
873,/home/shachar/repos/PorCrystalStructures/data/raw_xyz/xyz/porphyrins/ECOKEN_0.xyz,topolocial,NOT_CONNECTED_MOLECULE
874,/home/shachar/repos/PorCrystalStructures/data/raw_xyz/xyz/porphyrins/ECOSUK_0.xyz,topolocial,NOT_CONNECTED_MOLECULE
875,/home/shachar/repos/PorCrystalStructures/data/raw_xyz/xyz/porphyrins/ECOSUK_1.xyz,metal,NO_METAL
876,/home/shachar/repos/PorCrystalStructures/data/raw_xyz/xyz/porphyrins/ECOSUK_2.xyz,metal,NO_METAL
877,/home/shachar/repos/PorCrystalStructures/data/raw_xyz/xyz/porphyrins/ECOSUK_3.xyz,metal,NO_METAL
878,/home/shachar/repos/PorCrystalStructures/data/raw_xyz/xyz/porphyrins/ECOSUK_4.xyz,metal,NO_METAL
879,/home/shachar/repos/PorCrystalStructures/data/raw_xyz/xyz/porphyrins/ECUBAH_0.xyz,valid,VALID
880,/home/shachar/repos/PorCrystalStructures/data/raw_xyz/xyz/porphyrins/ECUDUE_0.xyz,metal,NO_METAL
881,/home/shachar/repos/PorCrystalStructures/data/raw_xyz/xyz/porphyrins/ECUDUE_1.xyz,metal,NO_METAL
882,/home/shachar/repos/PorCrystalStructures/data/raw_xyz/xyz/porphyrins/EDOHAJ_0.xyz,valid,VALID
883,/home/shachar/repos/PorCrystalStructures/data/raw_xyz/xyz/porphyrins/EDOHIR_0.xyz,valid,VALID
884,/home/shachar/repos/PorCrystalStructures/data/raw_xyz/xyz/porphyrins/EDOHIR_1.xyz,metal,NO_METAL
885,/home/shachar/repos/PorCrystalStructures/data/raw_xyz/xyz/porphyrins/EFAJAW_0.xyz,topolocial,NOT_CONNECTED_MOLECULE
886,/home/shachar/repos/PorCrystalStructures/data/raw_xyz/xyz/porphyrins/EFALIH_0.xyz,metal,NO_METAL
887,/home/shachar/repos/PorCrystalStructures/data/raw_xyz/xyz/porphyrins/EFALIH_1.xyz,metal,NO_METAL
888,/home/shachar/repos/PorCrystalStructures/data/raw_xyz/xyz/porphyrins/EFALIH_2.xyz,metal,NO_METAL
889,/home/shachar/repos/PorCrystalStructures/data/raw_xyz/xyz/porphyrins/EFELUX_0.xyz,metal,NO_METAL
890,/home/shachar/repos/PorCrystalStructures/data/raw_xyz/xyz/porphyrins/EFEMAE_0.xyz,metal,NO_METAL
891,/home/shachar/repos/PorCrystalStructures/data/raw_xyz/xyz/porphyrins/EFIHOS_0.xyz,metal,NO_METAL
892,/home/shachar/repos/PorCrystalStructures/data/raw_xyz/xyz/porphyrins/EFIHOS_1.xyz,metal,NO_METAL
893,/home/shachar/repos/PorCrystalStructures/data/raw_xyz/xyz/porphyrins/EFIHUY_0.xyz,metal,NO_METAL
894,/home/shachar/repos/PorCrystalStructures/data/raw_xyz/xyz/porphyrins/EFIHUY_1.xyz,metal,NO_METAL
895,/home/shachar/repos/PorCrystalStructures/data/raw_xyz/xyz/porphyrins/EFITIW_0.xyz,topolocial,NOT_CONNECTED_MOLECULE
896,/home/shachar/repos/PorCrystalStructures/data/raw_xyz/xyz/porphyrins/EFITIW_1.xyz,metal,NO_METAL
897,/home/shachar/repos/PorCrystalStructures/data/raw_xyz/xyz/porphyrins/EFITIW_2.xyz,metal,NO_METAL
898,/home/shachar/repos/PorCrystalStructures/data/raw_xyz/xyz/porphyrins/EFOSOH_0.xyz,topolocial,NOT_CONNECTED_MOLECULE
899,/home/shachar/repos/PorCrystalStructures/data/raw_xyz/xyz/porphyrins/EFOSOH_1.xyz,metal,NO_METAL
900,/home/shachar/repos/PorCrystalStructures/data/raw_xyz/xyz/porphyrins/EFOSOH_2.xyz,metal,NO_METAL
901,/home/shachar/repos/PorCrystalStructures/data/raw_xyz/xyz/porphyrins/EFUDAK_0.xyz,charge,TOO_LARGE_COUNTER_MOL
902,/home/shachar/repos/PorCrystalStructures/data/raw_xyz/xyz/porphyrins/EFUDAK_1.xyz,metal,NO_METAL
903,/home/shachar/repos/PorCrystalStructures/data/raw_xyz/xyz/porphyrins/EFUDAK_2.xyz,metal,NO_METAL
904,/home/shachar/repos/PorCrystalStructures/data/raw_xyz/xyz/porphyrins/EFUNIF_0.xyz,topolocial,NOT_CONNECTED_MOLECULE
905,/home/shachar/repos/PorCrystalStructures/data/raw_xyz/xyz/porphyrins/EFUNOL_0.xyz,topolocial,NOT_CONNECTED_MOLECULE
906,/home/shachar/repos/PorCrystalStructures/data/raw_xyz/xyz/porphyrins/EFUNOL_1.xyz,topolocial,NOT_A_MONOMER
907,/home/shachar/repos/PorCrystalStructures/data/raw_xyz/xyz/porphyrins/EGEDUR_0.xyz,metal,NO_METAL
908,/home/shachar/repos/PorCrystalStructures/data/raw_xyz/xyz/porphyrins/EGEDUR_1.xyz,metal,NO_METAL
909,/home/shachar/repos/PorCrystalStructures/data/raw_xyz/xyz/porphyrins/EGEFAZ_0.xyz,metal,NO_METAL
910,/home/shachar/repos/PorCrystalStructures/data/raw_xyz/xyz/porphyrins/EGEFED_0.xyz,metal,NO_METAL
911,/home/shachar/repos/PorCrystalStructures/data/raw_xyz/xyz/porphyrins/EGIBII_0.xyz,topolocial,NOT_CONNECTED_MOLECULE
912,/home/shachar/repos/PorCrystalStructures/data/raw_xyz/xyz/porphyrins/EGIBII_1.xyz,metal,NO_METAL
913,/home/shachar/repos/PorCrystalStructures/data/raw_xyz/xyz/porphyrins/EGILUC_0.xyz,charge,MOL_ODD_NUMBER_OF_ELECTRONS
914,/home/shachar/repos/PorCrystalStructures/data/raw_xyz/xyz/porphyrins/EGIMAJ_0.xyz,topolocial,NOT_CONNECTED_MOLECULE
915,/home/shachar/repos/PorCrystalStructures/data/raw_xyz/xyz/porphyrins/EGIYUR_0.xyz,topolocial,NOT_A_MONOMER
916,/home/shachar/repos/PorCrystalStructures/data/raw_xyz/xyz/porphyrins/EGIYUR_1.xyz,metal,NO_METAL
917,/home/shachar/repos/PorCrystalStructures/data/raw_xyz/xyz/porphyrins/EGIYUR_2.xyz,metal,NO_METAL
918,/home/shachar/repos/PorCrystalStructures/data/raw_xyz/xyz/porphyrins/EGIYUR_3.xyz,metal,NO_METAL
919,/home/shachar/repos/PorCrystalStructures/data/raw_xyz/xyz/porphyrins/EHEYEW_0.xyz,topolocial,HAS_MORE_THAN_4_PYRROLES
920,/home/shachar/repos/PorCrystalStructures/data/raw_xyz/xyz/porphyrins/EHEYEW_1.xyz,metal,NO_METAL
921,/home/shachar/repos/PorCrystalStructures/data/raw_xyz/xyz/porphyrins/EHEYEW_2.xyz,metal,NO_METAL
922,/home/shachar/repos/PorCrystalStructures/data/raw_xyz/xyz/porphyrins/EHEYEW_3.xyz,metal,NO_METAL
923,/home/shachar/repos/PorCrystalStructures/data/raw_xyz/xyz/porphyrins/EHEYEW_4.xyz,metal,NO_METAL
924,/home/shachar/repos/PorCrystalStructures/data/raw_xyz/xyz/porphyrins/EHIZAY_0.xyz,topolocial,NOT_CONNECTED_MOLECULE
925,/home/shachar/repos/PorCrystalStructures/data/raw_xyz/xyz/porphyrins/EHMCOR_0.xyz,metal,NO_METAL
926,/home/shachar/repos/PorCrystalStructures/data/raw_xyz/xyz/porphyrins/EHMCOR_1.xyz,metal,NO_METAL
927,/home/shachar/repos/PorCrystalStructures/data/raw_xyz/xyz/porphyrins/EHMCOR_2.xyz,metal,NO_METAL
928,/home/shachar/repos/PorCrystalStructures/data/raw_xyz/xyz/porphyrins/EHMCOR_3.xyz,metal,NO_METAL
929,/home/shachar/repos/PorCrystalStructures/data/raw_xyz/xyz/porphyrins/EHOBEJ_0.xyz,topolocial,NOT_A_MONOMER
930,/home/shachar/repos/PorCrystalStructures/data/raw_xyz/xyz/porphyrins/EHOBEJ_1.xyz,metal,NO_METAL
931,/home/shachar/repos/PorCrystalStructures/data/raw_xyz/xyz/porphyrins/EHOBIN_0.xyz,topolocial,NOT_CONNECTED_MOLECULE
932,/home/shachar/repos/PorCrystalStructures/data/raw_xyz/xyz/porphyrins/EHOBIN_1.xyz,topolocial,NOT_A_MONOMER
933,/home/shachar/repos/PorCrystalStructures/data/raw_xyz/xyz/porphyrins/EHOBIN_2.xyz,metal,NO_METAL
934,/home/shachar/repos/PorCrystalStructures/data/raw_xyz/xyz/porphyrins/EJEDUV_0.xyz,charge,MOL_ODD_NUMBER_OF_ELECTRONS
935,/home/shachar/repos/PorCrystalStructures/data/raw_xyz/xyz/porphyrins/EJOGAL_0.xyz,metal,NO_METAL
936,/home/shachar/repos/PorCrystalStructures/data/raw_xyz/xyz/porphyrins/EJOGAL_1.xyz,metal,NO_METAL
937,/home/shachar/repos/PorCrystalStructures/data/raw_xyz/xyz/porphyrins/EJOXIN_0.xyz,metal,NO_METAL
938,/home/shachar/repos/PorCrystalStructures/data/raw_xyz/xyz/porphyrins/EJOXIN_1.xyz,metal,NO_METAL
939,/home/shachar/repos/PorCrystalStructures/data/raw_xyz/xyz/porphyrins/EJUTIN_0.xyz,topolocial,NOT_CONNECTED_MOLECULE
940,/home/shachar/repos/PorCrystalStructures/data/raw_xyz/xyz/porphyrins/EJUTIN_1.xyz,metal,NO_METAL
941,/home/shachar/repos/PorCrystalStructures/data/raw_xyz/xyz/porphyrins/EJUVAH_0.xyz,topolocial,NOT_CONNECTED_MOLECULE
942,/home/shachar/repos/PorCrystalStructures/data/raw_xyz/xyz/porphyrins/EJUVAH_1.xyz,metal,NO_METAL
943,/home/shachar/repos/PorCrystalStructures/data/raw_xyz/xyz/porphyrins/EKETUJ_0.xyz,valid,VALID
944,/home/shachar/repos/PorCrystalStructures/data/raw_xyz/xyz/porphyrins/EKEXOJ_0.xyz,topolocial,NOT_CONNECTED_MOLECULE
945,/home/shachar/repos/PorCrystalStructures/data/raw_xyz/xyz/porphyrins/EKEXOJ_1.xyz,topolocial,NOT_A_MONOMER
946,/home/shachar/repos/PorCrystalStructures/data/raw_xyz/xyz/porphyrins/ELAGIH_0.xyz,metal,NO_METAL
947,/home/shachar/repos/PorCrystalStructures/data/raw_xyz/xyz/porphyrins/ELAGIH_1.xyz,metal,NO_METAL
948,/home/shachar/repos/PorCrystalStructures/data/raw_xyz/xyz/porphyrins/EMCORR_0.xyz,metal,NO_METAL
949,/home/shachar/repos/PorCrystalStructures/data/raw_xyz/xyz/porphyrins/EMCORR_1.xyz,metal,NO_METAL
950,/home/shachar/repos/PorCrystalStructures/data/raw_xyz/xyz/porphyrins/EMEFEH_0.xyz,metal,NO_METAL
951,/home/shachar/repos/PorCrystalStructures/data/raw_xyz/xyz/porphyrins/EMEPAQ_0.xyz,topolocial,NOT_CONNECTED_MOLECULE
952,/home/shachar/repos/PorCrystalStructures/data/raw_xyz/xyz/porphyrins/EMEPAQ_1.xyz,metal,NO_METAL
953,/home/shachar/repos/PorCrystalStructures/data/raw_xyz/xyz/porphyrins/EMEPEU_0.xyz,topolocial,NOT_CONNECTED_MOLECULE
954,/home/shachar/repos/PorCrystalStructures/data/raw_xyz/xyz/porphyrins/EMEPEU_1.xyz,metal,NO_METAL
955,/home/shachar/repos/PorCrystalStructures/data/raw_xyz/xyz/porphyrins/EMEPEU_2.xyz,metal,NO_METAL
956,/home/shachar/repos/PorCrystalStructures/data/raw_xyz/xyz/porphyrins/EMIYOR_0.xyz,topolocial,NOT_CONNECTED_MOLECULE
957,/home/shachar/repos/PorCrystalStructures/data/raw_xyz/xyz/porphyrins/EMPORP10_0.xyz,metal,NO_METAL
958,/home/shachar/repos/PorCrystalStructures/data/raw_xyz/xyz/porphyrins/EMPORP10_1.xyz,metal,NO_METAL
959,/home/shachar/repos/PorCrystalStructures/data/raw_xyz/xyz/porphyrins/ENAFOQ_0.xyz,metal,NO_METAL
960,/home/shachar/repos/PorCrystalStructures/data/raw_xyz/xyz/porphyrins/ENAFOQ_1.xyz,metal,NO_METAL
961,/home/shachar/repos/PorCrystalStructures/data/raw_xyz/xyz/porphyrins/ENAFOQ_2.xyz,metal,NO_METAL
962,/home/shachar/repos/PorCrystalStructures/data/raw_xyz/xyz/porphyrins/ENAFUW_0.xyz,metal,NO_METAL
963,/home/shachar/repos/PorCrystalStructures/data/raw_xyz/xyz/porphyrins/ENAFUW_1.xyz,metal,NO_METAL
964,/home/shachar/repos/PorCrystalStructures/data/raw_xyz/xyz/porphyrins/ENAFUW_2.xyz,metal,NO_METAL
965,/home/shachar/repos/PorCrystalStructures/data/raw_xyz/xyz/porphyrins/ENAGAD_0.xyz,metal,NO_METAL
966,/home/shachar/repos/PorCrystalStructures/data/raw_xyz/xyz/porphyrins/ENAGAD_1.xyz,metal,NO_METAL
967,/home/shachar/repos/PorCrystalStructures/data/raw_xyz/xyz/porphyrins/ENEMUF_0.xyz,metal,NO_METAL
968,/home/shachar/repos/PorCrystalStructures/data/raw_xyz/xyz/porphyrins/ENOPAB_0.xyz,topolocial,NOT_CONNECTED_MOLECULE
969,/home/shachar/repos/PorCrystalStructures/data/raw_xyz/xyz/porphyrins/ENOPAB_1.xyz,metal,NO_METAL
970,/home/shachar/repos/PorCrystalStructures/data/raw_xyz/xyz/porphyrins/ENOPIJ_0.xyz,topolocial,NOT_CONNECTED_MOLECULE
971,/home/shachar/repos/PorCrystalStructures/data/raw_xyz/xyz/porphyrins/ENOPIJ_1.xyz,topolocial,NOT_CONNECTED_MOLECULE
972,/home/shachar/repos/PorCrystalStructures/data/raw_xyz/xyz/porphyrins/EPEVOL_0.xyz,charge,TOO_LARGE_COUNTER_MOL
973,/home/shachar/repos/PorCrystalStructures/data/raw_xyz/xyz/porphyrins/EPEVOL_1.xyz,metal,NO_METAL
974,/home/shachar/repos/PorCrystalStructures/data/raw_xyz/xyz/porphyrins/EPINUO_0.xyz,topolocial,NOT_CONNECTED_MOLECULE
975,/home/shachar/repos/PorCrystalStructures/data/raw_xyz/xyz/porphyrins/EPISUS_0.xyz,metal,NO_METAL
976,/home/shachar/repos/PorCrystalStructures/data/raw_xyz/xyz/porphyrins/EPISUS_1.xyz,metal,NO_METAL
977,/home/shachar/repos/PorCrystalStructures/data/raw_xyz/xyz/porphyrins/EPITAZ_0.xyz,metal,NO_METAL
978,/home/shachar/repos/PorCrystalStructures/data/raw_xyz/xyz/porphyrins/EPITAZ_1.xyz,metal,NO_METAL
979,/home/shachar/repos/PorCrystalStructures/data/raw_xyz/xyz/porphyrins/EPITAZ_2.xyz,metal,NO_METAL
980,/home/shachar/repos/PorCrystalStructures/data/raw_xyz/xyz/porphyrins/EPITED01_0.xyz,metal,NO_METAL
981,/home/shachar/repos/PorCrystalStructures/data/raw_xyz/xyz/porphyrins/EPOFEW_0.xyz,metal,NO_METAL
982,/home/shachar/repos/PorCrystalStructures/data/raw_xyz/xyz/porphyrins/EPOSIM_0.xyz,metal,NO_METAL
983,/home/shachar/repos/PorCrystalStructures/data/raw_xyz/xyz/porphyrins/EQAHEM_0.xyz,topolocial,NOT_A_MONOMER
984,/home/shachar/repos/PorCrystalStructures/data/raw_xyz/xyz/porphyrins/EQAHEM_1.xyz,charge,TOO_LARGE_COUNTER_MOL
985,/home/shachar/repos/PorCrystalStructures/data/raw_xyz/xyz/porphyrins/EQAHEM_2.xyz,metal,NO_METAL
986,/home/shachar/repos/PorCrystalStructures/data/raw_xyz/xyz/porphyrins/EQUFON_0.xyz,valid,VALID
987,/home/shachar/repos/PorCrystalStructures/data/raw_xyz/xyz/porphyrins/EQUFON_1.xyz,metal,NO_METAL
988,/home/shachar/repos/PorCrystalStructures/data/raw_xyz/xyz/porphyrins/EQUZAS_0.xyz,topolocial,NOT_SATURATED
989,/home/shachar/repos/PorCrystalStructures/data/raw_xyz/xyz/porphyrins/EQUZEW_0.xyz,topolocial,NOT_SATURATED
990,/home/shachar/repos/PorCrystalStructures/data/raw_xyz/xyz/porphyrins/EQUZEW_1.xyz,metal,NO_METAL
991,/home/shachar/repos/PorCrystalStructures/data/raw_xyz/xyz/porphyrins/ERATIA_0.xyz,topolocial,BIDENTATE_MACROCYCLE_SUBS
992,/home/shachar/repos/PorCrystalStructures/data/raw_xyz/xyz/porphyrins/ERATIA_1.xyz,metal,NO_METAL
993,/home/shachar/repos/PorCrystalStructures/data/raw_xyz/xyz/porphyrins/ERATOG_0.xyz,topolocial,BIDENTATE_MACROCYCLE_SUBS
994,/home/shachar/repos/PorCrystalStructures/data/raw_xyz/xyz/porphyrins/ERATOG_1.xyz,metal,NO_METAL
995,/home/shachar/repos/PorCrystalStructures/data/raw_xyz/xyz/porphyrins/ERECUZ_0.xyz,topolocial,NOT_CONNECTED_MOLECULE
996,/home/shachar/repos/PorCrystalStructures/data/raw_xyz/xyz/porphyrins/EREDEK_0.xyz,charge,COUNTER_MOL_ODD_NUMBER_OF_ELECTRONS
997,/home/shachar/repos/PorCrystalStructures/data/raw_xyz/xyz/porphyrins/EREDEK_1.xyz,metal,NO_METAL
998,/home/shachar/repos/PorCrystalStructures/data/raw_xyz/xyz/porphyrins/EREDIO_0.xyz,valid,VALID
999,/home/shachar/repos/PorCrystalStructures/data/raw_xyz/xyz/porphyrins/EREDOU_0.xyz,charge,COUNTER_MOL_ODD_NUMBER_OF_ELECTRONS
1000,/home/shachar/repos/PorCrystalStructures/data/raw_xyz/xyz/porphyrins/EREDOU_1.xyz,metal,NO_METAL
1001,/home/shachar/repos/PorCrystalStructures/data/raw_xyz/xyz/porphyrins/EREDOU_2.xyz,metal,NO_METAL
1002,/home/shachar/repos/PorCrystalStructures/data/raw_xyz/xyz/porphyrins/EREDUA_0.xyz,valid,VALID
1003,/home/shachar/repos/PorCrystalStructures/data/raw_xyz/xyz/porphyrins/EREFAI_0.xyz,valid,VALID
1004,/home/shachar/repos/PorCrystalStructures/data/raw_xyz/xyz/porphyrins/EREFAI_1.xyz,metal,NO_METAL
1005,/home/shachar/repos/PorCrystalStructures/data/raw_xyz/xyz/porphyrins/ERESIG_0.xyz,topolocial,NOT_CONNECTED_MOLECULE
1006,/home/shachar/repos/PorCrystalStructures/data/raw_xyz/xyz/porphyrins/ERESIG_1.xyz,metal,NO_METAL
1007,/home/shachar/repos/PorCrystalStructures/data/raw_xyz/xyz/porphyrins/ERESIG_2.xyz,metal,NO_METAL
1008,/home/shachar/repos/PorCrystalStructures/data/raw_xyz/xyz/porphyrins/ERIREF_0.xyz,topolocial,NOT_A_MONOMER
1009,/home/shachar/repos/PorCrystalStructures/data/raw_xyz/xyz/porphyrins/ERIREF_1.xyz,metal,NO_METAL
1010,/home/shachar/repos/PorCrystalStructures/data/raw_xyz/xyz/porphyrins/EROJEC_0.xyz,topolocial,NOT_CONNECTED_MOLECULE
1011,/home/shachar/repos/PorCrystalStructures/data/raw_xyz/xyz/porphyrins/EROJEC_1.xyz,charge,TOO_LARGE_COUNTER_MOL
1012,/home/shachar/repos/PorCrystalStructures/data/raw_xyz/xyz/porphyrins/EROLAB_0.xyz,charge,MOL_ODD_NUMBER_OF_ELECTRONS
1013,/home/shachar/repos/PorCrystalStructures/data/raw_xyz/xyz/porphyrins/ESOJED_0.xyz,topolocial,NOT_CONNECTED_MOLECULE
1014,/home/shachar/repos/PorCrystalStructures/data/raw_xyz/xyz/porphyrins/ESOJED_1.xyz,metal,NO_METAL
1015,/home/shachar/repos/PorCrystalStructures/data/raw_xyz/xyz/porphyrins/ESOTEM_0.xyz,topolocial,NOT_A_MONOMER
1016,/home/shachar/repos/PorCrystalStructures/data/raw_xyz/xyz/porphyrins/ESOTEM_1.xyz,metal,NO_METAL
1017,/home/shachar/repos/PorCrystalStructures/data/raw_xyz/xyz/porphyrins/ESOTIQ_0.xyz,topolocial,NOT_A_MONOMER
1018,/home/shachar/repos/PorCrystalStructures/data/raw_xyz/xyz/porphyrins/ESOTIQ_1.xyz,metal,NO_METAL
1019,/home/shachar/repos/PorCrystalStructures/data/raw_xyz/xyz/porphyrins/ESUWAR_0.xyz,topolocial,NOT_CONNECTED_MOLECULE
1020,/home/shachar/repos/PorCrystalStructures/data/raw_xyz/xyz/porphyrins/ESUWAR_1.xyz,metal,NO_METAL
1021,/home/shachar/repos/PorCrystalStructures/data/raw_xyz/xyz/porphyrins/ESUWAR_2.xyz,metal,NO_METAL
1022,/home/shachar/repos/PorCrystalStructures/data/raw_xyz/xyz/porphyrins/ETISEI_0.xyz,valid,VALID
1023,/home/shachar/repos/PorCrystalStructures/data/raw_xyz/xyz/porphyrins/ETISEI_1.xyz,metal,NO_METAL
1024,/home/shachar/repos/PorCrystalStructures/data/raw_xyz/xyz/porphyrins/ETISIM_0.xyz,valid,VALID
1025,/home/shachar/repos/PorCrystalStructures/data/raw_xyz/xyz/porphyrins/ETISIM_1.xyz,metal,NO_METAL
1026,/home/shachar/repos/PorCrystalStructures/data/raw_xyz/xyz/porphyrins/ETOVOZ_0.xyz,topolocial,NOT_A_MONOMER
1027,/home/shachar/repos/PorCrystalStructures/data/raw_xyz/xyz/porphyrins/ETUKOW_0.xyz,valid,VALID
1028,/home/shachar/repos/PorCrystalStructures/data/raw_xyz/xyz/porphyrins/ETUKOW_1.xyz,metal,NO_METAL
1029,/home/shachar/repos/PorCrystalStructures/data/raw_xyz/xyz/porphyrins/ETUKOW_2.xyz,metal,NO_METAL
1030,/home/shachar/repos/PorCrystalStructures/data/raw_xyz/xyz/porphyrins/EVAFEM_0.xyz,topolocial,NOT_A_MONOMER
1031,/home/shachar/repos/PorCrystalStructures/data/raw_xyz/xyz/porphyrins/EVAFEM_1.xyz,metal,NO_METAL
1032,/home/shachar/repos/PorCrystalStructures/data/raw_xyz/xyz/porphyrins/EVIGEX_0.xyz,metal,NO_METAL
1033,/home/shachar/repos/PorCrystalStructures/data/raw_xyz/xyz/porphyrins/EVIGEX_1.xyz,metal,NO_METAL
1034,/home/shachar/repos/PorCrystalStructures/data/raw_xyz/xyz/porphyrins/EWAWOP_0.xyz,topolocial,NOT_A_MONOMER
1035,/home/shachar/repos/PorCrystalStructures/data/raw_xyz/xyz/porphyrins/EWAWOP_1.xyz,metal,NO_METAL
1036,/home/shachar/repos/PorCrystalStructures/data/raw_xyz/xyz/porphyrins/EWAWOP_2.xyz,metal,NO_METAL
1037,/home/shachar/repos/PorCrystalStructures/data/raw_xyz/xyz/porphyrins/EWICIW_0.xyz,metal,NO_METAL
1038,/home/shachar/repos/PorCrystalStructures/data/raw_xyz/xyz/porphyrins/EWICIW_1.xyz,metal,NO_METAL
1039,/home/shachar/repos/PorCrystalStructures/data/raw_xyz/xyz/porphyrins/EWOBEX_0.xyz,topolocial,NOT_A_MONOMER
1040,/home/shachar/repos/PorCrystalStructures/data/raw_xyz/xyz/porphyrins/EWOFAX_0.xyz,topolocial,NOT_A_MONOMER
1041,/home/shachar/repos/PorCrystalStructures/data/raw_xyz/xyz/porphyrins/EWOFAX_1.xyz,metal,NO_METAL
1042,/home/shachar/repos/PorCrystalStructures/data/raw_xyz/xyz/porphyrins/EWOFEB_0.xyz,topolocial,NOT_A_MONOMER
1043,/home/shachar/repos/PorCrystalStructures/data/raw_xyz/xyz/porphyrins/EWOFEB_1.xyz,metal,NO_METAL
1044,/home/shachar/repos/PorCrystalStructures/data/raw_xyz/xyz/porphyrins/EWOFEB_2.xyz,metal,NO_METAL
1045,/home/shachar/repos/PorCrystalStructures/data/raw_xyz/xyz/porphyrins/EWOFEB_3.xyz,metal,NO_METAL
1046,/home/shachar/repos/PorCrystalStructures/data/raw_xyz/xyz/porphyrins/EWOMAG_0.xyz,topolocial,NOT_A_MONOMER
1047,/home/shachar/repos/PorCrystalStructures/data/raw_xyz/xyz/porphyrins/EWOMAG_1.xyz,metal,NO_METAL
1048,/home/shachar/repos/PorCrystalStructures/data/raw_xyz/xyz/porphyrins/EWOMAG_2.xyz,metal,NO_METAL
1049,/home/shachar/repos/PorCrystalStructures/data/raw_xyz/xyz/porphyrins/EWOMEK_0.xyz,topolocial,NOT_A_MONOMER
1050,/home/shachar/repos/PorCrystalStructures/data/raw_xyz/xyz/porphyrins/EWOMEK_1.xyz,metal,NO_METAL
1051,/home/shachar/repos/PorCrystalStructures/data/raw_xyz/xyz/porphyrins/EWOMEK_2.xyz,metal,NO_METAL
1052,/home/shachar/repos/PorCrystalStructures/data/raw_xyz/xyz/porphyrins/EWOMEK_3.xyz,metal,NO_METAL
1053,/home/shachar/repos/PorCrystalStructures/data/raw_xyz/xyz/porphyrins/EWOMEK_4.xyz,metal,NO_METAL
1054,/home/shachar/repos/PorCrystalStructures/data/raw_xyz/xyz/porphyrins/EWOMIO_0.xyz,topolocial,NOT_A_MONOMER
1055,/home/shachar/repos/PorCrystalStructures/data/raw_xyz/xyz/porphyrins/EWOMIO_1.xyz,metal,NO_METAL
1056,/home/shachar/repos/PorCrystalStructures/data/raw_xyz/xyz/porphyrins/EWOMIO_2.xyz,metal,NO_METAL
1057,/home/shachar/repos/PorCrystalStructures/data/raw_xyz/xyz/porphyrins/EWOMIO_3.xyz,metal,NO_METAL
1058,/home/shachar/repos/PorCrystalStructures/data/raw_xyz/xyz/porphyrins/EWOMIO_4.xyz,metal,NO_METAL
1059,/home/shachar/repos/PorCrystalStructures/data/raw_xyz/xyz/porphyrins/EWURIZ_0.xyz,charge,COUNTER_MOL_ODD_NUMBER_OF_ELECTRONS
1060,/home/shachar/repos/PorCrystalStructures/data/raw_xyz/xyz/porphyrins/EWURIZ_1.xyz,metal,NO_METAL
1061,/home/shachar/repos/PorCrystalStructures/data/raw_xyz/xyz/porphyrins/EWURIZ_2.xyz,metal,NO_METAL
1062,/home/shachar/repos/PorCrystalStructures/data/raw_xyz/xyz/porphyrins/EWURUL_0.xyz,valid,VALID
1063,/home/shachar/repos/PorCrystalStructures/data/raw_xyz/xyz/porphyrins/EWUSAS_0.xyz,valid,VALID
1064,/home/shachar/repos/PorCrystalStructures/data/raw_xyz/xyz/porphyrins/EWUTUN_0.xyz,topolocial,NOT_CONNECTED_MOLECULE
1065,/home/shachar/repos/PorCrystalStructures/data/raw_xyz/xyz/porphyrins/EWUTUN_1.xyz,topolocial,NOT_A_MONOMER
1066,/home/shachar/repos/PorCrystalStructures/data/raw_xyz/xyz/porphyrins/EWUTUN_2.xyz,metal,NO_METAL
1067,/home/shachar/repos/PorCrystalStructures/data/raw_xyz/xyz/porphyrins/EWUTUN_3.xyz,metal,NO_METAL
1068,/home/shachar/repos/PorCrystalStructures/data/raw_xyz/xyz/porphyrins/EWUTUN_4.xyz,metal,NO_METAL
1069,/home/shachar/repos/PorCrystalStructures/data/raw_xyz/xyz/porphyrins/EWUTUN_5.xyz,metal,NO_METAL
1070,/home/shachar/repos/PorCrystalStructures/data/raw_xyz/xyz/porphyrins/EWUTUN_6.xyz,metal,NO_METAL
1071,/home/shachar/repos/PorCrystalStructures/data/raw_xyz/xyz/porphyrins/EXACOV_0.xyz,topolocial,NOT_SATURATED
1072,/home/shachar/repos/PorCrystalStructures/data/raw_xyz/xyz/porphyrins/EXAKET_0.xyz,metal,NO_METAL
1073,/home/shachar/repos/PorCrystalStructures/data/raw_xyz/xyz/porphyrins/EXAKET_1.xyz,metal,NO_METAL
1074,/home/shachar/repos/PorCrystalStructures/data/raw_xyz/xyz/porphyrins/EXAKET_2.xyz,metal,NO_METAL
1075,/home/shachar/repos/PorCrystalStructures/data/raw_xyz/xyz/porphyrins/EXAKET_3.xyz,metal,NO_METAL
1076,/home/shachar/repos/PorCrystalStructures/data/raw_xyz/xyz/porphyrins/EXAKET_4.xyz,metal,NO_METAL
1077,/home/shachar/repos/PorCrystalStructures/data/raw_xyz/xyz/porphyrins/EYIHOJ_0.xyz,topolocial,NOT_CONNECTED_MOLECULE
1078,/home/shachar/repos/PorCrystalStructures/data/raw_xyz/xyz/porphyrins/EYIHOJ_1.xyz,metal,NO_METAL
1079,/home/shachar/repos/PorCrystalStructures/data/raw_xyz/xyz/porphyrins/EYIPOS_0.xyz,topolocial,NOT_CONNECTED_MOLECULE
1080,/home/shachar/repos/PorCrystalStructures/data/raw_xyz/xyz/porphyrins/EYIPUY_0.xyz,charge,MOL_ODD_NUMBER_OF_ELECTRONS
1081,/home/shachar/repos/PorCrystalStructures/data/raw_xyz/xyz/porphyrins/EYIPUY_1.xyz,metal,NO_METAL
1082,/home/shachar/repos/PorCrystalStructures/data/raw_xyz/xyz/porphyrins/EYIQAF_0.xyz,metal,NO_METAL
1083,/home/shachar/repos/PorCrystalStructures/data/raw_xyz/xyz/porphyrins/EZETUB_0.xyz,metal,NO_METAL
1084,/home/shachar/repos/PorCrystalStructures/data/raw_xyz/xyz/porphyrins/EZOGEF_0.xyz,topolocial,NOT_A_MONOMER
1085,/home/shachar/repos/PorCrystalStructures/data/raw_xyz/xyz/porphyrins/EZOGEF_1.xyz,metal,NO_METAL
1086,/home/shachar/repos/PorCrystalStructures/data/raw_xyz/xyz/porphyrins/EZOGIJ_0.xyz,topolocial,NOT_A_MONOMER
1087,/home/shachar/repos/PorCrystalStructures/data/raw_xyz/xyz/porphyrins/EZOGIJ_1.xyz,metal,NO_METAL
1088,/home/shachar/repos/PorCrystalStructures/data/raw_xyz/xyz/porphyrins/EZOGIJ_2.xyz,metal,NO_METAL
1089,/home/shachar/repos/PorCrystalStructures/data/raw_xyz/xyz/porphyrins/EZOGIJ_3.xyz,metal,NO_METAL
1090,/home/shachar/repos/PorCrystalStructures/data/raw_xyz/xyz/porphyrins/FABKUS_0.xyz,metal,NO_METAL
1091,/home/shachar/repos/PorCrystalStructures/data/raw_xyz/xyz/porphyrins/FABKUS_1.xyz,metal,NO_METAL
1092,/home/shachar/repos/PorCrystalStructures/data/raw_xyz/xyz/porphyrins/FABKUS_2.xyz,metal,NO_METAL
1093,/home/shachar/repos/PorCrystalStructures/data/raw_xyz/xyz/porphyrins/FABKUS_3.xyz,metal,NO_METAL
1094,/home/shachar/repos/PorCrystalStructures/data/raw_xyz/xyz/porphyrins/FABKUS_4.xyz,metal,NO_METAL
1095,/home/shachar/repos/PorCrystalStructures/data/raw_xyz/xyz/porphyrins/FABKUS_5.xyz,metal,NO_METAL
1096,/home/shachar/repos/PorCrystalStructures/data/raw_xyz/xyz/porphyrins/FABKUS_6.xyz,metal,NO_METAL
1097,/home/shachar/repos/PorCrystalStructures/data/raw_xyz/xyz/porphyrins/FABKUS_7.xyz,metal,NO_METAL
1098,/home/shachar/repos/PorCrystalStructures/data/raw_xyz/xyz/porphyrins/FAFROV_0.xyz,charge,MOL_ODD_NUMBER_OF_ELECTRONS
1099,/home/shachar/repos/PorCrystalStructures/data/raw_xyz/xyz/porphyrins/FAFWAM_0.xyz,metal,NO_METAL
1100,/home/shachar/repos/PorCrystalStructures/data/raw_xyz/xyz/porphyrins/FAFWEQ_0.xyz,topolocial,BIDENTATE_MACROCYCLE_SUBS
1101,/home/shachar/repos/PorCrystalStructures/data/raw_xyz/xyz/porphyrins/FAFWEQ_1.xyz,metal,NO_METAL
1102,/home/shachar/repos/PorCrystalStructures/data/raw_xyz/xyz/porphyrins/FAFWUG_0.xyz,topolocial,NOT_A_MONOMER
1103,/home/shachar/repos/PorCrystalStructures/data/raw_xyz/xyz/porphyrins/FAFXAN_0.xyz,metal,NO_METAL
1104,/home/shachar/repos/PorCrystalStructures/data/raw_xyz/xyz/porphyrins/FAGRAH_0.xyz,topolocial,NOT_A_MONOMER
1105,/home/shachar/repos/PorCrystalStructures/data/raw_xyz/xyz/porphyrins/FAHXOB_0.xyz,topolocial,PYRROLE_NOT_BOUND_TO_METAL
1106,/home/shachar/repos/PorCrystalStructures/data/raw_xyz/xyz/porphyrins/FAJKIK_0.xyz,topolocial,DOESNT_HAVE_METAL
1107,/home/shachar/repos/PorCrystalStructures/data/raw_xyz/xyz/porphyrins/FAJXAQ_0.xyz,topolocial,PYRROLE_NOT_BOUND_TO_METAL
1108,/home/shachar/repos/PorCrystalStructures/data/raw_xyz/xyz/porphyrins/FAJXAQ_1.xyz,metal,NO_METAL
1109,/home/shachar/repos/PorCrystalStructures/data/raw_xyz/xyz/porphyrins/FAJXAQ_2.xyz,metal,NO_METAL
1110,/home/shachar/repos/PorCrystalStructures/data/raw_xyz/xyz/porphyrins/FAJXAQ_3.xyz,metal,NO_METAL
1111,/home/shachar/repos/PorCrystalStructures/data/raw_xyz/xyz/porphyrins/FAKGEH01_0.xyz,metal,NO_METAL
1112,/home/shachar/repos/PorCrystalStructures/data/raw_xyz/xyz/porphyrins/FAKGEH01_1.xyz,metal,NO_METAL
1113,/home/shachar/repos/PorCrystalStructures/data/raw_xyz/xyz/porphyrins/FAKGEH01_2.xyz,metal,NO_METAL
1114,/home/shachar/repos/PorCrystalStructures/data/raw_xyz/xyz/porphyrins/FAKGOO_0.xyz,topolocial,NOT_CONNECTED_MOLECULE
1115,/home/shachar/repos/PorCrystalStructures/data/raw_xyz/xyz/porphyrins/FAKGOO_1.xyz,metal,NO_METAL
1116,/home/shachar/repos/PorCrystalStructures/data/raw_xyz/xyz/porphyrins/FAKGOR_0.xyz,metal,NO_METAL
1117,/home/shachar/repos/PorCrystalStructures/data/raw_xyz/xyz/porphyrins/FAKGUU_0.xyz,topolocial,NOT_CONNECTED_MOLECULE
1118,/home/shachar/repos/PorCrystalStructures/data/raw_xyz/xyz/porphyrins/FAKHAE_0.xyz,metal,NO_METAL
1119,/home/shachar/repos/PorCrystalStructures/data/raw_xyz/xyz/porphyrins/FAKHOP_0.xyz,topolocial,NOT_CONNECTED_MOLECULE
1120,/home/shachar/repos/PorCrystalStructures/data/raw_xyz/xyz/porphyrins/FAKHOP_1.xyz,metal,NO_METAL
1121,/home/shachar/repos/PorCrystalStructures/data/raw_xyz/xyz/porphyrins/FAMSUL_0.xyz,charge,TOO_LARGE_COUNTER_MOL
1122,/home/shachar/repos/PorCrystalStructures/data/raw_xyz/xyz/porphyrins/FAMSUL_1.xyz,metal,NO_METAL
1123,/home/shachar/repos/PorCrystalStructures/data/raw_xyz/xyz/porphyrins/FAMTAS_0.xyz,valid,VALID
1124,/home/shachar/repos/PorCrystalStructures/data/raw_xyz/xyz/porphyrins/FAMTEW_0.xyz,valid,VALID
1125,/home/shachar/repos/PorCrystalStructures/data/raw_xyz/xyz/porphyrins/FAMTEW_1.xyz,metal,NO_METAL
1126,/home/shachar/repos/PorCrystalStructures/data/raw_xyz/xyz/porphyrins/FAMTIA_0.xyz,valid,VALID
1127,/home/shachar/repos/PorCrystalStructures/data/raw_xyz/xyz/porphyrins/FAMTIA_1.xyz,metal,NO_METAL
1128,/home/shachar/repos/PorCrystalStructures/data/raw_xyz/xyz/porphyrins/FAPCAC_0.xyz,valid,VALID
1129,/home/shachar/repos/PorCrystalStructures/data/raw_xyz/xyz/porphyrins/FAPCEG_0.xyz,topolocial,NOT_CONNECTED_MOLECULE
1130,/home/shachar/repos/PorCrystalStructures/data/raw_xyz/xyz/porphyrins/FAPCEG_1.xyz,metal,NO_METAL
1131,/home/shachar/repos/PorCrystalStructures/data/raw_xyz/xyz/porphyrins/FAQVUR_0.xyz,topolocial,NOT_A_MONOMER
1132,/home/shachar/repos/PorCrystalStructures/data/raw_xyz/xyz/porphyrins/FAQVUR_1.xyz,metal,NO_METAL
1133,/home/shachar/repos/PorCrystalStructures/data/raw_xyz/xyz/porphyrins/FAQXUT_0.xyz,topolocial,NOT_CONNECTED_MOLECULE
1134,/home/shachar/repos/PorCrystalStructures/data/raw_xyz/xyz/porphyrins/FARJIU_0.xyz,valid,VALID
1135,/home/shachar/repos/PorCrystalStructures/data/raw_xyz/xyz/porphyrins/FASSIB_0.xyz,topolocial,NOT_SATURATED
1136,/home/shachar/repos/PorCrystalStructures/data/raw_xyz/xyz/porphyrins/FATDUA_0.xyz,topolocial,HAS_MORE_THAN_4_PYRROLES
1137,/home/shachar/repos/PorCrystalStructures/data/raw_xyz/xyz/porphyrins/FATDUA_1.xyz,metal,NO_METAL
1138,/home/shachar/repos/PorCrystalStructures/data/raw_xyz/xyz/porphyrins/FATRAW_0.xyz,valid,VALID
1139,/home/shachar/repos/PorCrystalStructures/data/raw_xyz/xyz/porphyrins/FATRAW_1.xyz,metal,NO_METAL
1140,/home/shachar/repos/PorCrystalStructures/data/raw_xyz/xyz/porphyrins/FATWUS_0.xyz,charge,TOO_LARGE_COUNTER_MOL
1141,/home/shachar/repos/PorCrystalStructures/data/raw_xyz/xyz/porphyrins/FATWUS_1.xyz,metal,NO_METAL
1142,/home/shachar/repos/PorCrystalStructures/data/raw_xyz/xyz/porphyrins/FATXIH_0.xyz,topolocial,NOT_CONNECTED_MOLECULE
1143,/home/shachar/repos/PorCrystalStructures/data/raw_xyz/xyz/porphyrins/FATXIH_1.xyz,metal,NO_METAL
1144,/home/shachar/repos/PorCrystalStructures/data/raw_xyz/xyz/porphyrins/FATYAA_0.xyz,topolocial,NOT_CONNECTED_MOLECULE
1145,/home/shachar/repos/PorCrystalStructures/data/raw_xyz/xyz/porphyrins/FATYAA_1.xyz,metal,NO_METAL
1146,/home/shachar/repos/PorCrystalStructures/data/raw_xyz/xyz/porphyrins/FATYEE_0.xyz,charge,TOO_LARGE_COUNTER_MOL
1147,/home/shachar/repos/PorCrystalStructures/data/raw_xyz/xyz/porphyrins/FATYEE_1.xyz,metal,NO_METAL
1148,/home/shachar/repos/PorCrystalStructures/data/raw_xyz/xyz/porphyrins/FAVFAJ_0.xyz,topolocial,NOT_CONNECTED_MOLECULE
1149,/home/shachar/repos/PorCrystalStructures/data/raw_xyz/xyz/porphyrins/FAVFAJ_1.xyz,metal,NO_METAL
1150,/home/shachar/repos/PorCrystalStructures/data/raw_xyz/xyz/porphyrins/FAVFAJ_2.xyz,metal,NO_METAL
1151,/home/shachar/repos/PorCrystalStructures/data/raw_xyz/xyz/porphyrins/FAVFIR_0.xyz,topolocial,NOT_CONNECTED_MOLECULE
1152,/home/shachar/repos/PorCrystalStructures/data/raw_xyz/xyz/porphyrins/FAVFIR_1.xyz,charge,TOO_LARGE_COUNTER_MOL
1153,/home/shachar/repos/PorCrystalStructures/data/raw_xyz/xyz/porphyrins/FAVGUE_0.xyz,valid,VALID
1154,/home/shachar/repos/PorCrystalStructures/data/raw_xyz/xyz/porphyrins/FAXZAJ_0.xyz,topolocial,NOT_CONNECTED_MOLECULE
1155,/home/shachar/repos/PorCrystalStructures/data/raw_xyz/xyz/porphyrins/FAXZAJ_1.xyz,metal,NO_METAL
1156,/home/shachar/repos/PorCrystalStructures/data/raw_xyz/xyz/porphyrins/FAZCAN_0.xyz,topolocial,NOT_A_MONOMER
1157,/home/shachar/repos/PorCrystalStructures/data/raw_xyz/xyz/porphyrins/FAZCER_0.xyz,topolocial,NOT_A_MONOMER
1158,/home/shachar/repos/PorCrystalStructures/data/raw_xyz/xyz/porphyrins/FAZCER_1.xyz,metal,NO_METAL
1159,/home/shachar/repos/PorCrystalStructures/data/raw_xyz/xyz/porphyrins/FEBVIR_0.xyz,topolocial,NOT_CONNECTED_MOLECULE
1160,/home/shachar/repos/PorCrystalStructures/data/raw_xyz/xyz/porphyrins/FEFBUP_0.xyz,topolocial,HAS_MORE_THAN_4_PYRROLES
1161,/home/shachar/repos/PorCrystalStructures/data/raw_xyz/xyz/porphyrins/FEFBUP_1.xyz,metal,NO_METAL
1162,/home/shachar/repos/PorCrystalStructures/data/raw_xyz/xyz/porphyrins/FEGBOI_0.xyz,topolocial,NOT_SATURATED
1163,/home/shachar/repos/PorCrystalStructures/data/raw_xyz/xyz/porphyrins/FEJMAI_0.xyz,topolocial,BIDENTATE_MACROCYCLE_SUBS
1164,/home/shachar/repos/PorCrystalStructures/data/raw_xyz/xyz/porphyrins/FEKKUC_0.xyz,metal,NO_METAL
1165,/home/shachar/repos/PorCrystalStructures/data/raw_xyz/xyz/porphyrins/FEKKUC_1.xyz,metal,NO_METAL
1166,/home/shachar/repos/PorCrystalStructures/data/raw_xyz/xyz/porphyrins/FEKLAJ_0.xyz,topolocial,BIDENTATE_MACROCYCLE_SUBS
1167,/home/shachar/repos/PorCrystalStructures/data/raw_xyz/xyz/porphyrins/FEKLEN_0.xyz,topolocial,BIDENTATE_MACROCYCLE_SUBS
1168,/home/shachar/repos/PorCrystalStructures/data/raw_xyz/xyz/porphyrins/FEKLEN_1.xyz,metal,NO_METAL
1169,/home/shachar/repos/PorCrystalStructures/data/raw_xyz/xyz/porphyrins/FEKLEN_2.xyz,metal,NO_METAL
1170,/home/shachar/repos/PorCrystalStructures/data/raw_xyz/xyz/porphyrins/FEKWUP_0.xyz,topolocial,NOT_CONNECTED_MOLECULE
1171,/home/shachar/repos/PorCrystalStructures/data/raw_xyz/xyz/porphyrins/FEKWUP_1.xyz,metal,NO_METAL
1172,/home/shachar/repos/PorCrystalStructures/data/raw_xyz/xyz/porphyrins/FEKWUP_2.xyz,metal,NO_METAL
1173,/home/shachar/repos/PorCrystalStructures/data/raw_xyz/xyz/porphyrins/FEKWUP_3.xyz,metal,NO_METAL
1174,/home/shachar/repos/PorCrystalStructures/data/raw_xyz/xyz/porphyrins/FEKYUQ_0.xyz,topolocial,BIDENTATE_MACROCYCLE_SUBS
1175,/home/shachar/repos/PorCrystalStructures/data/raw_xyz/xyz/porphyrins/FEMQIX_0.xyz,valid,VALID
1176,/home/shachar/repos/PorCrystalStructures/data/raw_xyz/xyz/porphyrins/FEMQIX_1.xyz,metal,NO_METAL
1177,/home/shachar/repos/PorCrystalStructures/data/raw_xyz/xyz/porphyrins/FEMQOD_0.xyz,valid,VALID
1178,/home/shachar/repos/PorCrystalStructures/data/raw_xyz/xyz/porphyrins/FEMQOD_1.xyz,metal,NO_METAL
1179,/home/shachar/repos/PorCrystalStructures/data/raw_xyz/xyz/porphyrins/FEMQUJ_0.xyz,valid,VALID
1180,/home/shachar/repos/PorCrystalStructures/data/raw_xyz/xyz/porphyrins/FEMQUJ_1.xyz,metal,NO_METAL
1181,/home/shachar/repos/PorCrystalStructures/data/raw_xyz/xyz/porphyrins/FENFEN_0.xyz,topolocial,NOT_A_MONOMER
1182,/home/shachar/repos/PorCrystalStructures/data/raw_xyz/xyz/porphyrins/FENFEN_1.xyz,charge,TOO_LARGE_COUNTER_MOL
1183,/home/shachar/repos/PorCrystalStructures/data/raw_xyz/xyz/porphyrins/FENFEN_2.xyz,metal,NO_METAL
1184,/home/shachar/repos/PorCrystalStructures/data/raw_xyz/xyz/porphyrins/FENFEN_3.xyz,metal,NO_METAL
1185,/home/shachar/repos/PorCrystalStructures/data/raw_xyz/xyz/porphyrins/FENFEN_4.xyz,metal,NO_METAL
1186,/home/shachar/repos/PorCrystalStructures/data/raw_xyz/xyz/porphyrins/FENFEN_5.xyz,metal,NO_METAL
1187,/home/shachar/repos/PorCrystalStructures/data/raw_xyz/xyz/porphyrins/FEQRIF_0.xyz,charge,MOL_ODD_NUMBER_OF_ELECTRONS
1188,/home/shachar/repos/PorCrystalStructures/data/raw_xyz/xyz/porphyrins/FEQRIF_1.xyz,metal,NO_METAL
1189,/home/shachar/repos/PorCrystalStructures/data/raw_xyz/xyz/porphyrins/FEQRIF_2.xyz,metal,NO_METAL
1190,/home/shachar/repos/PorCrystalStructures/data/raw_xyz/xyz/porphyrins/FEQRIF_3.xyz,metal,NO_METAL
1191,/home/shachar/repos/PorCrystalStructures/data/raw_xyz/xyz/porphyrins/FEQRIF_4.xyz,metal,NO_METAL
1192,/home/shachar/repos/PorCrystalStructures/data/raw_xyz/xyz/porphyrins/FEQROL_0.xyz,charge,MOL_ODD_NUMBER_OF_ELECTRONS
1193,/home/shachar/repos/PorCrystalStructures/data/raw_xyz/xyz/porphyrins/FEQROL_1.xyz,metal,NO_METAL
1194,/home/shachar/repos/PorCrystalStructures/data/raw_xyz/xyz/porphyrins/FEQROL_2.xyz,metal,NO_METAL
1195,/home/shachar/repos/PorCrystalStructures/data/raw_xyz/xyz/porphyrins/FEQROL_3.xyz,metal,NO_METAL
1196,/home/shachar/repos/PorCrystalStructures/data/raw_xyz/xyz/porphyrins/FEQROL_4.xyz,metal,NO_METAL
1197,/home/shachar/repos/PorCrystalStructures/data/raw_xyz/xyz/porphyrins/FEQROL_5.xyz,metal,NO_METAL
1198,/home/shachar/repos/PorCrystalStructures/data/raw_xyz/xyz/porphyrins/FEQROL_6.xyz,metal,NO_METAL
1199,/home/shachar/repos/PorCrystalStructures/data/raw_xyz/xyz/porphyrins/FEQROL_7.xyz,metal,NO_METAL
1200,/home/shachar/repos/PorCrystalStructures/data/raw_xyz/xyz/porphyrins/FERWEG_0.xyz,topolocial,PYRROLE_NOT_BOUND_TO_METAL
1201,/home/shachar/repos/PorCrystalStructures/data/raw_xyz/xyz/porphyrins/FERWEG_1.xyz,metal,NO_METAL
1202,/home/shachar/repos/PorCrystalStructures/data/raw_xyz/xyz/porphyrins/FERWIK_0.xyz,valid,VALID
1203,/home/shachar/repos/PorCrystalStructures/data/raw_xyz/xyz/porphyrins/FERWIK_1.xyz,metal,NO_METAL
1204,/home/shachar/repos/PorCrystalStructures/data/raw_xyz/xyz/porphyrins/FESSAY_0.xyz,topolocial,NOT_CONNECTED_MOLECULE
1205,/home/shachar/repos/PorCrystalStructures/data/raw_xyz/xyz/porphyrins/FESSEC_0.xyz,charge,MOL_ODD_NUMBER_OF_ELECTRONS
1206,/home/shachar/repos/PorCrystalStructures/data/raw_xyz/xyz/porphyrins/FESSIG_0.xyz,charge,MOL_ODD_NUMBER_OF_ELECTRONS
1207,/home/shachar/repos/PorCrystalStructures/data/raw_xyz/xyz/porphyrins/FESSOM_0.xyz,charge,MOL_ODD_NUMBER_OF_ELECTRONS
1208,/home/shachar/repos/PorCrystalStructures/data/raw_xyz/xyz/porphyrins/FESTAA_0.xyz,topolocial,DOESNT_HAVE_METAL
1209,/home/shachar/repos/PorCrystalStructures/data/raw_xyz/xyz/porphyrins/FESTAA_1.xyz,topolocial,DOESNT_HAVE_METAL
1210,/home/shachar/repos/PorCrystalStructures/data/raw_xyz/xyz/porphyrins/FESTAA_2.xyz,metal,NO_METAL
1211,/home/shachar/repos/PorCrystalStructures/data/raw_xyz/xyz/porphyrins/FEWQON_0.xyz,topolocial,BIDENTATE_MACROCYCLE_SUBS
1212,/home/shachar/repos/PorCrystalStructures/data/raw_xyz/xyz/porphyrins/FEWQON_1.xyz,metal,NO_METAL
1213,/home/shachar/repos/PorCrystalStructures/data/raw_xyz/xyz/porphyrins/FEXSIN_0.xyz,metal,NO_METAL
1214,/home/shachar/repos/PorCrystalStructures/data/raw_xyz/xyz/porphyrins/FEYYOZ_0.xyz,metal,NO_METAL
1215,/home/shachar/repos/PorCrystalStructures/data/raw_xyz/xyz/porphyrins/FEYYOZ_1.xyz,metal,NO_METAL
1216,/home/shachar/repos/PorCrystalStructures/data/raw_xyz/xyz/porphyrins/FEZJOK01_0.xyz,topolocial,NOT_CONNECTED_MOLECULE
1217,/home/shachar/repos/PorCrystalStructures/data/raw_xyz/xyz/porphyrins/FICKAF_0.xyz,topolocial,NOT_CONNECTED_MOLECULE
1218,/home/shachar/repos/PorCrystalStructures/data/raw_xyz/xyz/porphyrins/FICKAF_1.xyz,metal,NO_METAL
1219,/home/shachar/repos/PorCrystalStructures/data/raw_xyz/xyz/porphyrins/FIDHUY_0.xyz,topolocial,NOT_CONNECTED_MOLECULE
1220,/home/shachar/repos/PorCrystalStructures/data/raw_xyz/xyz/porphyrins/FIDQAM_0.xyz,metal,NO_METAL
1221,/home/shachar/repos/PorCrystalStructures/data/raw_xyz/xyz/porphyrins/FIDQEQ_0.xyz,metal,NO_METAL
1222,/home/shachar/repos/PorCrystalStructures/data/raw_xyz/xyz/porphyrins/FIGVUM_0.xyz,valid,VALID
1223,/home/shachar/repos/PorCrystalStructures/data/raw_xyz/xyz/porphyrins/FIGVUM_1.xyz,metal,NO_METAL
1224,/home/shachar/repos/PorCrystalStructures/data/raw_xyz/xyz/porphyrins/FIKPOG_0.xyz,topolocial,NOT_CONNECTED_MOLECULE
1225,/home/shachar/repos/PorCrystalStructures/data/raw_xyz/xyz/porphyrins/FILDIO_0.xyz,metal,NO_METAL
1226,/home/shachar/repos/PorCrystalStructures/data/raw_xyz/xyz/porphyrins/FILDIO_1.xyz,metal,NO_METAL
1227,/home/shachar/repos/PorCrystalStructures/data/raw_xyz/xyz/porphyrins/FILDOU_0.xyz,metal,NO_METAL
1228,/home/shachar/repos/PorCrystalStructures/data/raw_xyz/xyz/porphyrins/FIPDUE_0.xyz,topolocial,BIDENTATE_MACROCYCLE_SUBS
1229,/home/shachar/repos/PorCrystalStructures/data/raw_xyz/xyz/porphyrins/FIPDUE_1.xyz,metal,NO_METAL
1230,/home/shachar/repos/PorCrystalStructures/data/raw_xyz/xyz/porphyrins/FIPDUE_2.xyz,metal,NO_METAL
1231,/home/shachar/repos/PorCrystalStructures/data/raw_xyz/xyz/porphyrins/FIPDUE_3.xyz,metal,NO_METAL
1232,/home/shachar/repos/PorCrystalStructures/data/raw_xyz/xyz/porphyrins/FIPDUE_4.xyz,metal,NO_METAL
1233,/home/shachar/repos/PorCrystalStructures/data/raw_xyz/xyz/porphyrins/FIQPIG_0.xyz,topolocial,NOT_A_MONOMER
1234,/home/shachar/repos/PorCrystalStructures/data/raw_xyz/xyz/porphyrins/FIQPIG_1.xyz,metal,NO_METAL
1235,/home/shachar/repos/PorCrystalStructures/data/raw_xyz/xyz/porphyrins/FIQPIG_2.xyz,metal,NO_METAL
1236,/home/shachar/repos/PorCrystalStructures/data/raw_xyz/xyz/porphyrins/FIRYOW_0.xyz,valence,BAD VALENCE
1237,/home/shachar/repos/PorCrystalStructures/data/raw_xyz/xyz/porphyrins/FIRYOW_1.xyz,metal,NO_METAL
1238,/home/shachar/repos/PorCrystalStructures/data/raw_xyz/xyz/porphyrins/FIVQUZ_0.xyz,topolocial,NOT_SATURATED
1239,/home/shachar/repos/PorCrystalStructures/data/raw_xyz/xyz/porphyrins/FIVQUZ_1.xyz,metal,NO_METAL
1240,/home/shachar/repos/PorCrystalStructures/data/raw_xyz/xyz/porphyrins/FIVRAG_0.xyz,topolocial,NOT_CONNECTED_MOLECULE
1241,/home/shachar/repos/PorCrystalStructures/data/raw_xyz/xyz/porphyrins/FIVRAG_1.xyz,metal,NO_METAL
1242,/home/shachar/repos/PorCrystalStructures/data/raw_xyz/xyz/porphyrins/FIVRAG_2.xyz,metal,NO_METAL
1243,/home/shachar/repos/PorCrystalStructures/data/raw_xyz/xyz/porphyrins/FIVYOY_0.xyz,topolocial,NOT_A_MONOMER
1244,/home/shachar/repos/PorCrystalStructures/data/raw_xyz/xyz/porphyrins/FODTOJ01_0.xyz,topolocial,NOT_SATURATED
1245,/home/shachar/repos/PorCrystalStructures/data/raw_xyz/xyz/porphyrins/FODTOJ_0.xyz,topolocial,NOT_SATURATED
1246,/home/shachar/repos/PorCrystalStructures/data/raw_xyz/xyz/porphyrins/FOGGEP_0.xyz,valid,VALID
1247,/home/shachar/repos/PorCrystalStructures/data/raw_xyz/xyz/porphyrins/FOHYEH_0.xyz,valence,BAD VALENCE
1248,/home/shachar/repos/PorCrystalStructures/data/raw_xyz/xyz/porphyrins/FOHYEH_1.xyz,metal,NO_METAL
1249,/home/shachar/repos/PorCrystalStructures/data/raw_xyz/xyz/porphyrins/FOHYEH_2.xyz,metal,NO_METAL
1250,/home/shachar/repos/PorCrystalStructures/data/raw_xyz/xyz/porphyrins/FOHYEH_3.xyz,metal,NO_METAL
1251,/home/shachar/repos/PorCrystalStructures/data/raw_xyz/xyz/porphyrins/FOHYEH_4.xyz,metal,NO_METAL
1252,/home/shachar/repos/PorCrystalStructures/data/raw_xyz/xyz/porphyrins/FOHYIL_0.xyz,valid,VALID
1253,/home/shachar/repos/PorCrystalStructures/data/raw_xyz/xyz/porphyrins/FOHYIL_1.xyz,metal,NO_METAL
1254,/home/shachar/repos/PorCrystalStructures/data/raw_xyz/xyz/porphyrins/FOKDER_0.xyz,valid,VALID
1255,/home/shachar/repos/PorCrystalStructures/data/raw_xyz/xyz/porphyrins/FOKDER_1.xyz,metal,NO_METAL
1256,/home/shachar/repos/PorCrystalStructures/data/raw_xyz/xyz/porphyrins/FOKDIV_0.xyz,valid,VALID
1257,/home/shachar/repos/PorCrystalStructures/data/raw_xyz/xyz/porphyrins/FOKDIV_1.xyz,metal,NO_METAL
1258,/home/shachar/repos/PorCrystalStructures/data/raw_xyz/xyz/porphyrins/FOKDOB_0.xyz,valid,VALID
1259,/home/shachar/repos/PorCrystalStructures/data/raw_xyz/xyz/porphyrins/FOKDOB_1.xyz,metal,NO_METAL
1260,/home/shachar/repos/PorCrystalStructures/data/raw_xyz/xyz/porphyrins/FOKPUS_0.xyz,topolocial,NOT_A_MONOMER
1261,/home/shachar/repos/PorCrystalStructures/data/raw_xyz/xyz/porphyrins/FOKQED_0.xyz,topolocial,NOT_A_MONOMER
1262,/home/shachar/repos/PorCrystalStructures/data/raw_xyz/xyz/porphyrins/FOLWIM_0.xyz,topolocial,NOT_SATURATED
1263,/home/shachar/repos/PorCrystalStructures/data/raw_xyz/xyz/porphyrins/FOLWIM_1.xyz,metal,NO_METAL
1264,/home/shachar/repos/PorCrystalStructures/data/raw_xyz/xyz/porphyrins/FOLWIM_2.xyz,topolocial,NOT_A_MONOMER
1265,/home/shachar/repos/PorCrystalStructures/data/raw_xyz/xyz/porphyrins/FOLWIM_3.xyz,metal,NO_METAL
1266,/home/shachar/repos/PorCrystalStructures/data/raw_xyz/xyz/porphyrins/FOLWOS_0.xyz,topolocial,NOT_SATURATED
1267,/home/shachar/repos/PorCrystalStructures/data/raw_xyz/xyz/porphyrins/FOLWOS_1.xyz,metal,NO_METAL
1268,/home/shachar/repos/PorCrystalStructures/data/raw_xyz/xyz/porphyrins/FOLWOS_2.xyz,topolocial,NOT_A_MONOMER
1269,/home/shachar/repos/PorCrystalStructures/data/raw_xyz/xyz/porphyrins/FOPFOF_0.xyz,topolocial,NOT_CONNECTED_MOLECULE
1270,/home/shachar/repos/PorCrystalStructures/data/raw_xyz/xyz/porphyrins/FOSTIQ10_0.xyz,topolocial,NOT_SATURATED
1271,/home/shachar/repos/PorCrystalStructures/data/raw_xyz/xyz/porphyrins/FOTYIW_0.xyz,metal,NO_METAL
1272,/home/shachar/repos/PorCrystalStructures/data/raw_xyz/xyz/porphyrins/FOTYIW_1.xyz,metal,NO_METAL
1273,/home/shachar/repos/PorCrystalStructures/data/raw_xyz/xyz/porphyrins/FOTYOC_0.xyz,metal,NO_METAL
1274,/home/shachar/repos/PorCrystalStructures/data/raw_xyz/xyz/porphyrins/FOVTAO_0.xyz,charge,TOO_LARGE_COUNTER_MOL
1275,/home/shachar/repos/PorCrystalStructures/data/raw_xyz/xyz/porphyrins/FOVTAO_1.xyz,metal,NO_METAL
1276,/home/shachar/repos/PorCrystalStructures/data/raw_xyz/xyz/porphyrins/FOVTAO_2.xyz,metal,NO_METAL
1277,/home/shachar/repos/PorCrystalStructures/data/raw_xyz/xyz/porphyrins/FOVTIW_0.xyz,valence,BAD VALENCE
1278,/home/shachar/repos/PorCrystalStructures/data/raw_xyz/xyz/porphyrins/FOVTIW_1.xyz,metal,NO_METAL
1279,/home/shachar/repos/PorCrystalStructures/data/raw_xyz/xyz/porphyrins/FOVTOC_0.xyz,valid,VALID
1280,/home/shachar/repos/PorCrystalStructures/data/raw_xyz/xyz/porphyrins/FOVTOC_1.xyz,metal,NO_METAL
1281,/home/shachar/repos/PorCrystalStructures/data/raw_xyz/xyz/porphyrins/FOXJEI_0.xyz,charge,MOL_ODD_NUMBER_OF_ELECTRONS
1282,/home/shachar/repos/PorCrystalStructures/data/raw_xyz/xyz/porphyrins/FOXJEI_1.xyz,metal,NO_METAL
1283,/home/shachar/repos/PorCrystalStructures/data/raw_xyz/xyz/porphyrins/FOXJIM_0.xyz,topolocial,NOT_CONNECTED_MOLECULE
1284,/home/shachar/repos/PorCrystalStructures/data/raw_xyz/xyz/porphyrins/FOXJIM_1.xyz,metal,NO_METAL
1285,/home/shachar/repos/PorCrystalStructures/data/raw_xyz/xyz/porphyrins/FOXJIM_2.xyz,metal,NO_METAL
1286,/home/shachar/repos/PorCrystalStructures/data/raw_xyz/xyz/porphyrins/FUBJER_0.xyz,metal,NO_METAL
1287,/home/shachar/repos/PorCrystalStructures/data/raw_xyz/xyz/porphyrins/FUBJER_1.xyz,metal,NO_METAL
1288,/home/shachar/repos/PorCrystalStructures/data/raw_xyz/xyz/porphyrins/FUBJIV_0.xyz,metal,NO_METAL
1289,/home/shachar/repos/PorCrystalStructures/data/raw_xyz/xyz/porphyrins/FUBJIV_1.xyz,metal,NO_METAL
1290,/home/shachar/repos/PorCrystalStructures/data/raw_xyz/xyz/porphyrins/FUGCIW_0.xyz,valid,VALID
1291,/home/shachar/repos/PorCrystalStructures/data/raw_xyz/xyz/porphyrins/FUGCOC_0.xyz,topolocial,NOT_CONNECTED_MOLECULE
1292,/home/shachar/repos/PorCrystalStructures/data/raw_xyz/xyz/porphyrins/FUGCOC_1.xyz,metal,NO_METAL
1293,/home/shachar/repos/PorCrystalStructures/data/raw_xyz/xyz/porphyrins/FUGDAP_0.xyz,topolocial,NOT_CONNECTED_MOLECULE
1294,/home/shachar/repos/PorCrystalStructures/data/raw_xyz/xyz/porphyrins/FUGDAP_1.xyz,topolocial,NOT_CONNECTED_MOLECULE
1295,/home/shachar/repos/PorCrystalStructures/data/raw_xyz/xyz/porphyrins/FUGLOK_0.xyz,topolocial,NOT_SATURATED
1296,/home/shachar/repos/PorCrystalStructures/data/raw_xyz/xyz/porphyrins/FUGLOK_1.xyz,metal,NO_METAL
1297,/home/shachar/repos/PorCrystalStructures/data/raw_xyz/xyz/porphyrins/FUHPUV_0.xyz,metal,NO_METAL
1298,/home/shachar/repos/PorCrystalStructures/data/raw_xyz/xyz/porphyrins/FUHQAC_0.xyz,topolocial,NOT_A_MONOMER
1299,/home/shachar/repos/PorCrystalStructures/data/raw_xyz/xyz/porphyrins/FUHQEG_0.xyz,topolocial,NOT_A_MONOMER
1300,/home/shachar/repos/PorCrystalStructures/data/raw_xyz/xyz/porphyrins/FUJGIC_0.xyz,metal,NO_METAL
1301,/home/shachar/repos/PorCrystalStructures/data/raw_xyz/xyz/porphyrins/FUJGIC_1.xyz,metal,NO_METAL
1302,/home/shachar/repos/PorCrystalStructures/data/raw_xyz/xyz/porphyrins/FULCIA_0.xyz,metal,NO_METAL
1303,/home/shachar/repos/PorCrystalStructures/data/raw_xyz/xyz/porphyrins/FULCIA_1.xyz,metal,NO_METAL
1304,/home/shachar/repos/PorCrystalStructures/data/raw_xyz/xyz/porphyrins/FULCUM_0.xyz,metal,NO_METAL
1305,/home/shachar/repos/PorCrystalStructures/data/raw_xyz/xyz/porphyrins/FULCUM_1.xyz,metal,NO_METAL
1306,/home/shachar/repos/PorCrystalStructures/data/raw_xyz/xyz/porphyrins/FULDEX_0.xyz,metal,NO_METAL
1307,/home/shachar/repos/PorCrystalStructures/data/raw_xyz/xyz/porphyrins/FULDEX_1.xyz,metal,NO_METAL
1308,/home/shachar/repos/PorCrystalStructures/data/raw_xyz/xyz/porphyrins/FULXAO_0.xyz,metal,NO_METAL
1309,/home/shachar/repos/PorCrystalStructures/data/raw_xyz/xyz/porphyrins/FUPCEY_0.xyz,topolocial,NOT_SATURATED
1310,/home/shachar/repos/PorCrystalStructures/data/raw_xyz/xyz/porphyrins/FUPCEY_1.xyz,metal,NO_METAL
1311,/home/shachar/repos/PorCrystalStructures/data/raw_xyz/xyz/porphyrins/FUQTER_0.xyz,topolocial,NOT_CONNECTED_MOLECULE
1312,/home/shachar/repos/PorCrystalStructures/data/raw_xyz/xyz/porphyrins/FUQTER_1.xyz,metal,NO_METAL
1313,/home/shachar/repos/PorCrystalStructures/data/raw_xyz/xyz/porphyrins/GACVOZ01_0.xyz,topolocial,NOT_CONNECTED_MOLECULE
1314,/home/shachar/repos/PorCrystalStructures/data/raw_xyz/xyz/porphyrins/GACVOZ_0.xyz,topolocial,NOT_CONNECTED_MOLECULE
1315,/home/shachar/repos/PorCrystalStructures/data/raw_xyz/xyz/porphyrins/GACVOZ_1.xyz,charge,MOL_ODD_NUMBER_OF_ELECTRONS
1316,/home/shachar/repos/PorCrystalStructures/data/raw_xyz/xyz/porphyrins/GAFDOH_0.xyz,topolocial,HAS_MORE_THAN_4_PYRROLES
1317,/home/shachar/repos/PorCrystalStructures/data/raw_xyz/xyz/porphyrins/GAFDOH_1.xyz,metal,NO_METAL
1318,/home/shachar/repos/PorCrystalStructures/data/raw_xyz/xyz/porphyrins/GAFDOH_2.xyz,metal,NO_METAL
1319,/home/shachar/repos/PorCrystalStructures/data/raw_xyz/xyz/porphyrins/GAFZET_0.xyz,metal,NO_METAL
1320,/home/shachar/repos/PorCrystalStructures/data/raw_xyz/xyz/porphyrins/GAFZET_1.xyz,metal,NO_METAL
1321,/home/shachar/repos/PorCrystalStructures/data/raw_xyz/xyz/porphyrins/GAHLOQ_0.xyz,charge,MOL_ODD_NUMBER_OF_ELECTRONS
1322,/home/shachar/repos/PorCrystalStructures/data/raw_xyz/xyz/porphyrins/GAHLOQ_1.xyz,metal,NO_METAL
1323,/home/shachar/repos/PorCrystalStructures/data/raw_xyz/xyz/porphyrins/GAHLOQ_2.xyz,topolocial,NOT_A_MONOMER
1324,/home/shachar/repos/PorCrystalStructures/data/raw_xyz/xyz/porphyrins/GAHLOQ_3.xyz,metal,NO_METAL
1325,/home/shachar/repos/PorCrystalStructures/data/raw_xyz/xyz/porphyrins/GAJHAA_0.xyz,topolocial,BIDENTATE_MACROCYCLE_SUBS
1326,/home/shachar/repos/PorCrystalStructures/data/raw_xyz/xyz/porphyrins/GAJHAA_1.xyz,metal,NO_METAL
1327,/home/shachar/repos/PorCrystalStructures/data/raw_xyz/xyz/porphyrins/GAMTAP_0.xyz,topolocial,NOT_CONNECTED_MOLECULE
1328,/home/shachar/repos/PorCrystalStructures/data/raw_xyz/xyz/porphyrins/GAPRUK_0.xyz,topolocial,NOT_A_MONOMER
1329,/home/shachar/repos/PorCrystalStructures/data/raw_xyz/xyz/porphyrins/GAQFEN_0.xyz,topolocial,NOT_CONNECTED_MOLECULE
1330,/home/shachar/repos/PorCrystalStructures/data/raw_xyz/xyz/porphyrins/GAQFEN_1.xyz,metal,NO_METAL
1331,/home/shachar/repos/PorCrystalStructures/data/raw_xyz/xyz/porphyrins/GAQFEN_2.xyz,metal,NO_METAL
1332,/home/shachar/repos/PorCrystalStructures/data/raw_xyz/xyz/porphyrins/GAQFIR_0.xyz,topolocial,NOT_CONNECTED_MOLECULE
1333,/home/shachar/repos/PorCrystalStructures/data/raw_xyz/xyz/porphyrins/GAQFIR_1.xyz,metal,NO_METAL
1334,/home/shachar/repos/PorCrystalStructures/data/raw_xyz/xyz/porphyrins/GAQFIR_2.xyz,metal,NO_METAL
1335,/home/shachar/repos/PorCrystalStructures/data/raw_xyz/xyz/porphyrins/GATDOW_0.xyz,topolocial,HAS_MORE_THAN_4_PYRROLES
1336,/home/shachar/repos/PorCrystalStructures/data/raw_xyz/xyz/porphyrins/GATNAT_0.xyz,charge,MOL_ODD_NUMBER_OF_ELECTRONS
1337,/home/shachar/repos/PorCrystalStructures/data/raw_xyz/xyz/porphyrins/GATZEJ_0.xyz,topolocial,NOT_CONNECTED_MOLECULE
1338,/home/shachar/repos/PorCrystalStructures/data/raw_xyz/xyz/porphyrins/GATZEJ_1.xyz,metal,NO_METAL
1339,/home/shachar/repos/PorCrystalStructures/data/raw_xyz/xyz/porphyrins/GATZEJ_2.xyz,metal,NO_METAL
1340,/home/shachar/repos/PorCrystalStructures/data/raw_xyz/xyz/porphyrins/GECGEA_0.xyz,valid,VALID
1341,/home/shachar/repos/PorCrystalStructures/data/raw_xyz/xyz/porphyrins/GEDXAQ_0.xyz,charge,MOL_ODD_NUMBER_OF_ELECTRONS
1342,/home/shachar/repos/PorCrystalStructures/data/raw_xyz/xyz/porphyrins/GEDXEU_0.xyz,charge,MOL_ODD_NUMBER_OF_ELECTRONS
1343,/home/shachar/repos/PorCrystalStructures/data/raw_xyz/xyz/porphyrins/GEDXOE_0.xyz,charge,MOL_ODD_NUMBER_OF_ELECTRONS
1344,/home/shachar/repos/PorCrystalStructures/data/raw_xyz/xyz/porphyrins/GEDXOE_1.xyz,metal,NO_METAL
1345,/home/shachar/repos/PorCrystalStructures/data/raw_xyz/xyz/porphyrins/GEFCAW_0.xyz,topolocial,NOT_A_MONOMER
1346,/home/shachar/repos/PorCrystalStructures/data/raw_xyz/xyz/porphyrins/GEFCAW_1.xyz,metal,NO_METAL
1347,/home/shachar/repos/PorCrystalStructures/data/raw_xyz/xyz/porphyrins/GEFHIJ_0.xyz,topolocial,NOT_A_MONOMER
1348,/home/shachar/repos/PorCrystalStructures/data/raw_xyz/xyz/porphyrins/GEGPOZ01_0.xyz,topolocial,NOT_A_MONOMER
1349,/home/shachar/repos/PorCrystalStructures/data/raw_xyz/xyz/porphyrins/GEGPOZ01_1.xyz,metal,NO_METAL
1350,/home/shachar/repos/PorCrystalStructures/data/raw_xyz/xyz/porphyrins/GEGPOZ01_2.xyz,metal,NO_METAL
1351,/home/shachar/repos/PorCrystalStructures/data/raw_xyz/xyz/porphyrins/GEGPOZ01_3.xyz,metal,NO_METAL
1352,/home/shachar/repos/PorCrystalStructures/data/raw_xyz/xyz/porphyrins/GEGPOZ02_0.xyz,topolocial,NOT_A_MONOMER
1353,/home/shachar/repos/PorCrystalStructures/data/raw_xyz/xyz/porphyrins/GEGPOZ02_1.xyz,metal,NO_METAL
1354,/home/shachar/repos/PorCrystalStructures/data/raw_xyz/xyz/porphyrins/GEGPOZ02_2.xyz,metal,NO_METAL
1355,/home/shachar/repos/PorCrystalStructures/data/raw_xyz/xyz/porphyrins/GEGPOZ02_3.xyz,metal,NO_METAL
1356,/home/shachar/repos/PorCrystalStructures/data/raw_xyz/xyz/porphyrins/GEGPOZ02_4.xyz,metal,NO_METAL
1357,/home/shachar/repos/PorCrystalStructures/data/raw_xyz/xyz/porphyrins/GEHXUO_0.xyz,topolocial,NOT_CONNECTED_MOLECULE
1358,/home/shachar/repos/PorCrystalStructures/data/raw_xyz/xyz/porphyrins/GEHXUO_1.xyz,metal,NO_METAL
1359,/home/shachar/repos/PorCrystalStructures/data/raw_xyz/xyz/porphyrins/GEJNES_0.xyz,metal,NO_METAL
1360,/home/shachar/repos/PorCrystalStructures/data/raw_xyz/xyz/porphyrins/GEJNES_1.xyz,metal,NO_METAL
1361,/home/shachar/repos/PorCrystalStructures/data/raw_xyz/xyz/porphyrins/GEJNES_2.xyz,metal,NO_METAL
1362,/home/shachar/repos/PorCrystalStructures/data/raw_xyz/xyz/porphyrins/GEJNOC_0.xyz,topolocial,NOT_CONNECTED_MOLECULE
1363,/home/shachar/repos/PorCrystalStructures/data/raw_xyz/xyz/porphyrins/GEJNOC_1.xyz,metal,NO_METAL
1364,/home/shachar/repos/PorCrystalStructures/data/raw_xyz/xyz/porphyrins/GEJNUI_0.xyz,topolocial,NOT_CONNECTED_MOLECULE
1365,/home/shachar/repos/PorCrystalStructures/data/raw_xyz/xyz/porphyrins/GEJNUI_1.xyz,metal,NO_METAL
1366,/home/shachar/repos/PorCrystalStructures/data/raw_xyz/xyz/porphyrins/GEJNUI_2.xyz,metal,NO_METAL
1367,/home/shachar/repos/PorCrystalStructures/data/raw_xyz/xyz/porphyrins/GEJNUI_3.xyz,metal,NO_METAL
1368,/home/shachar/repos/PorCrystalStructures/data/raw_xyz/xyz/porphyrins/GEPBAF_0.xyz,topolocial,NOT_CONNECTED_MOLECULE
1369,/home/shachar/repos/PorCrystalStructures/data/raw_xyz/xyz/porphyrins/GEPBUY_0.xyz,topolocial,NOT_CONNECTED_MOLECULE
1370,/home/shachar/repos/PorCrystalStructures/data/raw_xyz/xyz/porphyrins/GEPBUY_1.xyz,metal,NO_METAL
1371,/home/shachar/repos/PorCrystalStructures/data/raw_xyz/xyz/porphyrins/GEPGAJ_0.xyz,topolocial,BIDENTATE_MACROCYCLE_SUBS
1372,/home/shachar/repos/PorCrystalStructures/data/raw_xyz/xyz/porphyrins/GEPGAJ_1.xyz,metal,NO_METAL
1373,/home/shachar/repos/PorCrystalStructures/data/raw_xyz/xyz/porphyrins/GEPGAJ_2.xyz,metal,NO_METAL
1374,/home/shachar/repos/PorCrystalStructures/data/raw_xyz/xyz/porphyrins/GEPGAJ_3.xyz,metal,NO_METAL
1375,/home/shachar/repos/PorCrystalStructures/data/raw_xyz/xyz/porphyrins/GEQBOT_0.xyz,valid,VALID
1376,/home/shachar/repos/PorCrystalStructures/data/raw_xyz/xyz/porphyrins/GESLOI_0.xyz,topolocial,NOT_CONNECTED_MOLECULE
1377,/home/shachar/repos/PorCrystalStructures/data/raw_xyz/xyz/porphyrins/GESLOI_1.xyz,metal,NO_METAL
1378,/home/shachar/repos/PorCrystalStructures/data/raw_xyz/xyz/porphyrins/GESLOI_2.xyz,metal,NO_METAL
1379,/home/shachar/repos/PorCrystalStructures/data/raw_xyz/xyz/porphyrins/GESLOI_3.xyz,metal,NO_METAL
1380,/home/shachar/repos/PorCrystalStructures/data/raw_xyz/xyz/porphyrins/GESLOI_4.xyz,metal,NO_METAL
1381,/home/shachar/repos/PorCrystalStructures/data/raw_xyz/xyz/porphyrins/GESLOI_5.xyz,metal,NO_METAL
1382,/home/shachar/repos/PorCrystalStructures/data/raw_xyz/xyz/porphyrins/GESMUP_0.xyz,topolocial,NOT_CONNECTED_MOLECULE
1383,/home/shachar/repos/PorCrystalStructures/data/raw_xyz/xyz/porphyrins/GESNAW_0.xyz,topolocial,NOT_CONNECTED_MOLECULE
1384,/home/shachar/repos/PorCrystalStructures/data/raw_xyz/xyz/porphyrins/GESNAW_1.xyz,metal,NO_METAL
1385,/home/shachar/repos/PorCrystalStructures/data/raw_xyz/xyz/porphyrins/GETXAE_0.xyz,topolocial,BIDENTATE_MACROCYCLE_SUBS
1386,/home/shachar/repos/PorCrystalStructures/data/raw_xyz/xyz/porphyrins/GETXAE_1.xyz,metal,NO_METAL
1387,/home/shachar/repos/PorCrystalStructures/data/raw_xyz/xyz/porphyrins/GETXEI_0.xyz,topolocial,BIDENTATE_MACROCYCLE_SUBS
1388,/home/shachar/repos/PorCrystalStructures/data/raw_xyz/xyz/porphyrins/GETXEI_1.xyz,metal,NO_METAL
1389,/home/shachar/repos/PorCrystalStructures/data/raw_xyz/xyz/porphyrins/GETXEI_2.xyz,metal,NO_METAL
1390,/home/shachar/repos/PorCrystalStructures/data/raw_xyz/xyz/porphyrins/GETXEI_3.xyz,metal,NO_METAL
1391,/home/shachar/repos/PorCrystalStructures/data/raw_xyz/xyz/porphyrins/GEVMEC_0.xyz,topolocial,NOT_CONNECTED_MOLECULE
1392,/home/shachar/repos/PorCrystalStructures/data/raw_xyz/xyz/porphyrins/GEVMEC_1.xyz,topolocial,NOT_A_MONOMER
1393,/home/shachar/repos/PorCrystalStructures/data/raw_xyz/xyz/porphyrins/GEVMEC_2.xyz,metal,NO_METAL
1394,/home/shachar/repos/PorCrystalStructures/data/raw_xyz/xyz/porphyrins/GEVMEC_3.xyz,metal,NO_METAL
1395,/home/shachar/repos/PorCrystalStructures/data/raw_xyz/xyz/porphyrins/GEWPAZ_0.xyz,topolocial,NOT_CONNECTED_MOLECULE
1396,/home/shachar/repos/PorCrystalStructures/data/raw_xyz/xyz/porphyrins/GEWZAL_0.xyz,topolocial,NOT_CONNECTED_MOLECULE
1397,/home/shachar/repos/PorCrystalStructures/data/raw_xyz/xyz/porphyrins/GEWZAL_1.xyz,metal,NO_METAL
1398,/home/shachar/repos/PorCrystalStructures/data/raw_xyz/xyz/porphyrins/GIBBIC_0.xyz,topolocial,NOT_SATURATED
1399,/home/shachar/repos/PorCrystalStructures/data/raw_xyz/xyz/porphyrins/GIBBIC_1.xyz,metal,NO_METAL
1400,/home/shachar/repos/PorCrystalStructures/data/raw_xyz/xyz/porphyrins/GIBXOF_0.xyz,metal,NO_METAL
1401,/home/shachar/repos/PorCrystalStructures/data/raw_xyz/xyz/porphyrins/GICCAX_0.xyz,metal,NO_METAL
1402,/home/shachar/repos/PorCrystalStructures/data/raw_xyz/xyz/porphyrins/GIDNEO_0.xyz,metal,NO_METAL
1403,/home/shachar/repos/PorCrystalStructures/data/raw_xyz/xyz/porphyrins/GIDNEO_1.xyz,metal,NO_METAL
1404,/home/shachar/repos/PorCrystalStructures/data/raw_xyz/xyz/porphyrins/GIGHOW_0.xyz,metal,NO_METAL
1405,/home/shachar/repos/PorCrystalStructures/data/raw_xyz/xyz/porphyrins/GIGHOW_1.xyz,metal,NO_METAL
1406,/home/shachar/repos/PorCrystalStructures/data/raw_xyz/xyz/porphyrins/GIGWIF_0.xyz,charge,MOL_ODD_NUMBER_OF_ELECTRONS
1407,/home/shachar/repos/PorCrystalStructures/data/raw_xyz/xyz/porphyrins/GIJYEF_0.xyz,metal,NO_METAL
1408,/home/shachar/repos/PorCrystalStructures/data/raw_xyz/xyz/porphyrins/GIJYEF_1.xyz,metal,NO_METAL
1409,/home/shachar/repos/PorCrystalStructures/data/raw_xyz/xyz/porphyrins/GIJYEF_2.xyz,metal,NO_METAL
1410,/home/shachar/repos/PorCrystalStructures/data/raw_xyz/xyz/porphyrins/GIJYUV_0.xyz,metal,NO_METAL
1411,/home/shachar/repos/PorCrystalStructures/data/raw_xyz/xyz/porphyrins/GIJYUV_1.xyz,metal,NO_METAL
1412,/home/shachar/repos/PorCrystalStructures/data/raw_xyz/xyz/porphyrins/GILTUT_0.xyz,metal,NO_METAL
1413,/home/shachar/repos/PorCrystalStructures/data/raw_xyz/xyz/porphyrins/GILVAB_0.xyz,metal,NO_METAL
1414,/home/shachar/repos/PorCrystalStructures/data/raw_xyz/xyz/porphyrins/GILVAB_1.xyz,metal,NO_METAL
1415,/home/shachar/repos/PorCrystalStructures/data/raw_xyz/xyz/porphyrins/GILVIJ_0.xyz,metal,NO_METAL
1416,/home/shachar/repos/PorCrystalStructures/data/raw_xyz/xyz/porphyrins/GIMFOA_0.xyz,topolocial,NOT_CONNECTED_MOLECULE
1417,/home/shachar/repos/PorCrystalStructures/data/raw_xyz/xyz/porphyrins/GIMFOA_1.xyz,topolocial,NOT_CONNECTED_MOLECULE
1418,/home/shachar/repos/PorCrystalStructures/data/raw_xyz/xyz/porphyrins/GIMFOA_2.xyz,metal,NO_METAL
1419,/home/shachar/repos/PorCrystalStructures/data/raw_xyz/xyz/porphyrins/GIMFOA_3.xyz,metal,NO_METAL
1420,/home/shachar/repos/PorCrystalStructures/data/raw_xyz/xyz/porphyrins/GIMFUG_0.xyz,topolocial,NOT_CONNECTED_MOLECULE
1421,/home/shachar/repos/PorCrystalStructures/data/raw_xyz/xyz/porphyrins/GIMFUG_1.xyz,metal,NO_METAL
1422,/home/shachar/repos/PorCrystalStructures/data/raw_xyz/xyz/porphyrins/GIQZIP_0.xyz,topolocial,NOT_CONNECTED_MOLECULE
1423,/home/shachar/repos/PorCrystalStructures/data/raw_xyz/xyz/porphyrins/GISHIZ_0.xyz,valid,VALID
1424,/home/shachar/repos/PorCrystalStructures/data/raw_xyz/xyz/porphyrins/GISHUL_0.xyz,valid,VALID
1425,/home/shachar/repos/PorCrystalStructures/data/raw_xyz/xyz/porphyrins/GISHUL_1.xyz,metal,NO_METAL
1426,/home/shachar/repos/PorCrystalStructures/data/raw_xyz/xyz/porphyrins/GISJAT_0.xyz,valid,VALID
1427,/home/shachar/repos/PorCrystalStructures/data/raw_xyz/xyz/porphyrins/GISJAT_1.xyz,metal,NO_METAL
1428,/home/shachar/repos/PorCrystalStructures/data/raw_xyz/xyz/porphyrins/GISJEX_0.xyz,valid,VALID
1429,/home/shachar/repos/PorCrystalStructures/data/raw_xyz/xyz/porphyrins/GISJEX_1.xyz,metal,NO_METAL
1430,/home/shachar/repos/PorCrystalStructures/data/raw_xyz/xyz/porphyrins/GISLAW01_0.xyz,charge,MOL_ODD_NUMBER_OF_ELECTRONS
1431,/home/shachar/repos/PorCrystalStructures/data/raw_xyz/xyz/porphyrins/GISLAW01_1.xyz,metal,NO_METAL
1432,/home/shachar/repos/PorCrystalStructures/data/raw_xyz/xyz/porphyrins/GISLAW_0.xyz,charge,MOL_ODD_NUMBER_OF_ELECTRONS
1433,/home/shachar/repos/PorCrystalStructures/data/raw_xyz/xyz/porphyrins/GISLAW_1.xyz,metal,NO_METAL
1434,/home/shachar/repos/PorCrystalStructures/data/raw_xyz/xyz/porphyrins/GIXCEX_0.xyz,charge,COUNTER_MOL_ODD_NUMBER_OF_ELECTRONS
1435,/home/shachar/repos/PorCrystalStructures/data/raw_xyz/xyz/porphyrins/GIXCEX_1.xyz,metal,NO_METAL
1436,/home/shachar/repos/PorCrystalStructures/data/raw_xyz/xyz/porphyrins/GIXCIB_0.xyz,valid,VALID
1437,/home/shachar/repos/PorCrystalStructures/data/raw_xyz/xyz/porphyrins/GIXCIB_1.xyz,metal,NO_METAL
1438,/home/shachar/repos/PorCrystalStructures/data/raw_xyz/xyz/porphyrins/GIXJOM_0.xyz,topolocial,BIDENTATE_MACROCYCLE_SUBS
1439,/home/shachar/repos/PorCrystalStructures/data/raw_xyz/xyz/porphyrins/GIXJOM_1.xyz,metal,NO_METAL
1440,/home/shachar/repos/PorCrystalStructures/data/raw_xyz/xyz/porphyrins/GOBBUV01_0.xyz,valid,VALID
1441,/home/shachar/repos/PorCrystalStructures/data/raw_xyz/xyz/porphyrins/GOBBUV01_1.xyz,metal,NO_METAL
1442,/home/shachar/repos/PorCrystalStructures/data/raw_xyz/xyz/porphyrins/GOBBUV_0.xyz,valid,VALID
1443,/home/shachar/repos/PorCrystalStructures/data/raw_xyz/xyz/porphyrins/GOBBUV_1.xyz,metal,NO_METAL
1444,/home/shachar/repos/PorCrystalStructures/data/raw_xyz/xyz/porphyrins/GOBCAC01_0.xyz,topolocial,NOT_CONNECTED_MOLECULE
1445,/home/shachar/repos/PorCrystalStructures/data/raw_xyz/xyz/porphyrins/GOBCAC01_1.xyz,charge,TOO_LARGE_COUNTER_MOL
1446,/home/shachar/repos/PorCrystalStructures/data/raw_xyz/xyz/porphyrins/GOBCAC01_2.xyz,metal,NO_METAL
1447,/home/shachar/repos/PorCrystalStructures/data/raw_xyz/xyz/porphyrins/GOBCAC01_3.xyz,metal,NO_METAL
1448,/home/shachar/repos/PorCrystalStructures/data/raw_xyz/xyz/porphyrins/GOBJIQ_0.xyz,topolocial,NOT_CONNECTED_MOLECULE
1449,/home/shachar/repos/PorCrystalStructures/data/raw_xyz/xyz/porphyrins/GOBJIQ_1.xyz,metal,NO_METAL
1450,/home/shachar/repos/PorCrystalStructures/data/raw_xyz/xyz/porphyrins/GOBRAQ_0.xyz,metal,NO_METAL
1451,/home/shachar/repos/PorCrystalStructures/data/raw_xyz/xyz/porphyrins/GOBREU_0.xyz,metal,NO_METAL
1452,/home/shachar/repos/PorCrystalStructures/data/raw_xyz/xyz/porphyrins/GOBREU_1.xyz,metal,NO_METAL
1453,/home/shachar/repos/PorCrystalStructures/data/raw_xyz/xyz/porphyrins/GOBRIY_0.xyz,topolocial,NOT_CONNECTED_MOLECULE
1454,/home/shachar/repos/PorCrystalStructures/data/raw_xyz/xyz/porphyrins/GOBRIY_1.xyz,metal,NO_METAL
1455,/home/shachar/repos/PorCrystalStructures/data/raw_xyz/xyz/porphyrins/GOBWAV_0.xyz,valid,VALID
1456,/home/shachar/repos/PorCrystalStructures/data/raw_xyz/xyz/porphyrins/GOBWAV_1.xyz,metal,NO_METAL
1457,/home/shachar/repos/PorCrystalStructures/data/raw_xyz/xyz/porphyrins/GOBWEZ_0.xyz,metal,NO_METAL
1458,/home/shachar/repos/PorCrystalStructures/data/raw_xyz/xyz/porphyrins/GOBWEZ_1.xyz,metal,NO_METAL
1459,/home/shachar/repos/PorCrystalStructures/data/raw_xyz/xyz/porphyrins/GOBWEZ_2.xyz,metal,NO_METAL
1460,/home/shachar/repos/PorCrystalStructures/data/raw_xyz/xyz/porphyrins/GOBWEZ_3.xyz,metal,NO_METAL
1461,/home/shachar/repos/PorCrystalStructures/data/raw_xyz/xyz/porphyrins/GOBYAX01_0.xyz,metal,NO_METAL
1462,/home/shachar/repos/PorCrystalStructures/data/raw_xyz/xyz/porphyrins/GOBYAX_0.xyz,metal,NO_METAL
1463,/home/shachar/repos/PorCrystalStructures/data/raw_xyz/xyz/porphyrins/GOCPUM_0.xyz,metal,NO_METAL
1464,/home/shachar/repos/PorCrystalStructures/data/raw_xyz/xyz/porphyrins/GOCPUM_1.xyz,metal,NO_METAL
1465,/home/shachar/repos/PorCrystalStructures/data/raw_xyz/xyz/porphyrins/GOCPUM_2.xyz,metal,NO_METAL
1466,/home/shachar/repos/PorCrystalStructures/data/raw_xyz/xyz/porphyrins/GODWUU_0.xyz,metal,NO_METAL
1467,/home/shachar/repos/PorCrystalStructures/data/raw_xyz/xyz/porphyrins/GOFNAT_0.xyz,valid,VALID
1468,/home/shachar/repos/PorCrystalStructures/data/raw_xyz/xyz/porphyrins/GOFNAT_1.xyz,metal,NO_METAL
1469,/home/shachar/repos/PorCrystalStructures/data/raw_xyz/xyz/porphyrins/GOHCOW_0.xyz,topolocial,NOT_CONNECTED_MOLECULE
1470,/home/shachar/repos/PorCrystalStructures/data/raw_xyz/xyz/porphyrins/GOHDUD_0.xyz,topolocial,HAS_MORE_THAN_4_PYRROLES
1471,/home/shachar/repos/PorCrystalStructures/data/raw_xyz/xyz/porphyrins/GOHDUD_1.xyz,metal,NO_METAL
1472,/home/shachar/repos/PorCrystalStructures/data/raw_xyz/xyz/porphyrins/GOHDUD_2.xyz,metal,NO_METAL
1473,/home/shachar/repos/PorCrystalStructures/data/raw_xyz/xyz/porphyrins/GOHFAL_0.xyz,topolocial,HAS_MORE_THAN_4_PYRROLES
1474,/home/shachar/repos/PorCrystalStructures/data/raw_xyz/xyz/porphyrins/GOHFAL_1.xyz,metal,NO_METAL
1475,/home/shachar/repos/PorCrystalStructures/data/raw_xyz/xyz/porphyrins/GOHFAL_2.xyz,metal,NO_METAL
1476,/home/shachar/repos/PorCrystalStructures/data/raw_xyz/xyz/porphyrins/GOHFEP_0.xyz,topolocial,HAS_MORE_THAN_4_PYRROLES
1477,/home/shachar/repos/PorCrystalStructures/data/raw_xyz/xyz/porphyrins/GOHJAO_0.xyz,topolocial,NOT_CONNECTED_MOLECULE
1478,/home/shachar/repos/PorCrystalStructures/data/raw_xyz/xyz/porphyrins/GOHJAO_1.xyz,metal,NO_METAL
1479,/home/shachar/repos/PorCrystalStructures/data/raw_xyz/xyz/porphyrins/GOHJAO_2.xyz,metal,NO_METAL
1480,/home/shachar/repos/PorCrystalStructures/data/raw_xyz/xyz/porphyrins/GOJJEW_0.xyz,metal,NO_METAL
1481,/home/shachar/repos/PorCrystalStructures/data/raw_xyz/xyz/porphyrins/GOJJIA_0.xyz,metal,NO_METAL
1482,/home/shachar/repos/PorCrystalStructures/data/raw_xyz/xyz/porphyrins/GOMJEZ_0.xyz,charge,MOL_ODD_NUMBER_OF_ELECTRONS
1483,/home/shachar/repos/PorCrystalStructures/data/raw_xyz/xyz/porphyrins/GOMJEZ_1.xyz,metal,NO_METAL
1484,/home/shachar/repos/PorCrystalStructures/data/raw_xyz/xyz/porphyrins/GOMJEZ_2.xyz,metal,NO_METAL
1485,/home/shachar/repos/PorCrystalStructures/data/raw_xyz/xyz/porphyrins/GOMJEZ_3.xyz,topolocial,NOT_A_MONOMER
1486,/home/shachar/repos/PorCrystalStructures/data/raw_xyz/xyz/porphyrins/GONHAS_0.xyz,valid,VALID
1487,/home/shachar/repos/PorCrystalStructures/data/raw_xyz/xyz/porphyrins/GONHEW_0.xyz,valid,VALID
1488,/home/shachar/repos/PorCrystalStructures/data/raw_xyz/xyz/porphyrins/GONLUT_0.xyz,topolocial,DOESNT_HAVE_METAL
1489,/home/shachar/repos/PorCrystalStructures/data/raw_xyz/xyz/porphyrins/GONLUT_1.xyz,metal,NO_METAL
1490,/home/shachar/repos/PorCrystalStructures/data/raw_xyz/xyz/porphyrins/GONMAA_0.xyz,metal,NO_METAL
1491,/home/shachar/repos/PorCrystalStructures/data/raw_xyz/xyz/porphyrins/GONMAA_1.xyz,metal,NO_METAL
1492,/home/shachar/repos/PorCrystalStructures/data/raw_xyz/xyz/porphyrins/GOSWAP_0.xyz,charge,MOL_ODD_NUMBER_OF_ELECTRONS
1493,/home/shachar/repos/PorCrystalStructures/data/raw_xyz/xyz/porphyrins/GOSWAP_1.xyz,metal,NO_METAL
1494,/home/shachar/repos/PorCrystalStructures/data/raw_xyz/xyz/porphyrins/GOTJEE_0.xyz,metal,NO_METAL
1495,/home/shachar/repos/PorCrystalStructures/data/raw_xyz/xyz/porphyrins/GOTJEE_1.xyz,metal,NO_METAL
1496,/home/shachar/repos/PorCrystalStructures/data/raw_xyz/xyz/porphyrins/GOTMIN_0.xyz,metal,NO_METAL
1497,/home/shachar/repos/PorCrystalStructures/data/raw_xyz/xyz/porphyrins/GOTMIN_1.xyz,metal,NO_METAL
1498,/home/shachar/repos/PorCrystalStructures/data/raw_xyz/xyz/porphyrins/GOVFEF01_0.xyz,topolocial,NOT_CONNECTED_MOLECULE
1499,/home/shachar/repos/PorCrystalStructures/data/raw_xyz/xyz/porphyrins/GOVFEF01_1.xyz,topolocial,NOT_A_MONOMER
1500,/home/shachar/repos/PorCrystalStructures/data/raw_xyz/xyz/porphyrins/GOVFEF01_2.xyz,metal,NO_METAL
1501,/home/shachar/repos/PorCrystalStructures/data/raw_xyz/xyz/porphyrins/GOVFEF02_0.xyz,topolocial,NOT_A_MONOMER
1502,/home/shachar/repos/PorCrystalStructures/data/raw_xyz/xyz/porphyrins/GOVFEF02_1.xyz,charge,TOO_LARGE_COUNTER_MOL
1503,/home/shachar/repos/PorCrystalStructures/data/raw_xyz/xyz/porphyrins/GOVFEF02_2.xyz,metal,NO_METAL
1504,/home/shachar/repos/PorCrystalStructures/data/raw_xyz/xyz/porphyrins/GOVFEF03_0.xyz,topolocial,NOT_A_MONOMER
1505,/home/shachar/repos/PorCrystalStructures/data/raw_xyz/xyz/porphyrins/GOVFEF03_1.xyz,charge,TOO_LARGE_COUNTER_MOL
1506,/home/shachar/repos/PorCrystalStructures/data/raw_xyz/xyz/porphyrins/GOVFEF03_2.xyz,metal,NO_METAL
1507,/home/shachar/repos/PorCrystalStructures/data/raw_xyz/xyz/porphyrins/GOVFEF04_0.xyz,topolocial,NOT_A_MONOMER
1508,/home/shachar/repos/PorCrystalStructures/data/raw_xyz/xyz/porphyrins/GOVFEF04_1.xyz,charge,TOO_LARGE_COUNTER_MOL
1509,/home/shachar/repos/PorCrystalStructures/data/raw_xyz/xyz/porphyrins/GOVFEF04_2.xyz,metal,NO_METAL
1510,/home/shachar/repos/PorCrystalStructures/data/raw_xyz/xyz/porphyrins/GOVFEF05_0.xyz,topolocial,NOT_A_MONOMER
1511,/home/shachar/repos/PorCrystalStructures/data/raw_xyz/xyz/porphyrins/GOVFEF05_1.xyz,charge,TOO_LARGE_COUNTER_MOL
1512,/home/shachar/repos/PorCrystalStructures/data/raw_xyz/xyz/porphyrins/GOVFEF05_2.xyz,metal,NO_METAL
1513,/home/shachar/repos/PorCrystalStructures/data/raw_xyz/xyz/porphyrins/GOVFEF_0.xyz,topolocial,NOT_CONNECTED_MOLECULE
1514,/home/shachar/repos/PorCrystalStructures/data/raw_xyz/xyz/porphyrins/GOVFEF_1.xyz,topolocial,NOT_A_MONOMER
1515,/home/shachar/repos/PorCrystalStructures/data/raw_xyz/xyz/porphyrins/GOVFEF_2.xyz,metal,NO_METAL
1516,/home/shachar/repos/PorCrystalStructures/data/raw_xyz/xyz/porphyrins/GOWDAX_0.xyz,valence,BAD VALENCE
1517,/home/shachar/repos/PorCrystalStructures/data/raw_xyz/xyz/porphyrins/GOWDAX_1.xyz,metal,NO_METAL
1518,/home/shachar/repos/PorCrystalStructures/data/raw_xyz/xyz/porphyrins/GOWDEB_0.xyz,valence,BAD VALENCE
1519,/home/shachar/repos/PorCrystalStructures/data/raw_xyz/xyz/porphyrins/GOWDEB_1.xyz,metal,NO_METAL
1520,/home/shachar/repos/PorCrystalStructures/data/raw_xyz/xyz/porphyrins/GOXDAY_0.xyz,charge,MOL_ODD_NUMBER_OF_ELECTRONS
1521,/home/shachar/repos/PorCrystalStructures/data/raw_xyz/xyz/porphyrins/GUBNEY_0.xyz,metal,NO_METAL
1522,/home/shachar/repos/PorCrystalStructures/data/raw_xyz/xyz/porphyrins/GUBNEY_1.xyz,metal,NO_METAL
1523,/home/shachar/repos/PorCrystalStructures/data/raw_xyz/xyz/porphyrins/GUBNIC_0.xyz,metal,NO_METAL
1524,/home/shachar/repos/PorCrystalStructures/data/raw_xyz/xyz/porphyrins/GUBNIC_1.xyz,metal,NO_METAL
1525,/home/shachar/repos/PorCrystalStructures/data/raw_xyz/xyz/porphyrins/GUBWAB_0.xyz,topolocial,NOT_CONNECTED_MOLECULE
1526,/home/shachar/repos/PorCrystalStructures/data/raw_xyz/xyz/porphyrins/GUBWEF_0.xyz,topolocial,NOT_CONNECTED_MOLECULE
1527,/home/shachar/repos/PorCrystalStructures/data/raw_xyz/xyz/porphyrins/GUBWEF_1.xyz,topolocial,NOT_CONNECTED_MOLECULE
1528,/home/shachar/repos/PorCrystalStructures/data/raw_xyz/xyz/porphyrins/GUFWUA_0.xyz,metal,NO_METAL
1529,/home/shachar/repos/PorCrystalStructures/data/raw_xyz/xyz/porphyrins/GUFWUA_1.xyz,metal,NO_METAL
1530,/home/shachar/repos/PorCrystalStructures/data/raw_xyz/xyz/porphyrins/GUFWUA_2.xyz,metal,NO_METAL
1531,/home/shachar/repos/PorCrystalStructures/data/raw_xyz/xyz/porphyrins/GUFXAH_0.xyz,metal,NO_METAL
1532,/home/shachar/repos/PorCrystalStructures/data/raw_xyz/xyz/porphyrins/GUFXAH_1.xyz,metal,NO_METAL
1533,/home/shachar/repos/PorCrystalStructures/data/raw_xyz/xyz/porphyrins/GUFXAH_2.xyz,metal,NO_METAL
1534,/home/shachar/repos/PorCrystalStructures/data/raw_xyz/xyz/porphyrins/GUFXEL_0.xyz,metal,NO_METAL
1535,/home/shachar/repos/PorCrystalStructures/data/raw_xyz/xyz/porphyrins/GUFXEL_1.xyz,metal,NO_METAL
1536,/home/shachar/repos/PorCrystalStructures/data/raw_xyz/xyz/porphyrins/GUFXEL_2.xyz,metal,NO_METAL
1537,/home/shachar/repos/PorCrystalStructures/data/raw_xyz/xyz/porphyrins/GUFXEL_3.xyz,metal,NO_METAL
1538,/home/shachar/repos/PorCrystalStructures/data/raw_xyz/xyz/porphyrins/GUGFOG_0.xyz,topolocial,BIDENTATE_MACROCYCLE_SUBS
1539,/home/shachar/repos/PorCrystalStructures/data/raw_xyz/xyz/porphyrins/GUGFOG_1.xyz,metal,NO_METAL
1540,/home/shachar/repos/PorCrystalStructures/data/raw_xyz/xyz/porphyrins/GUGFUM_0.xyz,topolocial,HAS_MORE_THAN_4_PYRROLES
1541,/home/shachar/repos/PorCrystalStructures/data/raw_xyz/xyz/porphyrins/GUHJUR_0.xyz,topolocial,NOT_CONNECTED_MOLECULE
1542,/home/shachar/repos/PorCrystalStructures/data/raw_xyz/xyz/porphyrins/GUHKAY_0.xyz,topolocial,NOT_CONNECTED_MOLECULE
1543,/home/shachar/repos/PorCrystalStructures/data/raw_xyz/xyz/porphyrins/GUHKAY_1.xyz,metal,NO_METAL
1544,/home/shachar/repos/PorCrystalStructures/data/raw_xyz/xyz/porphyrins/GUHXAL_0.xyz,topolocial,NOT_CONNECTED_MOLECULE
1545,/home/shachar/repos/PorCrystalStructures/data/raw_xyz/xyz/porphyrins/GUHXAL_1.xyz,metal,NO_METAL
1546,/home/shachar/repos/PorCrystalStructures/data/raw_xyz/xyz/porphyrins/GUHXAL_2.xyz,metal,NO_METAL
1547,/home/shachar/repos/PorCrystalStructures/data/raw_xyz/xyz/porphyrins/GUJQOT_0.xyz,topolocial,PYRROLE_NOT_BOUND_TO_METAL
1548,/home/shachar/repos/PorCrystalStructures/data/raw_xyz/xyz/porphyrins/GUJQOT_1.xyz,metal,NO_METAL
1549,/home/shachar/repos/PorCrystalStructures/data/raw_xyz/xyz/porphyrins/GUJQUZ_0.xyz,charge,MOL_ODD_NUMBER_OF_ELECTRONS
1550,/home/shachar/repos/PorCrystalStructures/data/raw_xyz/xyz/porphyrins/GUJQUZ_1.xyz,topolocial,NOT_CONNECTED_MOLECULE
1551,/home/shachar/repos/PorCrystalStructures/data/raw_xyz/xyz/porphyrins/GUJQUZ_2.xyz,metal,NO_METAL
1552,/home/shachar/repos/PorCrystalStructures/data/raw_xyz/xyz/porphyrins/GUQHOQ_0.xyz,topolocial,NOT_CONNECTED_MOLECULE
1553,/home/shachar/repos/PorCrystalStructures/data/raw_xyz/xyz/porphyrins/GUQRAL_0.xyz,topolocial,NOT_A_MONOMER
1554,/home/shachar/repos/PorCrystalStructures/data/raw_xyz/xyz/porphyrins/GUQRAL_1.xyz,metal,NO_METAL
1555,/home/shachar/repos/PorCrystalStructures/data/raw_xyz/xyz/porphyrins/GUQRAL_2.xyz,metal,NO_METAL
1556,/home/shachar/repos/PorCrystalStructures/data/raw_xyz/xyz/porphyrins/GUQRAL_3.xyz,metal,NO_METAL
1557,/home/shachar/repos/PorCrystalStructures/data/raw_xyz/xyz/porphyrins/GUQRAL_4.xyz,metal,NO_METAL
1558,/home/shachar/repos/PorCrystalStructures/data/raw_xyz/xyz/porphyrins/GURDUT_0.xyz,charge,TOO_LARGE_COUNTER_MOL
1559,/home/shachar/repos/PorCrystalStructures/data/raw_xyz/xyz/porphyrins/GURDUT_1.xyz,metal,NO_METAL
1560,/home/shachar/repos/PorCrystalStructures/data/raw_xyz/xyz/porphyrins/GURDUT_2.xyz,metal,NO_METAL
1561,/home/shachar/repos/PorCrystalStructures/data/raw_xyz/xyz/porphyrins/GUTLAL_0.xyz,metal,NO_METAL
1562,/home/shachar/repos/PorCrystalStructures/data/raw_xyz/xyz/porphyrins/GUTLAL_1.xyz,metal,NO_METAL
1563,/home/shachar/repos/PorCrystalStructures/data/raw_xyz/xyz/porphyrins/GUTLEP_0.xyz,metal,NO_METAL
1564,/home/shachar/repos/PorCrystalStructures/data/raw_xyz/xyz/porphyrins/GUTLEP_1.xyz,metal,NO_METAL
1565,/home/shachar/repos/PorCrystalStructures/data/raw_xyz/xyz/porphyrins/GUTLIT_0.xyz,metal,NO_METAL
1566,/home/shachar/repos/PorCrystalStructures/data/raw_xyz/xyz/porphyrins/GUTLIT_1.xyz,metal,NO_METAL
1567,/home/shachar/repos/PorCrystalStructures/data/raw_xyz/xyz/porphyrins/GUTLOZ_0.xyz,metal,NO_METAL
1568,/home/shachar/repos/PorCrystalStructures/data/raw_xyz/xyz/porphyrins/GUTLOZ_1.xyz,metal,NO_METAL
1569,/home/shachar/repos/PorCrystalStructures/data/raw_xyz/xyz/porphyrins/GUTLUF_0.xyz,metal,NO_METAL
1570,/home/shachar/repos/PorCrystalStructures/data/raw_xyz/xyz/porphyrins/GUTLUF_1.xyz,metal,NO_METAL
1571,/home/shachar/repos/PorCrystalStructures/data/raw_xyz/xyz/porphyrins/GUTLUF_2.xyz,metal,NO_METAL
1572,/home/shachar/repos/PorCrystalStructures/data/raw_xyz/xyz/porphyrins/GUTSIY_0.xyz,metal,NO_METAL
1573,/home/shachar/repos/PorCrystalStructures/data/raw_xyz/xyz/porphyrins/GUTSIY_1.xyz,metal,NO_METAL
1574,/home/shachar/repos/PorCrystalStructures/data/raw_xyz/xyz/porphyrins/GUVYOM_0.xyz,metal,NO_METAL
1575,/home/shachar/repos/PorCrystalStructures/data/raw_xyz/xyz/porphyrins/GUWPEV_0.xyz,topolocial,NOT_CONNECTED_MOLECULE
1576,/home/shachar/repos/PorCrystalStructures/data/raw_xyz/xyz/porphyrins/GUYMET_0.xyz,topolocial,NOT_A_MONOMER
1577,/home/shachar/repos/PorCrystalStructures/data/raw_xyz/xyz/porphyrins/GUYMET_1.xyz,metal,NO_METAL
1578,/home/shachar/repos/PorCrystalStructures/data/raw_xyz/xyz/porphyrins/HABSEL_0.xyz,metal,NO_METAL
1579,/home/shachar/repos/PorCrystalStructures/data/raw_xyz/xyz/porphyrins/HABSEL_1.xyz,metal,NO_METAL
1580,/home/shachar/repos/PorCrystalStructures/data/raw_xyz/xyz/porphyrins/HABSEL_2.xyz,metal,NO_METAL
1581,/home/shachar/repos/PorCrystalStructures/data/raw_xyz/xyz/porphyrins/HABSEL_3.xyz,metal,NO_METAL
1582,/home/shachar/repos/PorCrystalStructures/data/raw_xyz/xyz/porphyrins/HABZOA_0.xyz,topolocial,NOT_CONNECTED_MOLECULE
1583,/home/shachar/repos/PorCrystalStructures/data/raw_xyz/xyz/porphyrins/HABZOA_1.xyz,metal,NO_METAL
1584,/home/shachar/repos/PorCrystalStructures/data/raw_xyz/xyz/porphyrins/HABZUG_0.xyz,topolocial,NOT_CONNECTED_MOLECULE
1585,/home/shachar/repos/PorCrystalStructures/data/raw_xyz/xyz/porphyrins/HACFIC_0.xyz,topolocial,PYRROLE_NOT_BOUND_TO_METAL
1586,/home/shachar/repos/PorCrystalStructures/data/raw_xyz/xyz/porphyrins/HACFIC_1.xyz,metal,NO_METAL
1587,/home/shachar/repos/PorCrystalStructures/data/raw_xyz/xyz/porphyrins/HACFIC_2.xyz,metal,NO_METAL
1588,/home/shachar/repos/PorCrystalStructures/data/raw_xyz/xyz/porphyrins/HACFIC_3.xyz,metal,NO_METAL
1589,/home/shachar/repos/PorCrystalStructures/data/raw_xyz/xyz/porphyrins/HACYEQ_0.xyz,topolocial,NOT_CONNECTED_MOLECULE
1590,/home/shachar/repos/PorCrystalStructures/data/raw_xyz/xyz/porphyrins/HACYEQ_1.xyz,metal,NO_METAL
1591,/home/shachar/repos/PorCrystalStructures/data/raw_xyz/xyz/porphyrins/HADHED_0.xyz,valid,VALID
1592,/home/shachar/repos/PorCrystalStructures/data/raw_xyz/xyz/porphyrins/HADTOW_0.xyz,topolocial,NOT_A_MONOMER
1593,/home/shachar/repos/PorCrystalStructures/data/raw_xyz/xyz/porphyrins/HADTOW_1.xyz,metal,NO_METAL
1594,/home/shachar/repos/PorCrystalStructures/data/raw_xyz/xyz/porphyrins/HAFYIY_0.xyz,topolocial,NOT_A_MONOMER
1595,/home/shachar/repos/PorCrystalStructures/data/raw_xyz/xyz/porphyrins/HAFYIY_1.xyz,metal,NO_METAL
1596,/home/shachar/repos/PorCrystalStructures/data/raw_xyz/xyz/porphyrins/HAFYIY_2.xyz,metal,NO_METAL
1597,/home/shachar/repos/PorCrystalStructures/data/raw_xyz/xyz/porphyrins/HAFYOE_0.xyz,topolocial,NOT_A_MONOMER
1598,/home/shachar/repos/PorCrystalStructures/data/raw_xyz/xyz/porphyrins/HAFYUK_0.xyz,topolocial,NOT_CONNECTED_MOLECULE
1599,/home/shachar/repos/PorCrystalStructures/data/raw_xyz/xyz/porphyrins/HAFYUK_1.xyz,topolocial,NOT_CONNECTED_MOLECULE
1600,/home/shachar/repos/PorCrystalStructures/data/raw_xyz/xyz/porphyrins/HAKLUB_0.xyz,metal,NO_METAL
1601,/home/shachar/repos/PorCrystalStructures/data/raw_xyz/xyz/porphyrins/HALDOR_0.xyz,topolocial,NOT_CONNECTED_MOLECULE
1602,/home/shachar/repos/PorCrystalStructures/data/raw_xyz/xyz/porphyrins/HALDOR_1.xyz,metal,NO_METAL
1603,/home/shachar/repos/PorCrystalStructures/data/raw_xyz/xyz/porphyrins/HALWAS_0.xyz,valid,VALID
1604,/home/shachar/repos/PorCrystalStructures/data/raw_xyz/xyz/porphyrins/HALWOG_0.xyz,valid,VALID
1605,/home/shachar/repos/PorCrystalStructures/data/raw_xyz/xyz/porphyrins/HALWOG_1.xyz,metal,NO_METAL
1606,/home/shachar/repos/PorCrystalStructures/data/raw_xyz/xyz/porphyrins/HALXAT_0.xyz,topolocial,NOT_CONNECTED_MOLECULE
1607,/home/shachar/repos/PorCrystalStructures/data/raw_xyz/xyz/porphyrins/HALXAT_1.xyz,metal,NO_METAL
1608,/home/shachar/repos/PorCrystalStructures/data/raw_xyz/xyz/porphyrins/HALXIB_0.xyz,valid,VALID
1609,/home/shachar/repos/PorCrystalStructures/data/raw_xyz/xyz/porphyrins/HALXIB_1.xyz,metal,NO_METAL
1610,/home/shachar/repos/PorCrystalStructures/data/raw_xyz/xyz/porphyrins/HALXOH_0.xyz,topolocial,NOT_CONNECTED_MOLECULE
1611,/home/shachar/repos/PorCrystalStructures/data/raw_xyz/xyz/porphyrins/HAMBAY_0.xyz,charge,COUNTER_MOL_ODD_NUMBER_OF_ELECTRONS
1612,/home/shachar/repos/PorCrystalStructures/data/raw_xyz/xyz/porphyrins/HAMBAY_1.xyz,metal,NO_METAL
1613,/home/shachar/repos/PorCrystalStructures/data/raw_xyz/xyz/porphyrins/HAMBAY_2.xyz,metal,NO_METAL
1614,/home/shachar/repos/PorCrystalStructures/data/raw_xyz/xyz/porphyrins/HAMBEC_0.xyz,topolocial,NOT_CONNECTED_MOLECULE
1615,/home/shachar/repos/PorCrystalStructures/data/raw_xyz/xyz/porphyrins/HAMBEC_1.xyz,metal,NO_METAL
1616,/home/shachar/repos/PorCrystalStructures/data/raw_xyz/xyz/porphyrins/HAMDAA_0.xyz,valid,VALID
1617,/home/shachar/repos/PorCrystalStructures/data/raw_xyz/xyz/porphyrins/HAMDII_0.xyz,valid,VALID
1618,/home/shachar/repos/PorCrystalStructures/data/raw_xyz/xyz/porphyrins/HAMDII_1.xyz,metal,NO_METAL
1619,/home/shachar/repos/PorCrystalStructures/data/raw_xyz/xyz/porphyrins/HAMFUW_0.xyz,topolocial,NOT_CONNECTED_MOLECULE
1620,/home/shachar/repos/PorCrystalStructures/data/raw_xyz/xyz/porphyrins/HAMGUX_0.xyz,valid,VALID
1621,/home/shachar/repos/PorCrystalStructures/data/raw_xyz/xyz/porphyrins/HAMHIM_0.xyz,valid,VALID
1622,/home/shachar/repos/PorCrystalStructures/data/raw_xyz/xyz/porphyrins/HAMHOS_0.xyz,topolocial,NOT_SATURATED
1623,/home/shachar/repos/PorCrystalStructures/data/raw_xyz/xyz/porphyrins/HAMHOS_1.xyz,metal,NO_METAL
1624,/home/shachar/repos/PorCrystalStructures/data/raw_xyz/xyz/porphyrins/HAMHOS_2.xyz,metal,NO_METAL
1625,/home/shachar/repos/PorCrystalStructures/data/raw_xyz/xyz/porphyrins/HAMJAG_0.xyz,charge,MOL_ODD_NUMBER_OF_ELECTRONS
1626,/home/shachar/repos/PorCrystalStructures/data/raw_xyz/xyz/porphyrins/HAMJAG_1.xyz,metal,NO_METAL
1627,/home/shachar/repos/PorCrystalStructures/data/raw_xyz/xyz/porphyrins/HAMKOV_0.xyz,topolocial,NOT_CONNECTED_MOLECULE
1628,/home/shachar/repos/PorCrystalStructures/data/raw_xyz/xyz/porphyrins/HAMKOV_1.xyz,metal,NO_METAL
1629,/home/shachar/repos/PorCrystalStructures/data/raw_xyz/xyz/porphyrins/HAMLAI_0.xyz,valid,VALID
1630,/home/shachar/repos/PorCrystalStructures/data/raw_xyz/xyz/porphyrins/HAMMAJ_0.xyz,topolocial,NOT_CONNECTED_MOLECULE
1631,/home/shachar/repos/PorCrystalStructures/data/raw_xyz/xyz/porphyrins/HAMMAJ_1.xyz,metal,NO_METAL
1632,/home/shachar/repos/PorCrystalStructures/data/raw_xyz/xyz/porphyrins/HAMMAJ_2.xyz,metal,NO_METAL
1633,/home/shachar/repos/PorCrystalStructures/data/raw_xyz/xyz/porphyrins/HAMMAJ_3.xyz,metal,NO_METAL
1634,/home/shachar/repos/PorCrystalStructures/data/raw_xyz/xyz/porphyrins/HAMMIR_0.xyz,charge,MOL_ODD_NUMBER_OF_ELECTRONS
1635,/home/shachar/repos/PorCrystalStructures/data/raw_xyz/xyz/porphyrins/HAQJAK_0.xyz,topolocial,NOT_CONNECTED_MOLECULE
1636,/home/shachar/repos/PorCrystalStructures/data/raw_xyz/xyz/porphyrins/HARHEN_0.xyz,topolocial,NOT_CONNECTED_MOLECULE
1637,/home/shachar/repos/PorCrystalStructures/data/raw_xyz/xyz/porphyrins/HARHEN_1.xyz,metal,NO_METAL
1638,/home/shachar/repos/PorCrystalStructures/data/raw_xyz/xyz/porphyrins/HARHIR_0.xyz,topolocial,NOT_CONNECTED_MOLECULE
1639,/home/shachar/repos/PorCrystalStructures/data/raw_xyz/xyz/porphyrins/HARHIR_1.xyz,metal,NO_METAL
1640,/home/shachar/repos/PorCrystalStructures/data/raw_xyz/xyz/porphyrins/HARXIJ_0.xyz,topolocial,NOT_A_MONOMER
1641,/home/shachar/repos/PorCrystalStructures/data/raw_xyz/xyz/porphyrins/HARXIJ_1.xyz,metal,NO_METAL
1642,/home/shachar/repos/PorCrystalStructures/data/raw_xyz/xyz/porphyrins/HASCUB_0.xyz,topolocial,NOT_CONNECTED_MOLECULE
1643,/home/shachar/repos/PorCrystalStructures/data/raw_xyz/xyz/porphyrins/HASCUB_1.xyz,metal,NO_METAL
1644,/home/shachar/repos/PorCrystalStructures/data/raw_xyz/xyz/porphyrins/HASCUB_2.xyz,metal,NO_METAL
1645,/home/shachar/repos/PorCrystalStructures/data/raw_xyz/xyz/porphyrins/HASDAI_0.xyz,topolocial,NOT_CONNECTED_MOLECULE
1646,/home/shachar/repos/PorCrystalStructures/data/raw_xyz/xyz/porphyrins/HATFEN_0.xyz,topolocial,NOT_CONNECTED_MOLECULE
1647,/home/shachar/repos/PorCrystalStructures/data/raw_xyz/xyz/porphyrins/HATFEN_1.xyz,metal,NO_METAL
1648,/home/shachar/repos/PorCrystalStructures/data/raw_xyz/xyz/porphyrins/HATFEN_2.xyz,metal,NO_METAL
1649,/home/shachar/repos/PorCrystalStructures/data/raw_xyz/xyz/porphyrins/HAVFUF_0.xyz,metal,NO_METAL
1650,/home/shachar/repos/PorCrystalStructures/data/raw_xyz/xyz/porphyrins/HAVFUF_1.xyz,metal,NO_METAL
1651,/home/shachar/repos/PorCrystalStructures/data/raw_xyz/xyz/porphyrins/HAXFIW_0.xyz,topolocial,NOT_CONNECTED_MOLECULE
1652,/home/shachar/repos/PorCrystalStructures/data/raw_xyz/xyz/porphyrins/HAZMUR_0.xyz,valid,VALID
1653,/home/shachar/repos/PorCrystalStructures/data/raw_xyz/xyz/porphyrins/HAZMUR_1.xyz,metal,NO_METAL
1654,/home/shachar/repos/PorCrystalStructures/data/raw_xyz/xyz/porphyrins/HAZNAY_0.xyz,charge,COUNTER_MOL_ODD_NUMBER_OF_ELECTRONS
1655,/home/shachar/repos/PorCrystalStructures/data/raw_xyz/xyz/porphyrins/HAZNAY_1.xyz,metal,NO_METAL
1656,/home/shachar/repos/PorCrystalStructures/data/raw_xyz/xyz/porphyrins/HAZNAY_2.xyz,metal,NO_METAL
1657,/home/shachar/repos/PorCrystalStructures/data/raw_xyz/xyz/porphyrins/HAZNAY_3.xyz,metal,NO_METAL
1658,/home/shachar/repos/PorCrystalStructures/data/raw_xyz/xyz/porphyrins/HEDGAB_0.xyz,metal,NO_METAL
1659,/home/shachar/repos/PorCrystalStructures/data/raw_xyz/xyz/porphyrins/HEDGEF_0.xyz,topolocial,NOT_A_MONOMER
1660,/home/shachar/repos/PorCrystalStructures/data/raw_xyz/xyz/porphyrins/HEDGIJ_0.xyz,topolocial,NOT_CONNECTED_MOLECULE
1661,/home/shachar/repos/PorCrystalStructures/data/raw_xyz/xyz/porphyrins/HEDGIJ_1.xyz,topolocial,NOT_A_MONOMER
1662,/home/shachar/repos/PorCrystalStructures/data/raw_xyz/xyz/porphyrins/HEDGOP_0.xyz,metal,NO_METAL
1663,/home/shachar/repos/PorCrystalStructures/data/raw_xyz/xyz/porphyrins/HEHGOU_0.xyz,topolocial,BIDENTATE_MACROCYCLE_SUBS
1664,/home/shachar/repos/PorCrystalStructures/data/raw_xyz/xyz/porphyrins/HEHGOU_1.xyz,metal,NO_METAL
1665,/home/shachar/repos/PorCrystalStructures/data/raw_xyz/xyz/porphyrins/HEJLAN_0.xyz,topolocial,BIDENTATE_MACROCYCLE_SUBS
1666,/home/shachar/repos/PorCrystalStructures/data/raw_xyz/xyz/porphyrins/HEJVUN_0.xyz,topolocial,NOT_SATURATED
1667,/home/shachar/repos/PorCrystalStructures/data/raw_xyz/xyz/porphyrins/HEJVUN_1.xyz,metal,NO_METAL
1668,/home/shachar/repos/PorCrystalStructures/data/raw_xyz/xyz/porphyrins/HEMDAE_0.xyz,topolocial,NOT_SATURATED
1669,/home/shachar/repos/PorCrystalStructures/data/raw_xyz/xyz/porphyrins/HEMDAE_1.xyz,metal,NO_METAL
1670,/home/shachar/repos/PorCrystalStructures/data/raw_xyz/xyz/porphyrins/HEMDAE_2.xyz,metal,NO_METAL
1671,/home/shachar/repos/PorCrystalStructures/data/raw_xyz/xyz/porphyrins/HEMDAE_3.xyz,metal,NO_METAL
1672,/home/shachar/repos/PorCrystalStructures/data/raw_xyz/xyz/porphyrins/HEMDEI_0.xyz,topolocial,NOT_CONNECTED_MOLECULE
1673,/home/shachar/repos/PorCrystalStructures/data/raw_xyz/xyz/porphyrins/HENQAT_0.xyz,topolocial,BIDENTATE_MACROCYCLE_SUBS
1674,/home/shachar/repos/PorCrystalStructures/data/raw_xyz/xyz/porphyrins/HENQAT_1.xyz,metal,NO_METAL
1675,/home/shachar/repos/PorCrystalStructures/data/raw_xyz/xyz/porphyrins/HENQAT_2.xyz,metal,NO_METAL
1676,/home/shachar/repos/PorCrystalStructures/data/raw_xyz/xyz/porphyrins/HENQAT_3.xyz,metal,NO_METAL
1677,/home/shachar/repos/PorCrystalStructures/data/raw_xyz/xyz/porphyrins/HENQAT_4.xyz,metal,NO_METAL
1678,/home/shachar/repos/PorCrystalStructures/data/raw_xyz/xyz/porphyrins/HENQAT_5.xyz,metal,NO_METAL
1679,/home/shachar/repos/PorCrystalStructures/data/raw_xyz/xyz/porphyrins/HENQEX_0.xyz,topolocial,BIDENTATE_MACROCYCLE_SUBS
1680,/home/shachar/repos/PorCrystalStructures/data/raw_xyz/xyz/porphyrins/HENQEX_1.xyz,metal,NO_METAL
1681,/home/shachar/repos/PorCrystalStructures/data/raw_xyz/xyz/porphyrins/HENQEX_2.xyz,metal,NO_METAL
1682,/home/shachar/repos/PorCrystalStructures/data/raw_xyz/xyz/porphyrins/HENQEX_3.xyz,metal,NO_METAL
1683,/home/shachar/repos/PorCrystalStructures/data/raw_xyz/xyz/porphyrins/HENQEX_4.xyz,metal,NO_METAL
1684,/home/shachar/repos/PorCrystalStructures/data/raw_xyz/xyz/porphyrins/HENQEX_5.xyz,metal,NO_METAL
1685,/home/shachar/repos/PorCrystalStructures/data/raw_xyz/xyz/porphyrins/HENQIB_0.xyz,topolocial,NOT_CONNECTED_MOLECULE
1686,/home/shachar/repos/PorCrystalStructures/data/raw_xyz/xyz/porphyrins/HENQIB_1.xyz,metal,NO_METAL
1687,/home/shachar/repos/PorCrystalStructures/data/raw_xyz/xyz/porphyrins/HENQIB_2.xyz,metal,NO_METAL
1688,/home/shachar/repos/PorCrystalStructures/data/raw_xyz/xyz/porphyrins/HEQGEP01_0.xyz,metal,NO_METAL
1689,/home/shachar/repos/PorCrystalStructures/data/raw_xyz/xyz/porphyrins/HEQGEP_0.xyz,metal,NO_METAL
1690,/home/shachar/repos/PorCrystalStructures/data/raw_xyz/xyz/porphyrins/HEQGOZ_0.xyz,topolocial,NOT_CONNECTED_MOLECULE
1691,/home/shachar/repos/PorCrystalStructures/data/raw_xyz/xyz/porphyrins/HEQGOZ_1.xyz,metal,NO_METAL
1692,/home/shachar/repos/PorCrystalStructures/data/raw_xyz/xyz/porphyrins/HEQGOZ_2.xyz,metal,NO_METAL
1693,/home/shachar/repos/PorCrystalStructures/data/raw_xyz/xyz/porphyrins/HEQGOZ_3.xyz,metal,NO_METAL
1694,/home/shachar/repos/PorCrystalStructures/data/raw_xyz/xyz/porphyrins/HEQGOZ_4.xyz,metal,NO_METAL
1695,/home/shachar/repos/PorCrystalStructures/data/raw_xyz/xyz/porphyrins/HEQGUF_0.xyz,topolocial,NOT_CONNECTED_MOLECULE
1696,/home/shachar/repos/PorCrystalStructures/data/raw_xyz/xyz/porphyrins/HEQGUF_1.xyz,metal,NO_METAL
1697,/home/shachar/repos/PorCrystalStructures/data/raw_xyz/xyz/porphyrins/HEQHOB_0.xyz,metal,NO_METAL
1698,/home/shachar/repos/PorCrystalStructures/data/raw_xyz/xyz/porphyrins/HEQHOB_1.xyz,metal,NO_METAL
1699,/home/shachar/repos/PorCrystalStructures/data/raw_xyz/xyz/porphyrins/HERVEF_0.xyz,topolocial,NOT_CONNECTED_MOLECULE
1700,/home/shachar/repos/PorCrystalStructures/data/raw_xyz/xyz/porphyrins/HERWEG_0.xyz,metal,NO_METAL
1701,/home/shachar/repos/PorCrystalStructures/data/raw_xyz/xyz/porphyrins/HERWEG_1.xyz,metal,NO_METAL
1702,/home/shachar/repos/PorCrystalStructures/data/raw_xyz/xyz/porphyrins/HERWEG_2.xyz,metal,NO_METAL
1703,/home/shachar/repos/PorCrystalStructures/data/raw_xyz/xyz/porphyrins/HERWEG_3.xyz,metal,NO_METAL
1704,/home/shachar/repos/PorCrystalStructures/data/raw_xyz/xyz/porphyrins/HERWIK_0.xyz,metal,NO_METAL
1705,/home/shachar/repos/PorCrystalStructures/data/raw_xyz/xyz/porphyrins/HERWIK_1.xyz,metal,NO_METAL
1706,/home/shachar/repos/PorCrystalStructures/data/raw_xyz/xyz/porphyrins/HERWIK_2.xyz,metal,NO_METAL
1707,/home/shachar/repos/PorCrystalStructures/data/raw_xyz/xyz/porphyrins/HERWIK_3.xyz,metal,NO_METAL
1708,/home/shachar/repos/PorCrystalStructures/data/raw_xyz/xyz/porphyrins/HERWIK_4.xyz,metal,NO_METAL
1709,/home/shachar/repos/PorCrystalStructures/data/raw_xyz/xyz/porphyrins/HERWIK_5.xyz,metal,NO_METAL
1710,/home/shachar/repos/PorCrystalStructures/data/raw_xyz/xyz/porphyrins/HETDAL_0.xyz,valid,VALID
1711,/home/shachar/repos/PorCrystalStructures/data/raw_xyz/xyz/porphyrins/HETDOZ_0.xyz,topolocial,NOT_SATURATED
1712,/home/shachar/repos/PorCrystalStructures/data/raw_xyz/xyz/porphyrins/HETDOZ_1.xyz,metal,NO_METAL
1713,/home/shachar/repos/PorCrystalStructures/data/raw_xyz/xyz/porphyrins/HETTEF_0.xyz,valence,BAD VALENCE
1714,/home/shachar/repos/PorCrystalStructures/data/raw_xyz/xyz/porphyrins/HEWDAO_0.xyz,valid,VALID
1715,/home/shachar/repos/PorCrystalStructures/data/raw_xyz/xyz/porphyrins/HEXZEP_0.xyz,metal,NO_METAL
1716,/home/shachar/repos/PorCrystalStructures/data/raw_xyz/xyz/porphyrins/HEZHEA_0.xyz,charge,MOL_ODD_NUMBER_OF_ELECTRONS
1717,/home/shachar/repos/PorCrystalStructures/data/raw_xyz/xyz/porphyrins/HEZHEA_1.xyz,metal,NO_METAL
1718,/home/shachar/repos/PorCrystalStructures/data/raw_xyz/xyz/porphyrins/HEZHEA_2.xyz,metal,NO_METAL
1719,/home/shachar/repos/PorCrystalStructures/data/raw_xyz/xyz/porphyrins/HICLAG_0.xyz,topolocial,BIDENTATE_MACROCYCLE_SUBS
1720,/home/shachar/repos/PorCrystalStructures/data/raw_xyz/xyz/porphyrins/HICLAG_1.xyz,metal,NO_METAL
1721,/home/shachar/repos/PorCrystalStructures/data/raw_xyz/xyz/porphyrins/HIJRAU_0.xyz,topolocial,NOT_CONNECTED_MOLECULE
1722,/home/shachar/repos/PorCrystalStructures/data/raw_xyz/xyz/porphyrins/HIJSIE_0.xyz,metal,NO_METAL
1723,/home/shachar/repos/PorCrystalStructures/data/raw_xyz/xyz/porphyrins/HIJTIG_0.xyz,metal,NO_METAL
1724,/home/shachar/repos/PorCrystalStructures/data/raw_xyz/xyz/porphyrins/HIJTIG_1.xyz,topolocial,NOT_CONNECTED_MOLECULE
1725,/home/shachar/repos/PorCrystalStructures/data/raw_xyz/xyz/porphyrins/HIJTIG_2.xyz,metal,NO_METAL
1726,/home/shachar/repos/PorCrystalStructures/data/raw_xyz/xyz/porphyrins/HIJTIG_3.xyz,metal,NO_METAL
1727,/home/shachar/repos/PorCrystalStructures/data/raw_xyz/xyz/porphyrins/HIJTIG_4.xyz,metal,NO_METAL
1728,/home/shachar/repos/PorCrystalStructures/data/raw_xyz/xyz/porphyrins/HIRFET_0.xyz,metal,NO_METAL
1729,/home/shachar/repos/PorCrystalStructures/data/raw_xyz/xyz/porphyrins/HIRNON_0.xyz,topolocial,NOT_CONNECTED_MOLECULE
1730,/home/shachar/repos/PorCrystalStructures/data/raw_xyz/xyz/porphyrins/HIRNON_1.xyz,metal,NO_METAL
1731,/home/shachar/repos/PorCrystalStructures/data/raw_xyz/xyz/porphyrins/HIRVUB_0.xyz,topolocial,NOT_CONNECTED_MOLECULE
1732,/home/shachar/repos/PorCrystalStructures/data/raw_xyz/xyz/porphyrins/HISDOC_0.xyz,charge,COUNTER_MOL_ODD_NUMBER_OF_ELECTRONS
1733,/home/shachar/repos/PorCrystalStructures/data/raw_xyz/xyz/porphyrins/HISDOC_1.xyz,metal,NO_METAL
1734,/home/shachar/repos/PorCrystalStructures/data/raw_xyz/xyz/porphyrins/HISDOC_2.xyz,metal,NO_METAL
1735,/home/shachar/repos/PorCrystalStructures/data/raw_xyz/xyz/porphyrins/HISDUI_0.xyz,valid,VALID
1736,/home/shachar/repos/PorCrystalStructures/data/raw_xyz/xyz/porphyrins/HISDUI_1.xyz,metal,NO_METAL
1737,/home/shachar/repos/PorCrystalStructures/data/raw_xyz/xyz/porphyrins/HISFIY_0.xyz,valid,VALID
1738,/home/shachar/repos/PorCrystalStructures/data/raw_xyz/xyz/porphyrins/HISFIY_1.xyz,metal,NO_METAL
1739,/home/shachar/repos/PorCrystalStructures/data/raw_xyz/xyz/porphyrins/HITFAT_0.xyz,charge,TOO_LARGE_COUNTER_MOL
1740,/home/shachar/repos/PorCrystalStructures/data/raw_xyz/xyz/porphyrins/HITFAT_1.xyz,metal,NO_METAL
1741,/home/shachar/repos/PorCrystalStructures/data/raw_xyz/xyz/porphyrins/HITFAT_2.xyz,metal,NO_METAL
1742,/home/shachar/repos/PorCrystalStructures/data/raw_xyz/xyz/porphyrins/HITFAT_3.xyz,metal,NO_METAL
1743,/home/shachar/repos/PorCrystalStructures/data/raw_xyz/xyz/porphyrins/HITFAT_4.xyz,metal,NO_METAL
1744,/home/shachar/repos/PorCrystalStructures/data/raw_xyz/xyz/porphyrins/HITZOB_0.xyz,topolocial,NOT_CONNECTED_MOLECULE
1745,/home/shachar/repos/PorCrystalStructures/data/raw_xyz/xyz/porphyrins/HIVGEY_0.xyz,charge,COUNTER_MOL_ODD_NUMBER_OF_ELECTRONS
1746,/home/shachar/repos/PorCrystalStructures/data/raw_xyz/xyz/porphyrins/HIVGEY_1.xyz,metal,NO_METAL
1747,/home/shachar/repos/PorCrystalStructures/data/raw_xyz/xyz/porphyrins/HIWBAS_0.xyz,topolocial,NOT_CONNECTED_MOLECULE
1748,/home/shachar/repos/PorCrystalStructures/data/raw_xyz/xyz/porphyrins/HIWMAB_0.xyz,topolocial,NOT_CONNECTED_MOLECULE
1749,/home/shachar/repos/PorCrystalStructures/data/raw_xyz/xyz/porphyrins/HIWMAB_1.xyz,metal,NO_METAL
1750,/home/shachar/repos/PorCrystalStructures/data/raw_xyz/xyz/porphyrins/HIWMAB_2.xyz,metal,NO_METAL
1751,/home/shachar/repos/PorCrystalStructures/data/raw_xyz/xyz/porphyrins/HIWMAB_3.xyz,metal,NO_METAL
1752,/home/shachar/repos/PorCrystalStructures/data/raw_xyz/xyz/porphyrins/HIWMOR_0.xyz,topolocial,NOT_CONNECTED_MOLECULE
1753,/home/shachar/repos/PorCrystalStructures/data/raw_xyz/xyz/porphyrins/HIWMOR_1.xyz,metal,NO_METAL
1754,/home/shachar/repos/PorCrystalStructures/data/raw_xyz/xyz/porphyrins/HIYLEI_0.xyz,metal,NO_METAL
1755,/home/shachar/repos/PorCrystalStructures/data/raw_xyz/xyz/porphyrins/HIZCEA_0.xyz,valid,VALID
1756,/home/shachar/repos/PorCrystalStructures/data/raw_xyz/xyz/porphyrins/HIZCEA_1.xyz,metal,NO_METAL
1757,/home/shachar/repos/PorCrystalStructures/data/raw_xyz/xyz/porphyrins/HIZFAX_0.xyz,valid,VALID
1758,/home/shachar/repos/PorCrystalStructures/data/raw_xyz/xyz/porphyrins/HOCMOB_0.xyz,metal,NO_METAL
1759,/home/shachar/repos/PorCrystalStructures/data/raw_xyz/xyz/porphyrins/HOCMOB_1.xyz,metal,NO_METAL
1760,/home/shachar/repos/PorCrystalStructures/data/raw_xyz/xyz/porphyrins/HOCMOB_2.xyz,metal,NO_METAL
1761,/home/shachar/repos/PorCrystalStructures/data/raw_xyz/xyz/porphyrins/HOCMOB_3.xyz,metal,NO_METAL
1762,/home/shachar/repos/PorCrystalStructures/data/raw_xyz/xyz/porphyrins/HOCMOB_4.xyz,metal,NO_METAL
1763,/home/shachar/repos/PorCrystalStructures/data/raw_xyz/xyz/porphyrins/HOCMOB_5.xyz,metal,NO_METAL
1764,/home/shachar/repos/PorCrystalStructures/data/raw_xyz/xyz/porphyrins/HOCRAT_0.xyz,metal,NO_METAL
1765,/home/shachar/repos/PorCrystalStructures/data/raw_xyz/xyz/porphyrins/HODGIQ_0.xyz,topolocial,NOT_CONNECTED_MOLECULE
1766,/home/shachar/repos/PorCrystalStructures/data/raw_xyz/xyz/porphyrins/HODGOW_0.xyz,topolocial,NOT_SATURATED
1767,/home/shachar/repos/PorCrystalStructures/data/raw_xyz/xyz/porphyrins/HOGGAL_0.xyz,topolocial,NOT_A_MONOMER
1768,/home/shachar/repos/PorCrystalStructures/data/raw_xyz/xyz/porphyrins/HOGGAL_1.xyz,topolocial,NOT_CONNECTED_MOLECULE
1769,/home/shachar/repos/PorCrystalStructures/data/raw_xyz/xyz/porphyrins/HOGGAL_2.xyz,metal,NO_METAL
1770,/home/shachar/repos/PorCrystalStructures/data/raw_xyz/xyz/porphyrins/HOHKOF_0.xyz,topolocial,BIDENTATE_MACROCYCLE_SUBS
1771,/home/shachar/repos/PorCrystalStructures/data/raw_xyz/xyz/porphyrins/HOHKOF_1.xyz,metal,NO_METAL
1772,/home/shachar/repos/PorCrystalStructures/data/raw_xyz/xyz/porphyrins/HOHZAG_0.xyz,valid,VALID
1773,/home/shachar/repos/PorCrystalStructures/data/raw_xyz/xyz/porphyrins/HOHZAG_1.xyz,metal,NO_METAL
1774,/home/shachar/repos/PorCrystalStructures/data/raw_xyz/xyz/porphyrins/HOHZEK_0.xyz,valid,VALID
1775,/home/shachar/repos/PorCrystalStructures/data/raw_xyz/xyz/porphyrins/HOHZEK_1.xyz,metal,NO_METAL
1776,/home/shachar/repos/PorCrystalStructures/data/raw_xyz/xyz/porphyrins/HOHZIO_0.xyz,valence,BAD VALENCE
1777,/home/shachar/repos/PorCrystalStructures/data/raw_xyz/xyz/porphyrins/HOHZIO_1.xyz,metal,NO_METAL
1778,/home/shachar/repos/PorCrystalStructures/data/raw_xyz/xyz/porphyrins/HOKCIT_0.xyz,metal,NO_METAL
1779,/home/shachar/repos/PorCrystalStructures/data/raw_xyz/xyz/porphyrins/HOKCIT_1.xyz,metal,NO_METAL
1780,/home/shachar/repos/PorCrystalStructures/data/raw_xyz/xyz/porphyrins/HOKQAZ_0.xyz,metal,NO_METAL
1781,/home/shachar/repos/PorCrystalStructures/data/raw_xyz/xyz/porphyrins/HOKQAZ_1.xyz,metal,NO_METAL
1782,/home/shachar/repos/PorCrystalStructures/data/raw_xyz/xyz/porphyrins/HOKQAZ_2.xyz,metal,NO_METAL
1783,/home/shachar/repos/PorCrystalStructures/data/raw_xyz/xyz/porphyrins/HOKQED_0.xyz,topolocial,NOT_CONNECTED_MOLECULE
1784,/home/shachar/repos/PorCrystalStructures/data/raw_xyz/xyz/porphyrins/HOKQED_1.xyz,metal,NO_METAL
1785,/home/shachar/repos/PorCrystalStructures/data/raw_xyz/xyz/porphyrins/HOKQED_2.xyz,metal,NO_METAL
1786,/home/shachar/repos/PorCrystalStructures/data/raw_xyz/xyz/porphyrins/HOLDAN_0.xyz,topolocial,NOT_CONNECTED_MOLECULE
1787,/home/shachar/repos/PorCrystalStructures/data/raw_xyz/xyz/porphyrins/HOPSIR_0.xyz,topolocial,BIDENTATE_MACROCYCLE_SUBS
1788,/home/shachar/repos/PorCrystalStructures/data/raw_xyz/xyz/porphyrins/HOPSIR_1.xyz,metal,NO_METAL
1789,/home/shachar/repos/PorCrystalStructures/data/raw_xyz/xyz/porphyrins/HOQLIL_0.xyz,topolocial,NOT_CONNECTED_MOLECULE
1790,/home/shachar/repos/PorCrystalStructures/data/raw_xyz/xyz/porphyrins/HOQLIL_1.xyz,metal,NO_METAL
1791,/home/shachar/repos/PorCrystalStructures/data/raw_xyz/xyz/porphyrins/HORLEG_0.xyz,charge,MOL_ODD_NUMBER_OF_ELECTRONS
1792,/home/shachar/repos/PorCrystalStructures/data/raw_xyz/xyz/porphyrins/HORLEG_1.xyz,metal,NO_METAL
1793,/home/shachar/repos/PorCrystalStructures/data/raw_xyz/xyz/porphyrins/HORLIK_0.xyz,metal,NO_METAL
1794,/home/shachar/repos/PorCrystalStructures/data/raw_xyz/xyz/porphyrins/HORLIK_1.xyz,metal,NO_METAL
1795,/home/shachar/repos/PorCrystalStructures/data/raw_xyz/xyz/porphyrins/HORLIK_2.xyz,metal,NO_METAL
1796,/home/shachar/repos/PorCrystalStructures/data/raw_xyz/xyz/porphyrins/HOSBUO_0.xyz,metal,NO_METAL
1797,/home/shachar/repos/PorCrystalStructures/data/raw_xyz/xyz/porphyrins/HOTKIK_0.xyz,metal,NO_METAL
1798,/home/shachar/repos/PorCrystalStructures/data/raw_xyz/xyz/porphyrins/HOTKIK_1.xyz,metal,NO_METAL
1799,/home/shachar/repos/PorCrystalStructures/data/raw_xyz/xyz/porphyrins/HOTKIK_2.xyz,metal,NO_METAL
1800,/home/shachar/repos/PorCrystalStructures/data/raw_xyz/xyz/porphyrins/HOVDOM_0.xyz,topolocial,NOT_CONNECTED_MOLECULE
1801,/home/shachar/repos/PorCrystalStructures/data/raw_xyz/xyz/porphyrins/HOVDOM_1.xyz,metal,NO_METAL
1802,/home/shachar/repos/PorCrystalStructures/data/raw_xyz/xyz/porphyrins/HOVHUV_0.xyz,topolocial,BIDENTATE_MACROCYCLE_SUBS
1803,/home/shachar/repos/PorCrystalStructures/data/raw_xyz/xyz/porphyrins/HOZKAJ_0.xyz,metal,NO_METAL
1804,/home/shachar/repos/PorCrystalStructures/data/raw_xyz/xyz/porphyrins/HOZKEN_0.xyz,valid,VALID
1805,/home/shachar/repos/PorCrystalStructures/data/raw_xyz/xyz/porphyrins/HOZKEN_1.xyz,metal,NO_METAL
1806,/home/shachar/repos/PorCrystalStructures/data/raw_xyz/xyz/porphyrins/HOZQAO_0.xyz,topolocial,NOT_A_MONOMER
1807,/home/shachar/repos/PorCrystalStructures/data/raw_xyz/xyz/porphyrins/HOZQAO_1.xyz,metal,NO_METAL
1808,/home/shachar/repos/PorCrystalStructures/data/raw_xyz/xyz/porphyrins/HUBZAG_0.xyz,topolocial,BIDENTATE_MACROCYCLE_SUBS
1809,/home/shachar/repos/PorCrystalStructures/data/raw_xyz/xyz/porphyrins/HUBZAG_1.xyz,metal,NO_METAL
1810,/home/shachar/repos/PorCrystalStructures/data/raw_xyz/xyz/porphyrins/HUCNAU_0.xyz,topolocial,HAS_MORE_THAN_4_PYRROLES
1811,/home/shachar/repos/PorCrystalStructures/data/raw_xyz/xyz/porphyrins/HUCNAU_1.xyz,metal,NO_METAL
1812,/home/shachar/repos/PorCrystalStructures/data/raw_xyz/xyz/porphyrins/HUCPEC_0.xyz,topolocial,NOT_CONNECTED_MOLECULE
1813,/home/shachar/repos/PorCrystalStructures/data/raw_xyz/xyz/porphyrins/HUCPEC_1.xyz,metal,NO_METAL
1814,/home/shachar/repos/PorCrystalStructures/data/raw_xyz/xyz/porphyrins/HUGXIT_0.xyz,valid,VALID
1815,/home/shachar/repos/PorCrystalStructures/data/raw_xyz/xyz/porphyrins/HUGXIT_1.xyz,metal,NO_METAL
1816,/home/shachar/repos/PorCrystalStructures/data/raw_xyz/xyz/porphyrins/HUHWAL_0.xyz,metal,NO_METAL
1817,/home/shachar/repos/PorCrystalStructures/data/raw_xyz/xyz/porphyrins/HUHWAL_1.xyz,metal,NO_METAL
1818,/home/shachar/repos/PorCrystalStructures/data/raw_xyz/xyz/porphyrins/HUHWAL_2.xyz,metal,NO_METAL
1819,/home/shachar/repos/PorCrystalStructures/data/raw_xyz/xyz/porphyrins/HUMWAO_0.xyz,metal,NO_METAL
1820,/home/shachar/repos/PorCrystalStructures/data/raw_xyz/xyz/porphyrins/HUMWES01_0.xyz,metal,NO_METAL
1821,/home/shachar/repos/PorCrystalStructures/data/raw_xyz/xyz/porphyrins/HUMWES_0.xyz,metal,NO_METAL
1822,/home/shachar/repos/PorCrystalStructures/data/raw_xyz/xyz/porphyrins/HUNRAK_0.xyz,metal,NO_METAL
1823,/home/shachar/repos/PorCrystalStructures/data/raw_xyz/xyz/porphyrins/HUNVAN_0.xyz,metal,NO_METAL
1824,/home/shachar/repos/PorCrystalStructures/data/raw_xyz/xyz/porphyrins/HUNYUN_0.xyz,topolocial,NOT_A_MONOMER
1825,/home/shachar/repos/PorCrystalStructures/data/raw_xyz/xyz/porphyrins/HUPDEB_0.xyz,topolocial,NOT_CONNECTED_MOLECULE
1826,/home/shachar/repos/PorCrystalStructures/data/raw_xyz/xyz/porphyrins/HUPDUR_0.xyz,topolocial,NOT_CONNECTED_MOLECULE
1827,/home/shachar/repos/PorCrystalStructures/data/raw_xyz/xyz/porphyrins/HUPDUR_1.xyz,metal,NO_METAL
1828,/home/shachar/repos/PorCrystalStructures/data/raw_xyz/xyz/porphyrins/HUPFAZ_0.xyz,topolocial,NOT_CONNECTED_MOLECULE
1829,/home/shachar/repos/PorCrystalStructures/data/raw_xyz/xyz/porphyrins/HUPFAZ_1.xyz,metal,NO_METAL
1830,/home/shachar/repos/PorCrystalStructures/data/raw_xyz/xyz/porphyrins/HUPFED_0.xyz,topolocial,NOT_CONNECTED_MOLECULE
1831,/home/shachar/repos/PorCrystalStructures/data/raw_xyz/xyz/porphyrins/HUPFED_1.xyz,metal,NO_METAL
1832,/home/shachar/repos/PorCrystalStructures/data/raw_xyz/xyz/porphyrins/HUPZAU_0.xyz,charge,MOL_ODD_NUMBER_OF_ELECTRONS
1833,/home/shachar/repos/PorCrystalStructures/data/raw_xyz/xyz/porphyrins/HUPZEY_0.xyz,charge,MOL_ODD_NUMBER_OF_ELECTRONS
1834,/home/shachar/repos/PorCrystalStructures/data/raw_xyz/xyz/porphyrins/HUQHEG_0.xyz,topolocial,NOT_A_MONOMER
1835,/home/shachar/repos/PorCrystalStructures/data/raw_xyz/xyz/porphyrins/HUQHEG_1.xyz,topolocial,NOT_A_MONOMER
1836,/home/shachar/repos/PorCrystalStructures/data/raw_xyz/xyz/porphyrins/HUQHEG_2.xyz,metal,NO_METAL
1837,/home/shachar/repos/PorCrystalStructures/data/raw_xyz/xyz/porphyrins/HUTMIS_0.xyz,metal,NO_METAL
1838,/home/shachar/repos/PorCrystalStructures/data/raw_xyz/xyz/porphyrins/HUTMIS_1.xyz,metal,NO_METAL
1839,/home/shachar/repos/PorCrystalStructures/data/raw_xyz/xyz/porphyrins/HUTMIS_2.xyz,metal,NO_METAL
1840,/home/shachar/repos/PorCrystalStructures/data/raw_xyz/xyz/porphyrins/HUTMOY_0.xyz,metal,NO_METAL
1841,/home/shachar/repos/PorCrystalStructures/data/raw_xyz/xyz/porphyrins/HUWSEZ_0.xyz,valid,VALID
1842,/home/shachar/repos/PorCrystalStructures/data/raw_xyz/xyz/porphyrins/HUWSUP_0.xyz,topolocial,NOT_CONNECTED_MOLECULE
1843,/home/shachar/repos/PorCrystalStructures/data/raw_xyz/xyz/porphyrins/HUWTAW_0.xyz,valid,VALID
1844,/home/shachar/repos/PorCrystalStructures/data/raw_xyz/xyz/porphyrins/HUWTAW_1.xyz,metal,NO_METAL
1845,/home/shachar/repos/PorCrystalStructures/data/raw_xyz/xyz/porphyrins/HUWTEA_0.xyz,valid,VALID
1846,/home/shachar/repos/PorCrystalStructures/data/raw_xyz/xyz/porphyrins/HUXSIC_0.xyz,charge,MOL_ODD_NUMBER_OF_ELECTRONS
1847,/home/shachar/repos/PorCrystalStructures/data/raw_xyz/xyz/porphyrins/IBABUK_0.xyz,topolocial,NOT_A_MONOMER
1848,/home/shachar/repos/PorCrystalStructures/data/raw_xyz/xyz/porphyrins/IBACUM_0.xyz,metal,NO_METAL
1849,/home/shachar/repos/PorCrystalStructures/data/raw_xyz/xyz/porphyrins/ICIBEC_0.xyz,topolocial,NOT_CONNECTED_MOLECULE
1850,/home/shachar/repos/PorCrystalStructures/data/raw_xyz/xyz/porphyrins/ICIBEC_1.xyz,metal,NO_METAL
1851,/home/shachar/repos/PorCrystalStructures/data/raw_xyz/xyz/porphyrins/ICIBOM_0.xyz,valid,VALID
1852,/home/shachar/repos/PorCrystalStructures/data/raw_xyz/xyz/porphyrins/ICIBOM_1.xyz,metal,NO_METAL
1853,/home/shachar/repos/PorCrystalStructures/data/raw_xyz/xyz/porphyrins/ICIBOM_2.xyz,metal,NO_METAL
1854,/home/shachar/repos/PorCrystalStructures/data/raw_xyz/xyz/porphyrins/ICIYEY_0.xyz,valid,VALID
1855,/home/shachar/repos/PorCrystalStructures/data/raw_xyz/xyz/porphyrins/ICIYIC_0.xyz,topolocial,PYRROLE_NOT_BOUND_TO_METAL
1856,/home/shachar/repos/PorCrystalStructures/data/raw_xyz/xyz/porphyrins/ICIYIC_1.xyz,metal,NO_METAL
1857,/home/shachar/repos/PorCrystalStructures/data/raw_xyz/xyz/porphyrins/ICOGAI_0.xyz,topolocial,NOT_CONNECTED_MOLECULE
1858,/home/shachar/repos/PorCrystalStructures/data/raw_xyz/xyz/porphyrins/ICOGAI_1.xyz,metal,NO_METAL
1859,/home/shachar/repos/PorCrystalStructures/data/raw_xyz/xyz/porphyrins/ICOGAI_2.xyz,metal,NO_METAL
1860,/home/shachar/repos/PorCrystalStructures/data/raw_xyz/xyz/porphyrins/ICOHOZ_0.xyz,topolocial,HAS_MORE_THAN_4_PYRROLES
1861,/home/shachar/repos/PorCrystalStructures/data/raw_xyz/xyz/porphyrins/ICOHUD_0.xyz,charge,MOL_ODD_NUMBER_OF_ELECTRONS
1862,/home/shachar/repos/PorCrystalStructures/data/raw_xyz/xyz/porphyrins/ICOHUD_1.xyz,metal,NO_METAL
1863,/home/shachar/repos/PorCrystalStructures/data/raw_xyz/xyz/porphyrins/ICOHUF_0.xyz,topolocial,HAS_MORE_THAN_4_PYRROLES
1864,/home/shachar/repos/PorCrystalStructures/data/raw_xyz/xyz/porphyrins/IDAKEG_0.xyz,topolocial,NOT_CONNECTED_MOLECULE
1865,/home/shachar/repos/PorCrystalStructures/data/raw_xyz/xyz/porphyrins/IDAKEG_1.xyz,metal,NO_METAL
1866,/home/shachar/repos/PorCrystalStructures/data/raw_xyz/xyz/porphyrins/IDATUG_0.xyz,charge,MOL_ODD_NUMBER_OF_ELECTRONS
1867,/home/shachar/repos/PorCrystalStructures/data/raw_xyz/xyz/porphyrins/IDIPER_0.xyz,topolocial,NOT_A_MONOMER
1868,/home/shachar/repos/PorCrystalStructures/data/raw_xyz/xyz/porphyrins/IDOKEU_0.xyz,metal,NO_METAL
1869,/home/shachar/repos/PorCrystalStructures/data/raw_xyz/xyz/porphyrins/IDOKEU_1.xyz,metal,NO_METAL
1870,/home/shachar/repos/PorCrystalStructures/data/raw_xyz/xyz/porphyrins/IDOKEU_2.xyz,metal,NO_METAL
1871,/home/shachar/repos/PorCrystalStructures/data/raw_xyz/xyz/porphyrins/IDOKEU_3.xyz,metal,NO_METAL
1872,/home/shachar/repos/PorCrystalStructures/data/raw_xyz/xyz/porphyrins/IDOKEU_4.xyz,metal,NO_METAL
1873,/home/shachar/repos/PorCrystalStructures/data/raw_xyz/xyz/porphyrins/IDORUP_0.xyz,valid,VALID
1874,/home/shachar/repos/PorCrystalStructures/data/raw_xyz/xyz/porphyrins/IDORUP_1.xyz,metal,NO_METAL
1875,/home/shachar/repos/PorCrystalStructures/data/raw_xyz/xyz/porphyrins/IDORUP_2.xyz,metal,NO_METAL
1876,/home/shachar/repos/PorCrystalStructures/data/raw_xyz/xyz/porphyrins/IFABAT_0.xyz,topolocial,HAS_MORE_THAN_4_PYRROLES
1877,/home/shachar/repos/PorCrystalStructures/data/raw_xyz/xyz/porphyrins/IFABAT_1.xyz,metal,NO_METAL
1878,/home/shachar/repos/PorCrystalStructures/data/raw_xyz/xyz/porphyrins/IFASEQ_0.xyz,valid,VALID
1879,/home/shachar/repos/PorCrystalStructures/data/raw_xyz/xyz/porphyrins/IFASEQ_1.xyz,metal,NO_METAL
1880,/home/shachar/repos/PorCrystalStructures/data/raw_xyz/xyz/porphyrins/IFAYEU_0.xyz,topolocial,NOT_A_MONOMER
1881,/home/shachar/repos/PorCrystalStructures/data/raw_xyz/xyz/porphyrins/IFAYEU_1.xyz,charge,TOO_LARGE_COUNTER_MOL
1882,/home/shachar/repos/PorCrystalStructures/data/raw_xyz/xyz/porphyrins/IFAYEU_2.xyz,metal,NO_METAL
1883,/home/shachar/repos/PorCrystalStructures/data/raw_xyz/xyz/porphyrins/IFAYIY_0.xyz,topolocial,NOT_A_MONOMER
1884,/home/shachar/repos/PorCrystalStructures/data/raw_xyz/xyz/porphyrins/IFAYIY_1.xyz,charge,TOO_LARGE_COUNTER_MOL
1885,/home/shachar/repos/PorCrystalStructures/data/raw_xyz/xyz/porphyrins/IFAYIY_2.xyz,metal,NO_METAL
1886,/home/shachar/repos/PorCrystalStructures/data/raw_xyz/xyz/porphyrins/IFEBUT_0.xyz,topolocial,NOT_CONNECTED_MOLECULE
1887,/home/shachar/repos/PorCrystalStructures/data/raw_xyz/xyz/porphyrins/IFEBUT_1.xyz,metal,NO_METAL
1888,/home/shachar/repos/PorCrystalStructures/data/raw_xyz/xyz/porphyrins/IFEDAB_0.xyz,metal,NO_METAL
1889,/home/shachar/repos/PorCrystalStructures/data/raw_xyz/xyz/porphyrins/IFEDAB_1.xyz,metal,NO_METAL
1890,/home/shachar/repos/PorCrystalStructures/data/raw_xyz/xyz/porphyrins/IFEFIJ_0.xyz,topolocial,NOT_A_MONOMER
1891,/home/shachar/repos/PorCrystalStructures/data/raw_xyz/xyz/porphyrins/IFEFIJ_1.xyz,metal,NO_METAL
1892,/home/shachar/repos/PorCrystalStructures/data/raw_xyz/xyz/porphyrins/IFEYOH_0.xyz,topolocial,NOT_CONNECTED_MOLECULE
1893,/home/shachar/repos/PorCrystalStructures/data/raw_xyz/xyz/porphyrins/IFEYOH_1.xyz,metal,NO_METAL
1894,/home/shachar/repos/PorCrystalStructures/data/raw_xyz/xyz/porphyrins/IFEYOH_2.xyz,metal,NO_METAL
1895,/home/shachar/repos/PorCrystalStructures/data/raw_xyz/xyz/porphyrins/IGUCAQ_0.xyz,metal,NO_METAL
1896,/home/shachar/repos/PorCrystalStructures/data/raw_xyz/xyz/porphyrins/IHOBEO_0.xyz,topolocial,HAS_MORE_THAN_4_PYRROLES
1897,/home/shachar/repos/PorCrystalStructures/data/raw_xyz/xyz/porphyrins/IHOBEO_1.xyz,metal,NO_METAL
1898,/home/shachar/repos/PorCrystalStructures/data/raw_xyz/xyz/porphyrins/IJAJEK_0.xyz,metal,NO_METAL
1899,/home/shachar/repos/PorCrystalStructures/data/raw_xyz/xyz/porphyrins/IJONIF_0.xyz,topolocial,NOT_CONNECTED_MOLECULE
1900,/home/shachar/repos/PorCrystalStructures/data/raw_xyz/xyz/porphyrins/IJONUR_0.xyz,charge,MOL_ODD_NUMBER_OF_ELECTRONS
1901,/home/shachar/repos/PorCrystalStructures/data/raw_xyz/xyz/porphyrins/IJOSIJ_0.xyz,topolocial,NOT_SATURATED
1902,/home/shachar/repos/PorCrystalStructures/data/raw_xyz/xyz/porphyrins/IJOSIJ_1.xyz,metal,NO_METAL
1903,/home/shachar/repos/PorCrystalStructures/data/raw_xyz/xyz/porphyrins/IJOSIJ_2.xyz,metal,NO_METAL
1904,/home/shachar/repos/PorCrystalStructures/data/raw_xyz/xyz/porphyrins/IJOSOP_0.xyz,topolocial,NOT_SATURATED
1905,/home/shachar/repos/PorCrystalStructures/data/raw_xyz/xyz/porphyrins/IJOSOP_1.xyz,metal,NO_METAL
1906,/home/shachar/repos/PorCrystalStructures/data/raw_xyz/xyz/porphyrins/IJUDEW_0.xyz,charge,MOL_ODD_NUMBER_OF_ELECTRONS
1907,/home/shachar/repos/PorCrystalStructures/data/raw_xyz/xyz/porphyrins/IJURAI_0.xyz,valid,VALID
1908,/home/shachar/repos/PorCrystalStructures/data/raw_xyz/xyz/porphyrins/IKACEE_0.xyz,valid,VALID
1909,/home/shachar/repos/PorCrystalStructures/data/raw_xyz/xyz/porphyrins/IKACEE_1.xyz,metal,NO_METAL
1910,/home/shachar/repos/PorCrystalStructures/data/raw_xyz/xyz/porphyrins/IKAZUP_0.xyz,topolocial,NOT_CONNECTED_MOLECULE
1911,/home/shachar/repos/PorCrystalStructures/data/raw_xyz/xyz/porphyrins/IKAZUP_1.xyz,metal,NO_METAL
1912,/home/shachar/repos/PorCrystalStructures/data/raw_xyz/xyz/porphyrins/IKEBEF_0.xyz,topolocial,BIDENTATE_AXIAL_LIGANDS
1913,/home/shachar/repos/PorCrystalStructures/data/raw_xyz/xyz/porphyrins/IKEBEF_1.xyz,metal,NO_METAL
1914,/home/shachar/repos/PorCrystalStructures/data/raw_xyz/xyz/porphyrins/IKEBIJ_0.xyz,topolocial,BIDENTATE_AXIAL_LIGANDS
1915,/home/shachar/repos/PorCrystalStructures/data/raw_xyz/xyz/porphyrins/IKEBIJ_1.xyz,metal,NO_METAL
1916,/home/shachar/repos/PorCrystalStructures/data/raw_xyz/xyz/porphyrins/IKEBIJ_2.xyz,metal,NO_METAL
1917,/home/shachar/repos/PorCrystalStructures/data/raw_xyz/xyz/porphyrins/IKEBIJ_3.xyz,metal,NO_METAL
1918,/home/shachar/repos/PorCrystalStructures/data/raw_xyz/xyz/porphyrins/IKOSEG_0.xyz,topolocial,BIDENTATE_MACROCYCLE_SUBS
1919,/home/shachar/repos/PorCrystalStructures/data/raw_xyz/xyz/porphyrins/IKOSEG_1.xyz,metal,NO_METAL
1920,/home/shachar/repos/PorCrystalStructures/data/raw_xyz/xyz/porphyrins/IKOSEG_2.xyz,metal,NO_METAL
1921,/home/shachar/repos/PorCrystalStructures/data/raw_xyz/xyz/porphyrins/IKOSEG_3.xyz,metal,NO_METAL
1922,/home/shachar/repos/PorCrystalStructures/data/raw_xyz/xyz/porphyrins/IKOSEG_4.xyz,metal,NO_METAL
1923,/home/shachar/repos/PorCrystalStructures/data/raw_xyz/xyz/porphyrins/ILOZEP_0.xyz,topolocial,NOT_CONNECTED_MOLECULE
1924,/home/shachar/repos/PorCrystalStructures/data/raw_xyz/xyz/porphyrins/ILOZIT_0.xyz,charge,MOL_ODD_NUMBER_OF_ELECTRONS
1925,/home/shachar/repos/PorCrystalStructures/data/raw_xyz/xyz/porphyrins/ILOZIT_1.xyz,metal,NO_METAL
1926,/home/shachar/repos/PorCrystalStructures/data/raw_xyz/xyz/porphyrins/ILOZIT_2.xyz,metal,NO_METAL
1927,/home/shachar/repos/PorCrystalStructures/data/raw_xyz/xyz/porphyrins/ILOZOZ_0.xyz,topolocial,NOT_CONNECTED_MOLECULE
1928,/home/shachar/repos/PorCrystalStructures/data/raw_xyz/xyz/porphyrins/ILOZUF_0.xyz,topolocial,NOT_CONNECTED_MOLECULE
1929,/home/shachar/repos/PorCrystalStructures/data/raw_xyz/xyz/porphyrins/IMAGAH_0.xyz,topolocial,NOT_CONNECTED_MOLECULE
1930,/home/shachar/repos/PorCrystalStructures/data/raw_xyz/xyz/porphyrins/IMEDOU_0.xyz,charge,MOL_ODD_NUMBER_OF_ELECTRONS
1931,/home/shachar/repos/PorCrystalStructures/data/raw_xyz/xyz/porphyrins/IMELAN_0.xyz,charge,MOL_ODD_NUMBER_OF_ELECTRONS
1932,/home/shachar/repos/PorCrystalStructures/data/raw_xyz/xyz/porphyrins/IMELIV_0.xyz,valid,VALID
1933,/home/shachar/repos/PorCrystalStructures/data/raw_xyz/xyz/porphyrins/IMELIV_1.xyz,metal,NO_METAL
1934,/home/shachar/repos/PorCrystalStructures/data/raw_xyz/xyz/porphyrins/INIBAL_0.xyz,valid,VALID
1935,/home/shachar/repos/PorCrystalStructures/data/raw_xyz/xyz/porphyrins/INOVAK_0.xyz,topolocial,NOT_CONNECTED_MOLECULE
1936,/home/shachar/repos/PorCrystalStructures/data/raw_xyz/xyz/porphyrins/INUGII_0.xyz,topolocial,NOT_A_MONOMER
1937,/home/shachar/repos/PorCrystalStructures/data/raw_xyz/xyz/porphyrins/INUNUA_0.xyz,topolocial,NOT_A_MONOMER
1938,/home/shachar/repos/PorCrystalStructures/data/raw_xyz/xyz/porphyrins/INUNUA_1.xyz,metal,NO_METAL
1939,/home/shachar/repos/PorCrystalStructures/data/raw_xyz/xyz/porphyrins/INUNUA_2.xyz,metal,NO_METAL
1940,/home/shachar/repos/PorCrystalStructures/data/raw_xyz/xyz/porphyrins/IPOZOC_0.xyz,topolocial,NOT_SATURATED
1941,/home/shachar/repos/PorCrystalStructures/data/raw_xyz/xyz/porphyrins/IPUJIM_0.xyz,topolocial,NOT_A_MONOMER
1942,/home/shachar/repos/PorCrystalStructures/data/raw_xyz/xyz/porphyrins/IPUJIM_1.xyz,metal,NO_METAL
1943,/home/shachar/repos/PorCrystalStructures/data/raw_xyz/xyz/porphyrins/IPUJIM_2.xyz,metal,NO_METAL
1944,/home/shachar/repos/PorCrystalStructures/data/raw_xyz/xyz/porphyrins/IPUNUF_0.xyz,topolocial,NOT_A_MONOMER
1945,/home/shachar/repos/PorCrystalStructures/data/raw_xyz/xyz/porphyrins/IPUNUF_1.xyz,metal,NO_METAL
1946,/home/shachar/repos/PorCrystalStructures/data/raw_xyz/xyz/porphyrins/IPUPAN_0.xyz,topolocial,NOT_CONNECTED_MOLECULE
1947,/home/shachar/repos/PorCrystalStructures/data/raw_xyz/xyz/porphyrins/IPUPAN_1.xyz,metal,NO_METAL
1948,/home/shachar/repos/PorCrystalStructures/data/raw_xyz/xyz/porphyrins/IQEKUK_0.xyz,topolocial,BIDENTATE_MACROCYCLE_SUBS
1949,/home/shachar/repos/PorCrystalStructures/data/raw_xyz/xyz/porphyrins/IQEKUK_1.xyz,metal,NO_METAL
1950,/home/shachar/repos/PorCrystalStructures/data/raw_xyz/xyz/porphyrins/IQEQED_0.xyz,topolocial,NOT_CONNECTED_MOLECULE
1951,/home/shachar/repos/PorCrystalStructures/data/raw_xyz/xyz/porphyrins/IQEYOU_0.xyz,topolocial,NOT_CONNECTED_MOLECULE
1952,/home/shachar/repos/PorCrystalStructures/data/raw_xyz/xyz/porphyrins/IQEYOU_1.xyz,metal,NO_METAL
1953,/home/shachar/repos/PorCrystalStructures/data/raw_xyz/xyz/porphyrins/IQEYUA_0.xyz,metal,NO_METAL
1954,/home/shachar/repos/PorCrystalStructures/data/raw_xyz/xyz/porphyrins/IQEYUA_1.xyz,metal,NO_METAL
1955,/home/shachar/repos/PorCrystalStructures/data/raw_xyz/xyz/porphyrins/IQEYUA_2.xyz,metal,NO_METAL
1956,/home/shachar/repos/PorCrystalStructures/data/raw_xyz/xyz/porphyrins/IQOCAV_0.xyz,metal,NO_METAL
1957,/home/shachar/repos/PorCrystalStructures/data/raw_xyz/xyz/porphyrins/IQOCAV_1.xyz,metal,NO_METAL
1958,/home/shachar/repos/PorCrystalStructures/data/raw_xyz/xyz/porphyrins/IQOZET01_0.xyz,valence,BAD VALENCE
1959,/home/shachar/repos/PorCrystalStructures/data/raw_xyz/xyz/porphyrins/IQOZET01_1.xyz,metal,NO_METAL
1960,/home/shachar/repos/PorCrystalStructures/data/raw_xyz/xyz/porphyrins/IQOZET_0.xyz,charge,MOL_ODD_NUMBER_OF_ELECTRONS
1961,/home/shachar/repos/PorCrystalStructures/data/raw_xyz/xyz/porphyrins/IQOZET_1.xyz,metal,NO_METAL
1962,/home/shachar/repos/PorCrystalStructures/data/raw_xyz/xyz/porphyrins/IQURAO_0.xyz,metal,NO_METAL
1963,/home/shachar/repos/PorCrystalStructures/data/raw_xyz/xyz/porphyrins/IQURAO_1.xyz,metal,NO_METAL
1964,/home/shachar/repos/PorCrystalStructures/data/raw_xyz/xyz/porphyrins/IREFAM_0.xyz,charge,COUNTER_MOL_ODD_NUMBER_OF_ELECTRONS
1965,/home/shachar/repos/PorCrystalStructures/data/raw_xyz/xyz/porphyrins/IREFAM_1.xyz,metal,NO_METAL
1966,/home/shachar/repos/PorCrystalStructures/data/raw_xyz/xyz/porphyrins/IREFAM_2.xyz,metal,NO_METAL
1967,/home/shachar/repos/PorCrystalStructures/data/raw_xyz/xyz/porphyrins/IREFEQ_0.xyz,valence,BAD VALENCE
1968,/home/shachar/repos/PorCrystalStructures/data/raw_xyz/xyz/porphyrins/IREFEQ_1.xyz,metal,NO_METAL
1969,/home/shachar/repos/PorCrystalStructures/data/raw_xyz/xyz/porphyrins/IREFEQ_2.xyz,metal,NO_METAL
1970,/home/shachar/repos/PorCrystalStructures/data/raw_xyz/xyz/porphyrins/IRETOQ_0.xyz,topolocial,NOT_CONNECTED_MOLECULE
1971,/home/shachar/repos/PorCrystalStructures/data/raw_xyz/xyz/porphyrins/IREYOW_0.xyz,topolocial,NOT_CONNECTED_MOLECULE
1972,/home/shachar/repos/PorCrystalStructures/data/raw_xyz/xyz/porphyrins/IREYOW_1.xyz,topolocial,NOT_CONNECTED_MOLECULE
1973,/home/shachar/repos/PorCrystalStructures/data/raw_xyz/xyz/porphyrins/IREYOW_2.xyz,metal,NO_METAL
1974,/home/shachar/repos/PorCrystalStructures/data/raw_xyz/xyz/porphyrins/IREYOW_3.xyz,metal,NO_METAL
1975,/home/shachar/repos/PorCrystalStructures/data/raw_xyz/xyz/porphyrins/IREYOW_4.xyz,metal,NO_METAL
1976,/home/shachar/repos/PorCrystalStructures/data/raw_xyz/xyz/porphyrins/IRINIH_0.xyz,valid,VALID
1977,/home/shachar/repos/PorCrystalStructures/data/raw_xyz/xyz/porphyrins/IRINON_0.xyz,valid,VALID
1978,/home/shachar/repos/PorCrystalStructures/data/raw_xyz/xyz/porphyrins/IRINON_1.xyz,metal,NO_METAL
1979,/home/shachar/repos/PorCrystalStructures/data/raw_xyz/xyz/porphyrins/IRINUT_0.xyz,topolocial,NOT_CONNECTED_MOLECULE
1980,/home/shachar/repos/PorCrystalStructures/data/raw_xyz/xyz/porphyrins/IRINUT_1.xyz,metal,NO_METAL
1981,/home/shachar/repos/PorCrystalStructures/data/raw_xyz/xyz/porphyrins/IRINUT_2.xyz,metal,NO_METAL
1982,/home/shachar/repos/PorCrystalStructures/data/raw_xyz/xyz/porphyrins/IRINUT_3.xyz,metal,NO_METAL
1983,/home/shachar/repos/PorCrystalStructures/data/raw_xyz/xyz/porphyrins/ISAZEJ_0.xyz,valence,BAD VALENCE
1984,/home/shachar/repos/PorCrystalStructures/data/raw_xyz/xyz/porphyrins/ISAZEJ_1.xyz,metal,NO_METAL
1985,/home/shachar/repos/PorCrystalStructures/data/raw_xyz/xyz/porphyrins/ISAZEJ_2.xyz,metal,NO_METAL
1986,/home/shachar/repos/PorCrystalStructures/data/raw_xyz/xyz/porphyrins/ISAZIN_0.xyz,topolocial,NOT_CONNECTED_MOLECULE
1987,/home/shachar/repos/PorCrystalStructures/data/raw_xyz/xyz/porphyrins/ISAZIN_1.xyz,metal,NO_METAL
1988,/home/shachar/repos/PorCrystalStructures/data/raw_xyz/xyz/porphyrins/ISAZUZ_0.xyz,metal,NO_METAL
1989,/home/shachar/repos/PorCrystalStructures/data/raw_xyz/xyz/porphyrins/ISAZUZ_1.xyz,metal,NO_METAL
1990,/home/shachar/repos/PorCrystalStructures/data/raw_xyz/xyz/porphyrins/ISAZUZ_2.xyz,metal,NO_METAL
1991,/home/shachar/repos/PorCrystalStructures/data/raw_xyz/xyz/porphyrins/ISAZUZ_3.xyz,metal,NO_METAL
1992,/home/shachar/repos/PorCrystalStructures/data/raw_xyz/xyz/porphyrins/ISAZUZ_4.xyz,metal,NO_METAL
1993,/home/shachar/repos/PorCrystalStructures/data/raw_xyz/xyz/porphyrins/ISAZUZ_5.xyz,metal,NO_METAL
1994,/home/shachar/repos/PorCrystalStructures/data/raw_xyz/xyz/porphyrins/ISECEQ_0.xyz,metal,NO_METAL
1995,/home/shachar/repos/PorCrystalStructures/data/raw_xyz/xyz/porphyrins/ISECEQ_1.xyz,metal,NO_METAL
1996,/home/shachar/repos/PorCrystalStructures/data/raw_xyz/xyz/porphyrins/ISECEQ_2.xyz,metal,NO_METAL
1997,/home/shachar/repos/PorCrystalStructures/data/raw_xyz/xyz/porphyrins/ISIMUS_0.xyz,topolocial,NOT_CONNECTED_MOLECULE
1998,/home/shachar/repos/PorCrystalStructures/data/raw_xyz/xyz/porphyrins/ISIMUS_1.xyz,metal,NO_METAL
1999,/home/shachar/repos/PorCrystalStructures/data/raw_xyz/xyz/porphyrins/ISIMUS_2.xyz,metal,NO_METAL
2000,/home/shachar/repos/PorCrystalStructures/data/raw_xyz/xyz/porphyrins/ISITAH_0.xyz,topolocial,HAS_MORE_THAN_4_PYRROLES
2001,/home/shachar/repos/PorCrystalStructures/data/raw_xyz/xyz/porphyrins/ISOKAC_0.xyz,topolocial,BIDENTATE_AXIAL_LIGANDS
2002,/home/shachar/repos/PorCrystalStructures/data/raw_xyz/xyz/porphyrins/ISOKAC_1.xyz,metal,NO_METAL
2003,/home/shachar/repos/PorCrystalStructures/data/raw_xyz/xyz/porphyrins/ISOKEG_0.xyz,topolocial,BIDENTATE_AXIAL_LIGANDS
2004,/home/shachar/repos/PorCrystalStructures/data/raw_xyz/xyz/porphyrins/ISOKEG_1.xyz,metal,NO_METAL
2005,/home/shachar/repos/PorCrystalStructures/data/raw_xyz/xyz/porphyrins/ISOKEG_2.xyz,metal,NO_METAL
2006,/home/shachar/repos/PorCrystalStructures/data/raw_xyz/xyz/porphyrins/ISOKEG_3.xyz,metal,NO_METAL
2007,/home/shachar/repos/PorCrystalStructures/data/raw_xyz/xyz/porphyrins/ISOKIK_0.xyz,topolocial,BIDENTATE_AXIAL_LIGANDS
2008,/home/shachar/repos/PorCrystalStructures/data/raw_xyz/xyz/porphyrins/ISOKIK_1.xyz,metal,NO_METAL
2009,/home/shachar/repos/PorCrystalStructures/data/raw_xyz/xyz/porphyrins/ISUKEO_0.xyz,topolocial,NOT_A_MONOMER
2010,/home/shachar/repos/PorCrystalStructures/data/raw_xyz/xyz/porphyrins/ISUKEO_1.xyz,metal,NO_METAL
2011,/home/shachar/repos/PorCrystalStructures/data/raw_xyz/xyz/porphyrins/ISUKEO_2.xyz,metal,NO_METAL
2012,/home/shachar/repos/PorCrystalStructures/data/raw_xyz/xyz/porphyrins/ISUKIS_0.xyz,topolocial,NOT_A_MONOMER
2013,/home/shachar/repos/PorCrystalStructures/data/raw_xyz/xyz/porphyrins/ISUKIS_1.xyz,metal,NO_METAL
2014,/home/shachar/repos/PorCrystalStructures/data/raw_xyz/xyz/porphyrins/ISULOY01_0.xyz,charge,MOL_ODD_NUMBER_OF_ELECTRONS
2015,/home/shachar/repos/PorCrystalStructures/data/raw_xyz/xyz/porphyrins/ISULOY_0.xyz,charge,MOL_ODD_NUMBER_OF_ELECTRONS
2016,/home/shachar/repos/PorCrystalStructures/data/raw_xyz/xyz/porphyrins/ISUWUP_0.xyz,metal,NO_METAL
2017,/home/shachar/repos/PorCrystalStructures/data/raw_xyz/xyz/porphyrins/ISUWUP_1.xyz,metal,NO_METAL
2018,/home/shachar/repos/PorCrystalStructures/data/raw_xyz/xyz/porphyrins/ISUWUP_2.xyz,metal,NO_METAL
2019,/home/shachar/repos/PorCrystalStructures/data/raw_xyz/xyz/porphyrins/ITAMAT_0.xyz,metal,NO_METAL
2020,/home/shachar/repos/PorCrystalStructures/data/raw_xyz/xyz/porphyrins/ITEXUB01_0.xyz,charge,MOL_ODD_NUMBER_OF_ELECTRONS
2021,/home/shachar/repos/PorCrystalStructures/data/raw_xyz/xyz/porphyrins/ITIWIU_0.xyz,metal,NO_METAL
2022,/home/shachar/repos/PorCrystalStructures/data/raw_xyz/xyz/porphyrins/ITIWIU_1.xyz,metal,NO_METAL
2023,/home/shachar/repos/PorCrystalStructures/data/raw_xyz/xyz/porphyrins/ITIWIU_2.xyz,metal,NO_METAL
2024,/home/shachar/repos/PorCrystalStructures/data/raw_xyz/xyz/porphyrins/ITIWIU_3.xyz,metal,NO_METAL
2025,/home/shachar/repos/PorCrystalStructures/data/raw_xyz/xyz/porphyrins/ITUCOQ_0.xyz,metal,NO_METAL
2026,/home/shachar/repos/PorCrystalStructures/data/raw_xyz/xyz/porphyrins/ITUCUW_0.xyz,topolocial,NOT_A_MONOMER
2027,/home/shachar/repos/PorCrystalStructures/data/raw_xyz/xyz/porphyrins/IVAGOD_0.xyz,metal,NO_METAL
2028,/home/shachar/repos/PorCrystalStructures/data/raw_xyz/xyz/porphyrins/IVAGUJ_0.xyz,topolocial,NOT_A_MONOMER
2029,/home/shachar/repos/PorCrystalStructures/data/raw_xyz/xyz/porphyrins/IVAHIY_0.xyz,topolocial,NOT_A_MONOMER
2030,/home/shachar/repos/PorCrystalStructures/data/raw_xyz/xyz/porphyrins/IVAHIY_1.xyz,metal,NO_METAL
2031,/home/shachar/repos/PorCrystalStructures/data/raw_xyz/xyz/porphyrins/IVEVAH_0.xyz,metal,NO_METAL
2032,/home/shachar/repos/PorCrystalStructures/data/raw_xyz/xyz/porphyrins/IVEVAH_1.xyz,metal,NO_METAL
2033,/home/shachar/repos/PorCrystalStructures/data/raw_xyz/xyz/porphyrins/IWIDEX01_0.xyz,topolocial,NOT_CONNECTED_MOLECULE
2034,/home/shachar/repos/PorCrystalStructures/data/raw_xyz/xyz/porphyrins/IWIDEX02_0.xyz,topolocial,NOT_CONNECTED_MOLECULE
2035,/home/shachar/repos/PorCrystalStructures/data/raw_xyz/xyz/porphyrins/IWIRUD_0.xyz,valid,VALID
2036,/home/shachar/repos/PorCrystalStructures/data/raw_xyz/xyz/porphyrins/IWISAK_0.xyz,valid,VALID
2037,/home/shachar/repos/PorCrystalStructures/data/raw_xyz/xyz/porphyrins/IWISEO_0.xyz,valence,BAD VALENCE
2038,/home/shachar/repos/PorCrystalStructures/data/raw_xyz/xyz/porphyrins/IWOHEI_0.xyz,valid,VALID
2039,/home/shachar/repos/PorCrystalStructures/data/raw_xyz/xyz/porphyrins/IWOHEI_1.xyz,metal,NO_METAL
2040,/home/shachar/repos/PorCrystalStructures/data/raw_xyz/xyz/porphyrins/IWOTIY_0.xyz,topolocial,NOT_A_MONOMER
2041,/home/shachar/repos/PorCrystalStructures/data/raw_xyz/xyz/porphyrins/IWOTIY_1.xyz,metal,NO_METAL
2042,/home/shachar/repos/PorCrystalStructures/data/raw_xyz/xyz/porphyrins/IWOTOE_0.xyz,topolocial,NOT_A_MONOMER
2043,/home/shachar/repos/PorCrystalStructures/data/raw_xyz/xyz/porphyrins/IWOTUK_0.xyz,topolocial,NOT_CONNECTED_MOLECULE
2044,/home/shachar/repos/PorCrystalStructures/data/raw_xyz/xyz/porphyrins/IWUYII_0.xyz,topolocial,NOT_CONNECTED_MOLECULE
2045,/home/shachar/repos/PorCrystalStructures/data/raw_xyz/xyz/porphyrins/IWUYII_1.xyz,metal,NO_METAL
2046,/home/shachar/repos/PorCrystalStructures/data/raw_xyz/xyz/porphyrins/IXOPES_0.xyz,topolocial,NOT_CONNECTED_MOLECULE
2047,/home/shachar/repos/PorCrystalStructures/data/raw_xyz/xyz/porphyrins/IXUQAW_0.xyz,topolocial,NOT_CONNECTED_MOLECULE
2048,/home/shachar/repos/PorCrystalStructures/data/raw_xyz/xyz/porphyrins/IYAPUV_0.xyz,topolocial,NOT_CONNECTED_MOLECULE
2049,/home/shachar/repos/PorCrystalStructures/data/raw_xyz/xyz/porphyrins/IYAPUV_1.xyz,metal,NO_METAL
2050,/home/shachar/repos/PorCrystalStructures/data/raw_xyz/xyz/porphyrins/IYAPUV_2.xyz,metal,NO_METAL
2051,/home/shachar/repos/PorCrystalStructures/data/raw_xyz/xyz/porphyrins/IYAPUV_3.xyz,metal,NO_METAL
2052,/home/shachar/repos/PorCrystalStructures/data/raw_xyz/xyz/porphyrins/IYAPUV_4.xyz,metal,NO_METAL
2053,/home/shachar/repos/PorCrystalStructures/data/raw_xyz/xyz/porphyrins/IYAYUF_0.xyz,topolocial,NOT_CONNECTED_MOLECULE
2054,/home/shachar/repos/PorCrystalStructures/data/raw_xyz/xyz/porphyrins/IYAYUF_1.xyz,metal,NO_METAL
2055,/home/shachar/repos/PorCrystalStructures/data/raw_xyz/xyz/porphyrins/IYAYUF_2.xyz,metal,NO_METAL
2056,/home/shachar/repos/PorCrystalStructures/data/raw_xyz/xyz/porphyrins/IYESOU_0.xyz,topolocial,NOT_A_MONOMER
2057,/home/shachar/repos/PorCrystalStructures/data/raw_xyz/xyz/porphyrins/IZABOA_0.xyz,valid,VALID
2058,/home/shachar/repos/PorCrystalStructures/data/raw_xyz/xyz/porphyrins/IZABOA_1.xyz,metal,NO_METAL
2059,/home/shachar/repos/PorCrystalStructures/data/raw_xyz/xyz/porphyrins/IZAFIZ_0.xyz,valid,VALID
2060,/home/shachar/repos/PorCrystalStructures/data/raw_xyz/xyz/porphyrins/IZALOL_0.xyz,metal,NO_METAL
2061,/home/shachar/repos/PorCrystalStructures/data/raw_xyz/xyz/porphyrins/IZEHUR_0.xyz,topolocial,NOT_CONNECTED_MOLECULE
2062,/home/shachar/repos/PorCrystalStructures/data/raw_xyz/xyz/porphyrins/IZEHUR_1.xyz,metal,NO_METAL
2063,/home/shachar/repos/PorCrystalStructures/data/raw_xyz/xyz/porphyrins/JACTIT_0.xyz,metal,NO_METAL
2064,/home/shachar/repos/PorCrystalStructures/data/raw_xyz/xyz/porphyrins/JACTIT_1.xyz,metal,NO_METAL
2065,/home/shachar/repos/PorCrystalStructures/data/raw_xyz/xyz/porphyrins/JACTIT_2.xyz,metal,NO_METAL
2066,/home/shachar/repos/PorCrystalStructures/data/raw_xyz/xyz/porphyrins/JAGKEI_0.xyz,topolocial,NOT_SATURATED
2067,/home/shachar/repos/PorCrystalStructures/data/raw_xyz/xyz/porphyrins/JAGKEI_1.xyz,metal,NO_METAL
2068,/home/shachar/repos/PorCrystalStructures/data/raw_xyz/xyz/porphyrins/JAGKEI_2.xyz,metal,NO_METAL
2069,/home/shachar/repos/PorCrystalStructures/data/raw_xyz/xyz/porphyrins/JAHJAE_0.xyz,metal,NO_METAL
2070,/home/shachar/repos/PorCrystalStructures/data/raw_xyz/xyz/porphyrins/JAHJAE_1.xyz,metal,NO_METAL
2071,/home/shachar/repos/PorCrystalStructures/data/raw_xyz/xyz/porphyrins/JAJNIU_0.xyz,topolocial,NOT_A_MONOMER
2072,/home/shachar/repos/PorCrystalStructures/data/raw_xyz/xyz/porphyrins/JAJNUG_0.xyz,topolocial,PYRROLE_NOT_BOUND_TO_METAL
2073,/home/shachar/repos/PorCrystalStructures/data/raw_xyz/xyz/porphyrins/JAJNUG_1.xyz,metal,NO_METAL
2074,/home/shachar/repos/PorCrystalStructures/data/raw_xyz/xyz/porphyrins/JAJPAO_0.xyz,topolocial,PYRROLE_NOT_BOUND_TO_METAL
2075,/home/shachar/repos/PorCrystalStructures/data/raw_xyz/xyz/porphyrins/JAJPES_0.xyz,topolocial,NOT_A_MONOMER
2076,/home/shachar/repos/PorCrystalStructures/data/raw_xyz/xyz/porphyrins/JAJPIW_0.xyz,metal,NO_METAL
2077,/home/shachar/repos/PorCrystalStructures/data/raw_xyz/xyz/porphyrins/JAJPOC_0.xyz,metal,NO_METAL
2078,/home/shachar/repos/PorCrystalStructures/data/raw_xyz/xyz/porphyrins/JAJPUI_0.xyz,topolocial,NOT_A_MONOMER
2079,/home/shachar/repos/PorCrystalStructures/data/raw_xyz/xyz/porphyrins/JAJQAP_0.xyz,topolocial,NOT_CONNECTED_MOLECULE
2080,/home/shachar/repos/PorCrystalStructures/data/raw_xyz/xyz/porphyrins/JAJQET_0.xyz,topolocial,NOT_CONNECTED_MOLECULE
2081,/home/shachar/repos/PorCrystalStructures/data/raw_xyz/xyz/porphyrins/JAJQIX_0.xyz,topolocial,NOT_A_MONOMER
2082,/home/shachar/repos/PorCrystalStructures/data/raw_xyz/xyz/porphyrins/JAJQOD_0.xyz,topolocial,NOT_A_MONOMER
2083,/home/shachar/repos/PorCrystalStructures/data/raw_xyz/xyz/porphyrins/JAJQUJ_0.xyz,topolocial,NOT_CONNECTED_MOLECULE
2084,/home/shachar/repos/PorCrystalStructures/data/raw_xyz/xyz/porphyrins/JAJREU_0.xyz,topolocial,NOT_A_MONOMER
2085,/home/shachar/repos/PorCrystalStructures/data/raw_xyz/xyz/porphyrins/JAJXEA_0.xyz,topolocial,NOT_CONNECTED_MOLECULE
2086,/home/shachar/repos/PorCrystalStructures/data/raw_xyz/xyz/porphyrins/JANSUN_0.xyz,topolocial,NOT_A_MONOMER
2087,/home/shachar/repos/PorCrystalStructures/data/raw_xyz/xyz/porphyrins/JANSUN_1.xyz,metal,NO_METAL
2088,/home/shachar/repos/PorCrystalStructures/data/raw_xyz/xyz/porphyrins/JANZON_0.xyz,charge,TOO_LARGE_COUNTER_MOL
2089,/home/shachar/repos/PorCrystalStructures/data/raw_xyz/xyz/porphyrins/JANZON_1.xyz,topolocial,NOT_A_MONOMER
2090,/home/shachar/repos/PorCrystalStructures/data/raw_xyz/xyz/porphyrins/JANZON_2.xyz,metal,NO_METAL
2091,/home/shachar/repos/PorCrystalStructures/data/raw_xyz/xyz/porphyrins/JANZUT_0.xyz,charge,COUNTER_MOL_ODD_NUMBER_OF_ELECTRONS
2092,/home/shachar/repos/PorCrystalStructures/data/raw_xyz/xyz/porphyrins/JANZUT_1.xyz,metal,NO_METAL
2093,/home/shachar/repos/PorCrystalStructures/data/raw_xyz/xyz/porphyrins/JANZUT_2.xyz,metal,NO_METAL
2094,/home/shachar/repos/PorCrystalStructures/data/raw_xyz/xyz/porphyrins/JAQRID_0.xyz,charge,COUNTER_MOL_ODD_NUMBER_OF_ELECTRONS
2095,/home/shachar/repos/PorCrystalStructures/data/raw_xyz/xyz/porphyrins/JAQRID_1.xyz,metal,NO_METAL
2096,/home/shachar/repos/PorCrystalStructures/data/raw_xyz/xyz/porphyrins/JAQROJ_0.xyz,valid,VALID
2097,/home/shachar/repos/PorCrystalStructures/data/raw_xyz/xyz/porphyrins/JAQRUP_0.xyz,topolocial,NOT_CONNECTED_MOLECULE
2098,/home/shachar/repos/PorCrystalStructures/data/raw_xyz/xyz/porphyrins/JAQRUP_1.xyz,metal,NO_METAL
2099,/home/shachar/repos/PorCrystalStructures/data/raw_xyz/xyz/porphyrins/JASQEA_0.xyz,topolocial,NOT_CONNECTED_MOLECULE
2100,/home/shachar/repos/PorCrystalStructures/data/raw_xyz/xyz/porphyrins/JAVJIC_0.xyz,valid,VALID
2101,/home/shachar/repos/PorCrystalStructures/data/raw_xyz/xyz/porphyrins/JAWCES_0.xyz,metal,NO_METAL
2102,/home/shachar/repos/PorCrystalStructures/data/raw_xyz/xyz/porphyrins/JAWCIW_0.xyz,metal,NO_METAL
2103,/home/shachar/repos/PorCrystalStructures/data/raw_xyz/xyz/porphyrins/JAWCOC_0.xyz,topolocial,NOT_CONNECTED_MOLECULE
2104,/home/shachar/repos/PorCrystalStructures/data/raw_xyz/xyz/porphyrins/JAWCOC_1.xyz,metal,NO_METAL
2105,/home/shachar/repos/PorCrystalStructures/data/raw_xyz/xyz/porphyrins/JAWKOI_0.xyz,valid,VALID
2106,/home/shachar/repos/PorCrystalStructures/data/raw_xyz/xyz/porphyrins/JAWYUF_0.xyz,metal,NO_METAL
2107,/home/shachar/repos/PorCrystalStructures/data/raw_xyz/xyz/porphyrins/JEFBEC_0.xyz,metal,NO_METAL
2108,/home/shachar/repos/PorCrystalStructures/data/raw_xyz/xyz/porphyrins/JEFBIG_0.xyz,metal,NO_METAL
2109,/home/shachar/repos/PorCrystalStructures/data/raw_xyz/xyz/porphyrins/JEFBIG_1.xyz,metal,NO_METAL
2110,/home/shachar/repos/PorCrystalStructures/data/raw_xyz/xyz/porphyrins/JEFBIG_2.xyz,metal,NO_METAL
2111,/home/shachar/repos/PorCrystalStructures/data/raw_xyz/xyz/porphyrins/JEGTUO_0.xyz,metal,NO_METAL
2112,/home/shachar/repos/PorCrystalStructures/data/raw_xyz/xyz/porphyrins/JEGTUO_1.xyz,metal,NO_METAL
2113,/home/shachar/repos/PorCrystalStructures/data/raw_xyz/xyz/porphyrins/JEKCEK_0.xyz,topolocial,NOT_CONNECTED_MOLECULE
2114,/home/shachar/repos/PorCrystalStructures/data/raw_xyz/xyz/porphyrins/JEKCEK_1.xyz,metal,NO_METAL
2115,/home/shachar/repos/PorCrystalStructures/data/raw_xyz/xyz/porphyrins/JEMFOZ_0.xyz,topolocial,NOT_CONNECTED_MOLECULE
2116,/home/shachar/repos/PorCrystalStructures/data/raw_xyz/xyz/porphyrins/JEMFOZ_1.xyz,metal,NO_METAL
2117,/home/shachar/repos/PorCrystalStructures/data/raw_xyz/xyz/porphyrins/JEMFOZ_2.xyz,metal,NO_METAL
2118,/home/shachar/repos/PorCrystalStructures/data/raw_xyz/xyz/porphyrins/JENBEM_0.xyz,topolocial,NOT_CONNECTED_MOLECULE
2119,/home/shachar/repos/PorCrystalStructures/data/raw_xyz/xyz/porphyrins/JENBEM_1.xyz,metal,NO_METAL
2120,/home/shachar/repos/PorCrystalStructures/data/raw_xyz/xyz/porphyrins/JESREF_0.xyz,topolocial,NOT_CONNECTED_MOLECULE
2121,/home/shachar/repos/PorCrystalStructures/data/raw_xyz/xyz/porphyrins/JESREF_1.xyz,metal,NO_METAL
2122,/home/shachar/repos/PorCrystalStructures/data/raw_xyz/xyz/porphyrins/JEZJUW_0.xyz,metal,NO_METAL
2123,/home/shachar/repos/PorCrystalStructures/data/raw_xyz/xyz/porphyrins/JIKJAR_0.xyz,metal,NO_METAL
2124,/home/shachar/repos/PorCrystalStructures/data/raw_xyz/xyz/porphyrins/JIKJAR_1.xyz,metal,NO_METAL
2125,/home/shachar/repos/PorCrystalStructures/data/raw_xyz/xyz/porphyrins/JIKJAR_2.xyz,metal,NO_METAL
2126,/home/shachar/repos/PorCrystalStructures/data/raw_xyz/xyz/porphyrins/JIKJAR_3.xyz,metal,NO_METAL
2127,/home/shachar/repos/PorCrystalStructures/data/raw_xyz/xyz/porphyrins/JIRSIM_0.xyz,topolocial,NOT_A_MONOMER
2128,/home/shachar/repos/PorCrystalStructures/data/raw_xyz/xyz/porphyrins/JIRSIM_1.xyz,metal,NO_METAL
2129,/home/shachar/repos/PorCrystalStructures/data/raw_xyz/xyz/porphyrins/JIRSIM_2.xyz,metal,NO_METAL
2130,/home/shachar/repos/PorCrystalStructures/data/raw_xyz/xyz/porphyrins/JITFUN_0.xyz,topolocial,NOT_CONNECTED_MOLECULE
2131,/home/shachar/repos/PorCrystalStructures/data/raw_xyz/xyz/porphyrins/JIXCOJ_0.xyz,topolocial,HAS_MORE_THAN_4_PYRROLES
2132,/home/shachar/repos/PorCrystalStructures/data/raw_xyz/xyz/porphyrins/JIXCOJ_1.xyz,metal,NO_METAL
2133,/home/shachar/repos/PorCrystalStructures/data/raw_xyz/xyz/porphyrins/JIXNAF_0.xyz,topolocial,BIDENTATE_MACROCYCLE_SUBS
2134,/home/shachar/repos/PorCrystalStructures/data/raw_xyz/xyz/porphyrins/JIXNAF_1.xyz,metal,NO_METAL
2135,/home/shachar/repos/PorCrystalStructures/data/raw_xyz/xyz/porphyrins/JIXNAF_2.xyz,metal,NO_METAL
2136,/home/shachar/repos/PorCrystalStructures/data/raw_xyz/xyz/porphyrins/JIXNAF_3.xyz,metal,NO_METAL
2137,/home/shachar/repos/PorCrystalStructures/data/raw_xyz/xyz/porphyrins/JIXNAF_4.xyz,metal,NO_METAL
2138,/home/shachar/repos/PorCrystalStructures/data/raw_xyz/xyz/porphyrins/JIXRIR_0.xyz,valid,VALID
2139,/home/shachar/repos/PorCrystalStructures/data/raw_xyz/xyz/porphyrins/JIXRIR_1.xyz,metal,NO_METAL
2140,/home/shachar/repos/PorCrystalStructures/data/raw_xyz/xyz/porphyrins/JOCHOZ_0.xyz,valid,VALID
2141,/home/shachar/repos/PorCrystalStructures/data/raw_xyz/xyz/porphyrins/JOCHOZ_1.xyz,metal,NO_METAL
2142,/home/shachar/repos/PorCrystalStructures/data/raw_xyz/xyz/porphyrins/JOCRUP_0.xyz,valid,VALID
2143,/home/shachar/repos/PorCrystalStructures/data/raw_xyz/xyz/porphyrins/JOCRUP_1.xyz,metal,NO_METAL
2144,/home/shachar/repos/PorCrystalStructures/data/raw_xyz/xyz/porphyrins/JOCSEA_0.xyz,valid,VALID
2145,/home/shachar/repos/PorCrystalStructures/data/raw_xyz/xyz/porphyrins/JOCSEA_1.xyz,metal,NO_METAL
2146,/home/shachar/repos/PorCrystalStructures/data/raw_xyz/xyz/porphyrins/JODYEI_0.xyz,topolocial,NOT_CONNECTED_MOLECULE
2147,/home/shachar/repos/PorCrystalStructures/data/raw_xyz/xyz/porphyrins/JOGDIS_0.xyz,topolocial,NOT_CONNECTED_MOLECULE
2148,/home/shachar/repos/PorCrystalStructures/data/raw_xyz/xyz/porphyrins/JOGSUU_0.xyz,topolocial,NOT_CONNECTED_MOLECULE
2149,/home/shachar/repos/PorCrystalStructures/data/raw_xyz/xyz/porphyrins/JOJKOI_0.xyz,metal,NO_METAL
2150,/home/shachar/repos/PorCrystalStructures/data/raw_xyz/xyz/porphyrins/JOJQEG_0.xyz,topolocial,NOT_CONNECTED_MOLECULE
2151,/home/shachar/repos/PorCrystalStructures/data/raw_xyz/xyz/porphyrins/JOJQEG_1.xyz,metal,NO_METAL
2152,/home/shachar/repos/PorCrystalStructures/data/raw_xyz/xyz/porphyrins/JOKRUZ_0.xyz,metal,NO_METAL
2153,/home/shachar/repos/PorCrystalStructures/data/raw_xyz/xyz/porphyrins/JOKRUZ_1.xyz,topolocial,NOT_CONNECTED_MOLECULE
2154,/home/shachar/repos/PorCrystalStructures/data/raw_xyz/xyz/porphyrins/JOKRUZ_2.xyz,metal,NO_METAL
2155,/home/shachar/repos/PorCrystalStructures/data/raw_xyz/xyz/porphyrins/JOKRUZ_3.xyz,metal,NO_METAL
2156,/home/shachar/repos/PorCrystalStructures/data/raw_xyz/xyz/porphyrins/JOLKAY_0.xyz,topolocial,NOT_CONNECTED_MOLECULE
2157,/home/shachar/repos/PorCrystalStructures/data/raw_xyz/xyz/porphyrins/JOLKAY_1.xyz,metal,NO_METAL
2158,/home/shachar/repos/PorCrystalStructures/data/raw_xyz/xyz/porphyrins/JOLKEC_0.xyz,valid,VALID
2159,/home/shachar/repos/PorCrystalStructures/data/raw_xyz/xyz/porphyrins/JOTBOJ_0.xyz,charge,COUNTER_MOL_ODD_NUMBER_OF_ELECTRONS
2160,/home/shachar/repos/PorCrystalStructures/data/raw_xyz/xyz/porphyrins/JOTBOJ_1.xyz,metal,NO_METAL
2161,/home/shachar/repos/PorCrystalStructures/data/raw_xyz/xyz/porphyrins/JOTBOJ_2.xyz,metal,NO_METAL
2162,/home/shachar/repos/PorCrystalStructures/data/raw_xyz/xyz/porphyrins/JOTBOJ_3.xyz,metal,NO_METAL
2163,/home/shachar/repos/PorCrystalStructures/data/raw_xyz/xyz/porphyrins/JOTBOJ_4.xyz,metal,NO_METAL
2164,/home/shachar/repos/PorCrystalStructures/data/raw_xyz/xyz/porphyrins/JOVROB_0.xyz,valid,VALID
2165,/home/shachar/repos/PorCrystalStructures/data/raw_xyz/xyz/porphyrins/JOVROB_1.xyz,metal,NO_METAL
2166,/home/shachar/repos/PorCrystalStructures/data/raw_xyz/xyz/porphyrins/JOVRUH_0.xyz,topolocial,BIDENTATE_MACROCYCLE_SUBS
2167,/home/shachar/repos/PorCrystalStructures/data/raw_xyz/xyz/porphyrins/JOWHUA_0.xyz,topolocial,NOT_A_MONOMER
2168,/home/shachar/repos/PorCrystalStructures/data/raw_xyz/xyz/porphyrins/JOWHUA_1.xyz,metal,NO_METAL
2169,/home/shachar/repos/PorCrystalStructures/data/raw_xyz/xyz/porphyrins/JOWJAI_0.xyz,topolocial,NOT_A_MONOMER
2170,/home/shachar/repos/PorCrystalStructures/data/raw_xyz/xyz/porphyrins/JOWJAI_1.xyz,metal,NO_METAL
2171,/home/shachar/repos/PorCrystalStructures/data/raw_xyz/xyz/porphyrins/JOWNIS_0.xyz,topolocial,NOT_SATURATED
2172,/home/shachar/repos/PorCrystalStructures/data/raw_xyz/xyz/porphyrins/JUFSAG_0.xyz,topolocial,NOT_CONNECTED_MOLECULE
2173,/home/shachar/repos/PorCrystalStructures/data/raw_xyz/xyz/porphyrins/JUHRIP_0.xyz,metal,NO_METAL
2174,/home/shachar/repos/PorCrystalStructures/data/raw_xyz/xyz/porphyrins/JUHROV_0.xyz,metal,NO_METAL
2175,/home/shachar/repos/PorCrystalStructures/data/raw_xyz/xyz/porphyrins/JUHSAI_0.xyz,metal,NO_METAL
2176,/home/shachar/repos/PorCrystalStructures/data/raw_xyz/xyz/porphyrins/JUHSEM_0.xyz,metal,NO_METAL
2177,/home/shachar/repos/PorCrystalStructures/data/raw_xyz/xyz/porphyrins/JUKWIY_0.xyz,metal,NO_METAL
2178,/home/shachar/repos/PorCrystalStructures/data/raw_xyz/xyz/porphyrins/JUKWIY_1.xyz,metal,NO_METAL
2179,/home/shachar/repos/PorCrystalStructures/data/raw_xyz/xyz/porphyrins/JUKWOE_0.xyz,metal,NO_METAL
2180,/home/shachar/repos/PorCrystalStructures/data/raw_xyz/xyz/porphyrins/JUKWUK_0.xyz,metal,NO_METAL
2181,/home/shachar/repos/PorCrystalStructures/data/raw_xyz/xyz/porphyrins/JUKXAR_0.xyz,metal,NO_METAL
2182,/home/shachar/repos/PorCrystalStructures/data/raw_xyz/xyz/porphyrins/JUKXAR_1.xyz,metal,NO_METAL
2183,/home/shachar/repos/PorCrystalStructures/data/raw_xyz/xyz/porphyrins/JUKXAR_2.xyz,metal,NO_METAL
2184,/home/shachar/repos/PorCrystalStructures/data/raw_xyz/xyz/porphyrins/JUKXEV_0.xyz,metal,NO_METAL
2185,/home/shachar/repos/PorCrystalStructures/data/raw_xyz/xyz/porphyrins/JUNHIL_0.xyz,topolocial,BIDENTATE_MACROCYCLE_SUBS
2186,/home/shachar/repos/PorCrystalStructures/data/raw_xyz/xyz/porphyrins/JUNHIL_1.xyz,metal,NO_METAL
2187,/home/shachar/repos/PorCrystalStructures/data/raw_xyz/xyz/porphyrins/JUPWIA_0.xyz,metal,NO_METAL
2188,/home/shachar/repos/PorCrystalStructures/data/raw_xyz/xyz/porphyrins/JUPWIA_1.xyz,metal,NO_METAL
2189,/home/shachar/repos/PorCrystalStructures/data/raw_xyz/xyz/porphyrins/JUQMIR_0.xyz,topolocial,DOESNT_HAVE_METAL
2190,/home/shachar/repos/PorCrystalStructures/data/raw_xyz/xyz/porphyrins/JUQMIR_1.xyz,metal,NO_METAL
2191,/home/shachar/repos/PorCrystalStructures/data/raw_xyz/xyz/porphyrins/JUQMIR_2.xyz,metal,NO_METAL
2192,/home/shachar/repos/PorCrystalStructures/data/raw_xyz/xyz/porphyrins/JUQMIR_3.xyz,metal,NO_METAL
2193,/home/shachar/repos/PorCrystalStructures/data/raw_xyz/xyz/porphyrins/JURYIE_0.xyz,topolocial,NOT_CONNECTED_MOLECULE
2194,/home/shachar/repos/PorCrystalStructures/data/raw_xyz/xyz/porphyrins/JUVXAB_0.xyz,valid,VALID
2195,/home/shachar/repos/PorCrystalStructures/data/raw_xyz/xyz/porphyrins/JUXNOF10_0.xyz,topolocial,NOT_A_MONOMER
2196,/home/shachar/repos/PorCrystalStructures/data/raw_xyz/xyz/porphyrins/JUXNOF10_1.xyz,metal,NO_METAL
2197,/home/shachar/repos/PorCrystalStructures/data/raw_xyz/xyz/porphyrins/JUXNOF10_2.xyz,metal,NO_METAL
2198,/home/shachar/repos/PorCrystalStructures/data/raw_xyz/xyz/porphyrins/JUXNOF_0.xyz,topolocial,NOT_A_MONOMER
2199,/home/shachar/repos/PorCrystalStructures/data/raw_xyz/xyz/porphyrins/JUXNOF_1.xyz,metal,NO_METAL
2200,/home/shachar/repos/PorCrystalStructures/data/raw_xyz/xyz/porphyrins/JUXNOF_2.xyz,metal,NO_METAL
2201,/home/shachar/repos/PorCrystalStructures/data/raw_xyz/xyz/porphyrins/JUYWIM_0.xyz,metal,NO_METAL
2202,/home/shachar/repos/PorCrystalStructures/data/raw_xyz/xyz/porphyrins/JUYWIM_1.xyz,metal,NO_METAL
2203,/home/shachar/repos/PorCrystalStructures/data/raw_xyz/xyz/porphyrins/JUYWIM_2.xyz,metal,NO_METAL
2204,/home/shachar/repos/PorCrystalStructures/data/raw_xyz/xyz/porphyrins/JUYWIM_3.xyz,metal,NO_METAL
2205,/home/shachar/repos/PorCrystalStructures/data/raw_xyz/xyz/porphyrins/JUZQAY_0.xyz,topolocial,NOT_CONNECTED_MOLECULE
2206,/home/shachar/repos/PorCrystalStructures/data/raw_xyz/xyz/porphyrins/JUZQAY_1.xyz,metal,NO_METAL
2207,/home/shachar/repos/PorCrystalStructures/data/raw_xyz/xyz/porphyrins/JUZQEC_0.xyz,charge,TOO_LARGE_COUNTER_MOL
2208,/home/shachar/repos/PorCrystalStructures/data/raw_xyz/xyz/porphyrins/JUZQEC_1.xyz,metal,NO_METAL
2209,/home/shachar/repos/PorCrystalStructures/data/raw_xyz/xyz/porphyrins/JUZSUS_0.xyz,valid,VALID
2210,/home/shachar/repos/PorCrystalStructures/data/raw_xyz/xyz/porphyrins/KACVOB_0.xyz,valid,VALID
2211,/home/shachar/repos/PorCrystalStructures/data/raw_xyz/xyz/porphyrins/KADXEU_0.xyz,topolocial,NOT_CONNECTED_MOLECULE
2212,/home/shachar/repos/PorCrystalStructures/data/raw_xyz/xyz/porphyrins/KADXEU_1.xyz,metal,NO_METAL
2213,/home/shachar/repos/PorCrystalStructures/data/raw_xyz/xyz/porphyrins/KAFVET_0.xyz,charge,MOL_ODD_NUMBER_OF_ELECTRONS
2214,/home/shachar/repos/PorCrystalStructures/data/raw_xyz/xyz/porphyrins/KAFVET_1.xyz,metal,NO_METAL
2215,/home/shachar/repos/PorCrystalStructures/data/raw_xyz/xyz/porphyrins/KAHZIG03_0.xyz,topolocial,NOT_A_MONOMER
2216,/home/shachar/repos/PorCrystalStructures/data/raw_xyz/xyz/porphyrins/KAHZIG03_1.xyz,charge,TOO_LARGE_COUNTER_MOL
2217,/home/shachar/repos/PorCrystalStructures/data/raw_xyz/xyz/porphyrins/KAHZIG03_2.xyz,metal,NO_METAL
2218,/home/shachar/repos/PorCrystalStructures/data/raw_xyz/xyz/porphyrins/KAHZIG04_0.xyz,topolocial,NOT_A_MONOMER
2219,/home/shachar/repos/PorCrystalStructures/data/raw_xyz/xyz/porphyrins/KAHZIG04_1.xyz,charge,TOO_LARGE_COUNTER_MOL
2220,/home/shachar/repos/PorCrystalStructures/data/raw_xyz/xyz/porphyrins/KAHZIG04_2.xyz,metal,NO_METAL
2221,/home/shachar/repos/PorCrystalStructures/data/raw_xyz/xyz/porphyrins/KAHZIG05_0.xyz,topolocial,NOT_A_MONOMER
2222,/home/shachar/repos/PorCrystalStructures/data/raw_xyz/xyz/porphyrins/KAHZIG05_1.xyz,charge,TOO_LARGE_COUNTER_MOL
2223,/home/shachar/repos/PorCrystalStructures/data/raw_xyz/xyz/porphyrins/KAHZIG05_2.xyz,metal,NO_METAL
2224,/home/shachar/repos/PorCrystalStructures/data/raw_xyz/xyz/porphyrins/KAHZIG06_0.xyz,topolocial,NOT_A_MONOMER
2225,/home/shachar/repos/PorCrystalStructures/data/raw_xyz/xyz/porphyrins/KAHZIG06_1.xyz,charge,TOO_LARGE_COUNTER_MOL
2226,/home/shachar/repos/PorCrystalStructures/data/raw_xyz/xyz/porphyrins/KAHZIG06_2.xyz,metal,NO_METAL
2227,/home/shachar/repos/PorCrystalStructures/data/raw_xyz/xyz/porphyrins/KAHZIG_0.xyz,topolocial,NOT_CONNECTED_MOLECULE
2228,/home/shachar/repos/PorCrystalStructures/data/raw_xyz/xyz/porphyrins/KAHZIG_1.xyz,topolocial,NOT_A_MONOMER
2229,/home/shachar/repos/PorCrystalStructures/data/raw_xyz/xyz/porphyrins/KAHZIG_2.xyz,metal,NO_METAL
2230,/home/shachar/repos/PorCrystalStructures/data/raw_xyz/xyz/porphyrins/KAJWUR_0.xyz,topolocial,NOT_CONNECTED_MOLECULE
2231,/home/shachar/repos/PorCrystalStructures/data/raw_xyz/xyz/porphyrins/KAKCEG_0.xyz,charge,TOO_LARGE_COUNTER_MOL
2232,/home/shachar/repos/PorCrystalStructures/data/raw_xyz/xyz/porphyrins/KAKCEG_1.xyz,metal,NO_METAL
2233,/home/shachar/repos/PorCrystalStructures/data/raw_xyz/xyz/porphyrins/KAMWIF_0.xyz,topolocial,NOT_A_MONOMER
2234,/home/shachar/repos/PorCrystalStructures/data/raw_xyz/xyz/porphyrins/KAMWIF_1.xyz,metal,NO_METAL
2235,/home/shachar/repos/PorCrystalStructures/data/raw_xyz/xyz/porphyrins/KANYUT_0.xyz,charge,MOL_ODD_NUMBER_OF_ELECTRONS
2236,/home/shachar/repos/PorCrystalStructures/data/raw_xyz/xyz/porphyrins/KAPDAH_0.xyz,metal,NO_METAL
2237,/home/shachar/repos/PorCrystalStructures/data/raw_xyz/xyz/porphyrins/KARZUB_0.xyz,topolocial,NOT_CONNECTED_MOLECULE
2238,/home/shachar/repos/PorCrystalStructures/data/raw_xyz/xyz/porphyrins/KASBAK_0.xyz,topolocial,NOT_CONNECTED_MOLECULE
2239,/home/shachar/repos/PorCrystalStructures/data/raw_xyz/xyz/porphyrins/KASBAK_1.xyz,topolocial,NOT_CONNECTED_MOLECULE
2240,/home/shachar/repos/PorCrystalStructures/data/raw_xyz/xyz/porphyrins/KAXNEC_0.xyz,metal,NO_METAL
2241,/home/shachar/repos/PorCrystalStructures/data/raw_xyz/xyz/porphyrins/KAXNOM_0.xyz,topolocial,NOT_A_MONOMER
2242,/home/shachar/repos/PorCrystalStructures/data/raw_xyz/xyz/porphyrins/KAXPAA_0.xyz,topolocial,NOT_A_MONOMER
2243,/home/shachar/repos/PorCrystalStructures/data/raw_xyz/xyz/porphyrins/KAXVEN_0.xyz,topolocial,BIDENTATE_MACROCYCLE_SUBS
2244,/home/shachar/repos/PorCrystalStructures/data/raw_xyz/xyz/porphyrins/KAXVIR_0.xyz,topolocial,NOT_CONNECTED_MOLECULE
2245,/home/shachar/repos/PorCrystalStructures/data/raw_xyz/xyz/porphyrins/KAXVOX_0.xyz,topolocial,BIDENTATE_MACROCYCLE_SUBS
2246,/home/shachar/repos/PorCrystalStructures/data/raw_xyz/xyz/porphyrins/KAXVUD_0.xyz,topolocial,BIDENTATE_MACROCYCLE_SUBS
2247,/home/shachar/repos/PorCrystalStructures/data/raw_xyz/xyz/porphyrins/KAXWAK_0.xyz,topolocial,BIDENTATE_MACROCYCLE_SUBS
2248,/home/shachar/repos/PorCrystalStructures/data/raw_xyz/xyz/porphyrins/KAXWEO_0.xyz,topolocial,BIDENTATE_MACROCYCLE_SUBS
2249,/home/shachar/repos/PorCrystalStructures/data/raw_xyz/xyz/porphyrins/KAXWEO_1.xyz,metal,NO_METAL
2250,/home/shachar/repos/PorCrystalStructures/data/raw_xyz/xyz/porphyrins/KAXZOB_0.xyz,valid,VALID
2251,/home/shachar/repos/PorCrystalStructures/data/raw_xyz/xyz/porphyrins/KAZCAP_0.xyz,topolocial,NOT_CONNECTED_MOLECULE
2252,/home/shachar/repos/PorCrystalStructures/data/raw_xyz/xyz/porphyrins/KAZCAP_1.xyz,metal,NO_METAL
2253,/home/shachar/repos/PorCrystalStructures/data/raw_xyz/xyz/porphyrins/KAZROU_0.xyz,metal,NO_METAL
2254,/home/shachar/repos/PorCrystalStructures/data/raw_xyz/xyz/porphyrins/KAZRUA_0.xyz,topolocial,NOT_A_MONOMER
2255,/home/shachar/repos/PorCrystalStructures/data/raw_xyz/xyz/porphyrins/KAZSAH_0.xyz,topolocial,NOT_A_MONOMER
2256,/home/shachar/repos/PorCrystalStructures/data/raw_xyz/xyz/porphyrins/KEBMIN_0.xyz,topolocial,NOT_SATURATED
2257,/home/shachar/repos/PorCrystalStructures/data/raw_xyz/xyz/porphyrins/KEBMIN_1.xyz,metal,NO_METAL
2258,/home/shachar/repos/PorCrystalStructures/data/raw_xyz/xyz/porphyrins/KEBZEY_0.xyz,metal,NO_METAL
2259,/home/shachar/repos/PorCrystalStructures/data/raw_xyz/xyz/porphyrins/KEBZEY_1.xyz,metal,NO_METAL
2260,/home/shachar/repos/PorCrystalStructures/data/raw_xyz/xyz/porphyrins/KEBZIC_0.xyz,metal,NO_METAL
2261,/home/shachar/repos/PorCrystalStructures/data/raw_xyz/xyz/porphyrins/KEBZOI_0.xyz,metal,NO_METAL
2262,/home/shachar/repos/PorCrystalStructures/data/raw_xyz/xyz/porphyrins/KEBZUO_0.xyz,metal,NO_METAL
2263,/home/shachar/repos/PorCrystalStructures/data/raw_xyz/xyz/porphyrins/KECBAX_0.xyz,metal,NO_METAL
2264,/home/shachar/repos/PorCrystalStructures/data/raw_xyz/xyz/porphyrins/KECBAX_1.xyz,metal,NO_METAL
2265,/home/shachar/repos/PorCrystalStructures/data/raw_xyz/xyz/porphyrins/KECBAX_2.xyz,metal,NO_METAL
2266,/home/shachar/repos/PorCrystalStructures/data/raw_xyz/xyz/porphyrins/KECBEB_0.xyz,metal,NO_METAL
2267,/home/shachar/repos/PorCrystalStructures/data/raw_xyz/xyz/porphyrins/KECBIF_0.xyz,metal,NO_METAL
2268,/home/shachar/repos/PorCrystalStructures/data/raw_xyz/xyz/porphyrins/KECBIF_1.xyz,metal,NO_METAL
2269,/home/shachar/repos/PorCrystalStructures/data/raw_xyz/xyz/porphyrins/KECJOU_0.xyz,topolocial,NOT_CONNECTED_MOLECULE
2270,/home/shachar/repos/PorCrystalStructures/data/raw_xyz/xyz/porphyrins/KECJOU_1.xyz,charge,MOL_ODD_NUMBER_OF_ELECTRONS
2271,/home/shachar/repos/PorCrystalStructures/data/raw_xyz/xyz/porphyrins/KECJUA_0.xyz,valid,VALID
2272,/home/shachar/repos/PorCrystalStructures/data/raw_xyz/xyz/porphyrins/KEDGAC_0.xyz,charge,COUNTER_MOL_ODD_NUMBER_OF_ELECTRONS
2273,/home/shachar/repos/PorCrystalStructures/data/raw_xyz/xyz/porphyrins/KEDGAC_1.xyz,metal,NO_METAL
2274,/home/shachar/repos/PorCrystalStructures/data/raw_xyz/xyz/porphyrins/KEDGAC_2.xyz,metal,NO_METAL
2275,/home/shachar/repos/PorCrystalStructures/data/raw_xyz/xyz/porphyrins/KEDGEG_0.xyz,valid,VALID
2276,/home/shachar/repos/PorCrystalStructures/data/raw_xyz/xyz/porphyrins/KEDGEG_1.xyz,metal,NO_METAL
2277,/home/shachar/repos/PorCrystalStructures/data/raw_xyz/xyz/porphyrins/KEDGEG_2.xyz,metal,NO_METAL
2278,/home/shachar/repos/PorCrystalStructures/data/raw_xyz/xyz/porphyrins/KEDKOW_0.xyz,topolocial,NOT_CONNECTED_MOLECULE
2279,/home/shachar/repos/PorCrystalStructures/data/raw_xyz/xyz/porphyrins/KEDKOW_1.xyz,topolocial,NOT_A_MONOMER
2280,/home/shachar/repos/PorCrystalStructures/data/raw_xyz/xyz/porphyrins/KEDKOW_2.xyz,metal,NO_METAL
2281,/home/shachar/repos/PorCrystalStructures/data/raw_xyz/xyz/porphyrins/KEFFOQ_0.xyz,valid,VALID
2282,/home/shachar/repos/PorCrystalStructures/data/raw_xyz/xyz/porphyrins/KEHVAW_0.xyz,topolocial,BIDENTATE_MACROCYCLE_SUBS
2283,/home/shachar/repos/PorCrystalStructures/data/raw_xyz/xyz/porphyrins/KEHVAW_1.xyz,metal,NO_METAL
2284,/home/shachar/repos/PorCrystalStructures/data/raw_xyz/xyz/porphyrins/KEJTOM_0.xyz,topolocial,NOT_A_MONOMER
2285,/home/shachar/repos/PorCrystalStructures/data/raw_xyz/xyz/porphyrins/KEJTUS_0.xyz,topolocial,NOT_CONNECTED_MOLECULE
2286,/home/shachar/repos/PorCrystalStructures/data/raw_xyz/xyz/porphyrins/KEJVAA_0.xyz,topolocial,NOT_CONNECTED_MOLECULE
2287,/home/shachar/repos/PorCrystalStructures/data/raw_xyz/xyz/porphyrins/KEJVAA_1.xyz,metal,NO_METAL
2288,/home/shachar/repos/PorCrystalStructures/data/raw_xyz/xyz/porphyrins/KEKMUJ_0.xyz,metal,NO_METAL
2289,/home/shachar/repos/PorCrystalStructures/data/raw_xyz/xyz/porphyrins/KEKMUJ_1.xyz,metal,NO_METAL
2290,/home/shachar/repos/PorCrystalStructures/data/raw_xyz/xyz/porphyrins/KEKMUJ_2.xyz,metal,NO_METAL
2291,/home/shachar/repos/PorCrystalStructures/data/raw_xyz/xyz/porphyrins/KEKMUJ_3.xyz,metal,NO_METAL
2292,/home/shachar/repos/PorCrystalStructures/data/raw_xyz/xyz/porphyrins/KEKMUJ_4.xyz,metal,NO_METAL
2293,/home/shachar/repos/PorCrystalStructures/data/raw_xyz/xyz/porphyrins/KEKNAQ_0.xyz,metal,NO_METAL
2294,/home/shachar/repos/PorCrystalStructures/data/raw_xyz/xyz/porphyrins/KEKNAQ_1.xyz,metal,NO_METAL
2295,/home/shachar/repos/PorCrystalStructures/data/raw_xyz/xyz/porphyrins/KEKNAQ_2.xyz,metal,NO_METAL
2296,/home/shachar/repos/PorCrystalStructures/data/raw_xyz/xyz/porphyrins/KEMTAZ_0.xyz,metal,NO_METAL
2297,/home/shachar/repos/PorCrystalStructures/data/raw_xyz/xyz/porphyrins/KEMTIH_0.xyz,metal,NO_METAL
2298,/home/shachar/repos/PorCrystalStructures/data/raw_xyz/xyz/porphyrins/KEMVAB_0.xyz,topolocial,NOT_CONNECTED_MOLECULE
2299,/home/shachar/repos/PorCrystalStructures/data/raw_xyz/xyz/porphyrins/KENGUG_0.xyz,metal,NO_METAL
2300,/home/shachar/repos/PorCrystalStructures/data/raw_xyz/xyz/porphyrins/KENZOT_0.xyz,topolocial,NOT_SATURATED
2301,/home/shachar/repos/PorCrystalStructures/data/raw_xyz/xyz/porphyrins/KEPQUR_0.xyz,metal,NO_METAL
2302,/home/shachar/repos/PorCrystalStructures/data/raw_xyz/xyz/porphyrins/KEPQUR_1.xyz,metal,NO_METAL
2303,/home/shachar/repos/PorCrystalStructures/data/raw_xyz/xyz/porphyrins/KEVQAD01_0.xyz,topolocial,NOT_A_MONOMER
2304,/home/shachar/repos/PorCrystalStructures/data/raw_xyz/xyz/porphyrins/KEVQAD_0.xyz,topolocial,NOT_A_MONOMER
2305,/home/shachar/repos/PorCrystalStructures/data/raw_xyz/xyz/porphyrins/KEVQAD_1.xyz,metal,NO_METAL
2306,/home/shachar/repos/PorCrystalStructures/data/raw_xyz/xyz/porphyrins/KEVQEH_0.xyz,topolocial,NOT_A_MONOMER
2307,/home/shachar/repos/PorCrystalStructures/data/raw_xyz/xyz/porphyrins/KEYQUA_0.xyz,topolocial,NOT_A_MONOMER
2308,/home/shachar/repos/PorCrystalStructures/data/raw_xyz/xyz/porphyrins/KEYQUA_1.xyz,metal,NO_METAL
2309,/home/shachar/repos/PorCrystalStructures/data/raw_xyz/xyz/porphyrins/KEYQUA_2.xyz,metal,NO_METAL
2310,/home/shachar/repos/PorCrystalStructures/data/raw_xyz/xyz/porphyrins/KIBQOE_0.xyz,topolocial,NOT_CONNECTED_MOLECULE
2311,/home/shachar/repos/PorCrystalStructures/data/raw_xyz/xyz/porphyrins/KIBQOE_1.xyz,charge,TOO_LARGE_COUNTER_MOL
2312,/home/shachar/repos/PorCrystalStructures/data/raw_xyz/xyz/porphyrins/KIFVOM_0.xyz,topolocial,NOT_CONNECTED_MOLECULE
2313,/home/shachar/repos/PorCrystalStructures/data/raw_xyz/xyz/porphyrins/KIFVOM_1.xyz,metal,NO_METAL
2314,/home/shachar/repos/PorCrystalStructures/data/raw_xyz/xyz/porphyrins/KIFVOM_2.xyz,metal,NO_METAL
2315,/home/shachar/repos/PorCrystalStructures/data/raw_xyz/xyz/porphyrins/KIFVOM_3.xyz,metal,NO_METAL
2316,/home/shachar/repos/PorCrystalStructures/data/raw_xyz/xyz/porphyrins/KIFVUS_0.xyz,topolocial,NOT_CONNECTED_MOLECULE
2317,/home/shachar/repos/PorCrystalStructures/data/raw_xyz/xyz/porphyrins/KIFVUS_1.xyz,metal,NO_METAL
2318,/home/shachar/repos/PorCrystalStructures/data/raw_xyz/xyz/porphyrins/KIGHOX_0.xyz,topolocial,NOT_SATURATED
2319,/home/shachar/repos/PorCrystalStructures/data/raw_xyz/xyz/porphyrins/KIGHOX_1.xyz,metal,NO_METAL
2320,/home/shachar/repos/PorCrystalStructures/data/raw_xyz/xyz/porphyrins/KIGJER_0.xyz,charge,COUNTER_MOL_ODD_NUMBER_OF_ELECTRONS
2321,/home/shachar/repos/PorCrystalStructures/data/raw_xyz/xyz/porphyrins/KIGJER_1.xyz,metal,NO_METAL
2322,/home/shachar/repos/PorCrystalStructures/data/raw_xyz/xyz/porphyrins/KIGJIV_0.xyz,topolocial,NOT_CONNECTED_MOLECULE
2323,/home/shachar/repos/PorCrystalStructures/data/raw_xyz/xyz/porphyrins/KIGNUM_0.xyz,metal,NO_METAL
2324,/home/shachar/repos/PorCrystalStructures/data/raw_xyz/xyz/porphyrins/KIJHAM_0.xyz,metal,NO_METAL
2325,/home/shachar/repos/PorCrystalStructures/data/raw_xyz/xyz/porphyrins/KIJHAM_1.xyz,metal,NO_METAL
2326,/home/shachar/repos/PorCrystalStructures/data/raw_xyz/xyz/porphyrins/KIKGAZ_0.xyz,topolocial,NOT_A_MONOMER
2327,/home/shachar/repos/PorCrystalStructures/data/raw_xyz/xyz/porphyrins/KIKGAZ_1.xyz,metal,NO_METAL
2328,/home/shachar/repos/PorCrystalStructures/data/raw_xyz/xyz/porphyrins/KIKGAZ_2.xyz,metal,NO_METAL
2329,/home/shachar/repos/PorCrystalStructures/data/raw_xyz/xyz/porphyrins/KIKGOA_0.xyz,metal,NO_METAL
2330,/home/shachar/repos/PorCrystalStructures/data/raw_xyz/xyz/porphyrins/KIKGOA_1.xyz,metal,NO_METAL
2331,/home/shachar/repos/PorCrystalStructures/data/raw_xyz/xyz/porphyrins/KIMQOM_0.xyz,topolocial,NOT_A_MONOMER
2332,/home/shachar/repos/PorCrystalStructures/data/raw_xyz/xyz/porphyrins/KINXOX_0.xyz,topolocial,NOT_CONNECTED_MOLECULE
2333,/home/shachar/repos/PorCrystalStructures/data/raw_xyz/xyz/porphyrins/KIPMIF_0.xyz,topolocial,NOT_CONNECTED_MOLECULE
2334,/home/shachar/repos/PorCrystalStructures/data/raw_xyz/xyz/porphyrins/KIPWOX_0.xyz,metal,NO_METAL
2335,/home/shachar/repos/PorCrystalStructures/data/raw_xyz/xyz/porphyrins/KIPWUD_0.xyz,metal,NO_METAL
2336,/home/shachar/repos/PorCrystalStructures/data/raw_xyz/xyz/porphyrins/KIPXAK_0.xyz,metal,NO_METAL
2337,/home/shachar/repos/PorCrystalStructures/data/raw_xyz/xyz/porphyrins/KIPXEO_0.xyz,metal,NO_METAL
2338,/home/shachar/repos/PorCrystalStructures/data/raw_xyz/xyz/porphyrins/KITDOI_0.xyz,metal,NO_METAL
2339,/home/shachar/repos/PorCrystalStructures/data/raw_xyz/xyz/porphyrins/KITFAW_0.xyz,metal,NO_METAL
2340,/home/shachar/repos/PorCrystalStructures/data/raw_xyz/xyz/porphyrins/KITFAW_1.xyz,metal,NO_METAL
2341,/home/shachar/repos/PorCrystalStructures/data/raw_xyz/xyz/porphyrins/KIVZIB_0.xyz,charge,MOL_ODD_NUMBER_OF_ELECTRONS
2342,/home/shachar/repos/PorCrystalStructures/data/raw_xyz/xyz/porphyrins/KIVZIB_1.xyz,metal,NO_METAL
2343,/home/shachar/repos/PorCrystalStructures/data/raw_xyz/xyz/porphyrins/KIZHOS_0.xyz,charge,COUNTER_MOL_ODD_NUMBER_OF_ELECTRONS
2344,/home/shachar/repos/PorCrystalStructures/data/raw_xyz/xyz/porphyrins/KIZHOS_1.xyz,metal,NO_METAL
2345,/home/shachar/repos/PorCrystalStructures/data/raw_xyz/xyz/porphyrins/KIZSES_0.xyz,topolocial,NOT_CONNECTED_MOLECULE
2346,/home/shachar/repos/PorCrystalStructures/data/raw_xyz/xyz/porphyrins/KIZSES_1.xyz,metal,NO_METAL
2347,/home/shachar/repos/PorCrystalStructures/data/raw_xyz/xyz/porphyrins/KIZSIW_0.xyz,topolocial,NOT_CONNECTED_MOLECULE
2348,/home/shachar/repos/PorCrystalStructures/data/raw_xyz/xyz/porphyrins/KIZSOC_0.xyz,valid,VALID
2349,/home/shachar/repos/PorCrystalStructures/data/raw_xyz/xyz/porphyrins/KIZTAP_0.xyz,topolocial,NOT_CONNECTED_MOLECULE
2350,/home/shachar/repos/PorCrystalStructures/data/raw_xyz/xyz/porphyrins/KIZTAP_1.xyz,metal,NO_METAL
2351,/home/shachar/repos/PorCrystalStructures/data/raw_xyz/xyz/porphyrins/KIZTAP_2.xyz,metal,NO_METAL
2352,/home/shachar/repos/PorCrystalStructures/data/raw_xyz/xyz/porphyrins/KIZTES_0.xyz,topolocial,NOT_CONNECTED_MOLECULE
2353,/home/shachar/repos/PorCrystalStructures/data/raw_xyz/xyz/porphyrins/KIZTET_0.xyz,topolocial,NOT_CONNECTED_MOLECULE
2354,/home/shachar/repos/PorCrystalStructures/data/raw_xyz/xyz/porphyrins/KIZTIX_0.xyz,topolocial,NOT_CONNECTED_MOLECULE
2355,/home/shachar/repos/PorCrystalStructures/data/raw_xyz/xyz/porphyrins/KIZTIX_1.xyz,metal,NO_METAL
2356,/home/shachar/repos/PorCrystalStructures/data/raw_xyz/xyz/porphyrins/KIZTOD_0.xyz,topolocial,NOT_CONNECTED_MOLECULE
2357,/home/shachar/repos/PorCrystalStructures/data/raw_xyz/xyz/porphyrins/KIZTOD_1.xyz,metal,NO_METAL
2358,/home/shachar/repos/PorCrystalStructures/data/raw_xyz/xyz/porphyrins/KOBZEI_0.xyz,topolocial,NOT_A_MONOMER
2359,/home/shachar/repos/PorCrystalStructures/data/raw_xyz/xyz/porphyrins/KOCZUX_0.xyz,metal,NO_METAL
2360,/home/shachar/repos/PorCrystalStructures/data/raw_xyz/xyz/porphyrins/KOCZUX_1.xyz,metal,NO_METAL
2361,/home/shachar/repos/PorCrystalStructures/data/raw_xyz/xyz/porphyrins/KOGKEX_0.xyz,topolocial,NOT_CONNECTED_MOLECULE
2362,/home/shachar/repos/PorCrystalStructures/data/raw_xyz/xyz/porphyrins/KOGKEX_1.xyz,metal,NO_METAL
2363,/home/shachar/repos/PorCrystalStructures/data/raw_xyz/xyz/porphyrins/KOGKIB_0.xyz,topolocial,NOT_CONNECTED_MOLECULE
2364,/home/shachar/repos/PorCrystalStructures/data/raw_xyz/xyz/porphyrins/KOGKIB_1.xyz,metal,NO_METAL
2365,/home/shachar/repos/PorCrystalStructures/data/raw_xyz/xyz/porphyrins/KOGQUT_0.xyz,valid,VALID
2366,/home/shachar/repos/PorCrystalStructures/data/raw_xyz/xyz/porphyrins/KOJREG_0.xyz,valence,BAD VALENCE
2367,/home/shachar/repos/PorCrystalStructures/data/raw_xyz/xyz/porphyrins/KONRIO_0.xyz,topolocial,NOT_CONNECTED_MOLECULE
2368,/home/shachar/repos/PorCrystalStructures/data/raw_xyz/xyz/porphyrins/KONRIO_1.xyz,metal,NO_METAL
2369,/home/shachar/repos/PorCrystalStructures/data/raw_xyz/xyz/porphyrins/KONRIO_2.xyz,metal,NO_METAL
2370,/home/shachar/repos/PorCrystalStructures/data/raw_xyz/xyz/porphyrins/KORGIH_0.xyz,topolocial,NOT_A_MONOMER
2371,/home/shachar/repos/PorCrystalStructures/data/raw_xyz/xyz/porphyrins/KORGIH_1.xyz,metal,NO_METAL
2372,/home/shachar/repos/PorCrystalStructures/data/raw_xyz/xyz/porphyrins/KORGIH_2.xyz,metal,NO_METAL
2373,/home/shachar/repos/PorCrystalStructures/data/raw_xyz/xyz/porphyrins/KORGIH_3.xyz,metal,NO_METAL
2374,/home/shachar/repos/PorCrystalStructures/data/raw_xyz/xyz/porphyrins/KOSJUA_0.xyz,topolocial,NOT_A_MONOMER
2375,/home/shachar/repos/PorCrystalStructures/data/raw_xyz/xyz/porphyrins/KOSJUA_1.xyz,metal,NO_METAL
2376,/home/shachar/repos/PorCrystalStructures/data/raw_xyz/xyz/porphyrins/KOTMEO_0.xyz,topolocial,NOT_CONNECTED_MOLECULE
2377,/home/shachar/repos/PorCrystalStructures/data/raw_xyz/xyz/porphyrins/KOTMEO_1.xyz,metal,NO_METAL
2378,/home/shachar/repos/PorCrystalStructures/data/raw_xyz/xyz/porphyrins/KOWDOR_0.xyz,topolocial,NOT_A_MONOMER
2379,/home/shachar/repos/PorCrystalStructures/data/raw_xyz/xyz/porphyrins/KOWDOR_1.xyz,metal,NO_METAL
2380,/home/shachar/repos/PorCrystalStructures/data/raw_xyz/xyz/porphyrins/KOXRUM_0.xyz,valid,VALID
2381,/home/shachar/repos/PorCrystalStructures/data/raw_xyz/xyz/porphyrins/KOXSAT_0.xyz,valid,VALID
2382,/home/shachar/repos/PorCrystalStructures/data/raw_xyz/xyz/porphyrins/KOXSAT_1.xyz,metal,NO_METAL
2383,/home/shachar/repos/PorCrystalStructures/data/raw_xyz/xyz/porphyrins/KOXSIB_0.xyz,charge,MOL_ODD_NUMBER_OF_ELECTRONS
2384,/home/shachar/repos/PorCrystalStructures/data/raw_xyz/xyz/porphyrins/KOXSIB_1.xyz,metal,NO_METAL
2385,/home/shachar/repos/PorCrystalStructures/data/raw_xyz/xyz/porphyrins/KUDLEB_0.xyz,valid,VALID
2386,/home/shachar/repos/PorCrystalStructures/data/raw_xyz/xyz/porphyrins/KUFCAS_0.xyz,charge,MOL_ODD_NUMBER_OF_ELECTRONS
2387,/home/shachar/repos/PorCrystalStructures/data/raw_xyz/xyz/porphyrins/KUFCAS_1.xyz,metal,NO_METAL
2388,/home/shachar/repos/PorCrystalStructures/data/raw_xyz/xyz/porphyrins/KUFCEW_0.xyz,charge,MOL_ODD_NUMBER_OF_ELECTRONS
2389,/home/shachar/repos/PorCrystalStructures/data/raw_xyz/xyz/porphyrins/KUFCEW_1.xyz,metal,NO_METAL
2390,/home/shachar/repos/PorCrystalStructures/data/raw_xyz/xyz/porphyrins/KUFXIU_0.xyz,metal,NO_METAL
2391,/home/shachar/repos/PorCrystalStructures/data/raw_xyz/xyz/porphyrins/KUFXIU_1.xyz,metal,NO_METAL
2392,/home/shachar/repos/PorCrystalStructures/data/raw_xyz/xyz/porphyrins/KUFXIU_2.xyz,metal,NO_METAL
2393,/home/shachar/repos/PorCrystalStructures/data/raw_xyz/xyz/porphyrins/KUHJAA_0.xyz,metal,NO_METAL
2394,/home/shachar/repos/PorCrystalStructures/data/raw_xyz/xyz/porphyrins/KUHJII_0.xyz,metal,NO_METAL
2395,/home/shachar/repos/PorCrystalStructures/data/raw_xyz/xyz/porphyrins/KUHJOO_0.xyz,metal,NO_METAL
2396,/home/shachar/repos/PorCrystalStructures/data/raw_xyz/xyz/porphyrins/KUHJOO_1.xyz,metal,NO_METAL
2397,/home/shachar/repos/PorCrystalStructures/data/raw_xyz/xyz/porphyrins/KUHJOO_2.xyz,metal,NO_METAL
2398,/home/shachar/repos/PorCrystalStructures/data/raw_xyz/xyz/porphyrins/KUHJOO_3.xyz,metal,NO_METAL
2399,/home/shachar/repos/PorCrystalStructures/data/raw_xyz/xyz/porphyrins/KUHWOA_0.xyz,metal,NO_METAL
2400,/home/shachar/repos/PorCrystalStructures/data/raw_xyz/xyz/porphyrins/KUJWUH_0.xyz,topolocial,NOT_SATURATED
2401,/home/shachar/repos/PorCrystalStructures/data/raw_xyz/xyz/porphyrins/KUKWUL_0.xyz,metal,NO_METAL
2402,/home/shachar/repos/PorCrystalStructures/data/raw_xyz/xyz/porphyrins/KUKWUL_1.xyz,metal,NO_METAL
2403,/home/shachar/repos/PorCrystalStructures/data/raw_xyz/xyz/porphyrins/KUKWUL_2.xyz,metal,NO_METAL
2404,/home/shachar/repos/PorCrystalStructures/data/raw_xyz/xyz/porphyrins/KUKXAS_0.xyz,topolocial,NOT_CONNECTED_MOLECULE
2405,/home/shachar/repos/PorCrystalStructures/data/raw_xyz/xyz/porphyrins/KUKXAS_1.xyz,metal,NO_METAL
2406,/home/shachar/repos/PorCrystalStructures/data/raw_xyz/xyz/porphyrins/KUSWAY_0.xyz,metal,NO_METAL
2407,/home/shachar/repos/PorCrystalStructures/data/raw_xyz/xyz/porphyrins/KUSWAY_1.xyz,metal,NO_METAL
2408,/home/shachar/repos/PorCrystalStructures/data/raw_xyz/xyz/porphyrins/KUWWAB01_0.xyz,charge,MOL_ODD_NUMBER_OF_ELECTRONS
2409,/home/shachar/repos/PorCrystalStructures/data/raw_xyz/xyz/porphyrins/KUWWAB_0.xyz,topolocial,NOT_CONNECTED_MOLECULE
2410,/home/shachar/repos/PorCrystalStructures/data/raw_xyz/xyz/porphyrins/KUXYEJ_0.xyz,topolocial,NOT_CONNECTED_MOLECULE
2411,/home/shachar/repos/PorCrystalStructures/data/raw_xyz/xyz/porphyrins/KUXYEJ_1.xyz,metal,NO_METAL
2412,/home/shachar/repos/PorCrystalStructures/data/raw_xyz/xyz/porphyrins/KUXYEJ_2.xyz,metal,NO_METAL
2413,/home/shachar/repos/PorCrystalStructures/data/raw_xyz/xyz/porphyrins/KUXYEJ_3.xyz,metal,NO_METAL
2414,/home/shachar/repos/PorCrystalStructures/data/raw_xyz/xyz/porphyrins/KUXYEJ_4.xyz,metal,NO_METAL
2415,/home/shachar/repos/PorCrystalStructures/data/raw_xyz/xyz/porphyrins/KUYDIT_0.xyz,topolocial,NOT_CONNECTED_MOLECULE
2416,/home/shachar/repos/PorCrystalStructures/data/raw_xyz/xyz/porphyrins/KUYDIT_1.xyz,topolocial,NOT_CONNECTED_MOLECULE
2417,/home/shachar/repos/PorCrystalStructures/data/raw_xyz/xyz/porphyrins/KUYDIT_2.xyz,metal,NO_METAL
2418,/home/shachar/repos/PorCrystalStructures/data/raw_xyz/xyz/porphyrins/KUYDIT_3.xyz,metal,NO_METAL
2419,/home/shachar/repos/PorCrystalStructures/data/raw_xyz/xyz/porphyrins/KUZFAO_0.xyz,metal,NO_METAL
2420,/home/shachar/repos/PorCrystalStructures/data/raw_xyz/xyz/porphyrins/KUZZIO_0.xyz,topolocial,NOT_CONNECTED_MOLECULE
2421,/home/shachar/repos/PorCrystalStructures/data/raw_xyz/xyz/porphyrins/KUZZIO_1.xyz,metal,NO_METAL
2422,/home/shachar/repos/PorCrystalStructures/data/raw_xyz/xyz/porphyrins/KUZZOU_0.xyz,topolocial,NOT_A_MONOMER
2423,/home/shachar/repos/PorCrystalStructures/data/raw_xyz/xyz/porphyrins/LABKOR_0.xyz,metal,NO_METAL
2424,/home/shachar/repos/PorCrystalStructures/data/raw_xyz/xyz/porphyrins/LABKUX_0.xyz,topolocial,NOT_CONNECTED_MOLECULE
2425,/home/shachar/repos/PorCrystalStructures/data/raw_xyz/xyz/porphyrins/LABLAE_0.xyz,topolocial,NOT_A_MONOMER
2426,/home/shachar/repos/PorCrystalStructures/data/raw_xyz/xyz/porphyrins/LABLAE_1.xyz,metal,NO_METAL
2427,/home/shachar/repos/PorCrystalStructures/data/raw_xyz/xyz/porphyrins/LABLEI_0.xyz,topolocial,NOT_CONNECTED_MOLECULE
2428,/home/shachar/repos/PorCrystalStructures/data/raw_xyz/xyz/porphyrins/LABLIM_0.xyz,topolocial,NOT_CONNECTED_MOLECULE
2429,/home/shachar/repos/PorCrystalStructures/data/raw_xyz/xyz/porphyrins/LABLOS_0.xyz,topolocial,NOT_CONNECTED_MOLECULE
2430,/home/shachar/repos/PorCrystalStructures/data/raw_xyz/xyz/porphyrins/LACVIV_0.xyz,topolocial,NOT_CONNECTED_MOLECULE
2431,/home/shachar/repos/PorCrystalStructures/data/raw_xyz/xyz/porphyrins/LACVIV_1.xyz,metal,NO_METAL
2432,/home/shachar/repos/PorCrystalStructures/data/raw_xyz/xyz/porphyrins/LADGOM_0.xyz,topolocial,NOT_CONNECTED_MOLECULE
2433,/home/shachar/repos/PorCrystalStructures/data/raw_xyz/xyz/porphyrins/LADGOM_1.xyz,metal,NO_METAL
2434,/home/shachar/repos/PorCrystalStructures/data/raw_xyz/xyz/porphyrins/LADJUW_0.xyz,topolocial,NOT_CONNECTED_MOLECULE
2435,/home/shachar/repos/PorCrystalStructures/data/raw_xyz/xyz/porphyrins/LADJUW_1.xyz,metal,NO_METAL
2436,/home/shachar/repos/PorCrystalStructures/data/raw_xyz/xyz/porphyrins/LADKAD_0.xyz,topolocial,NOT_CONNECTED_MOLECULE
2437,/home/shachar/repos/PorCrystalStructures/data/raw_xyz/xyz/porphyrins/LADKAD_1.xyz,metal,NO_METAL
2438,/home/shachar/repos/PorCrystalStructures/data/raw_xyz/xyz/porphyrins/LADKAD_2.xyz,metal,NO_METAL
2439,/home/shachar/repos/PorCrystalStructures/data/raw_xyz/xyz/porphyrins/LAGKUC_0.xyz,metal,NO_METAL
2440,/home/shachar/repos/PorCrystalStructures/data/raw_xyz/xyz/porphyrins/LAGKUC_1.xyz,metal,NO_METAL
2441,/home/shachar/repos/PorCrystalStructures/data/raw_xyz/xyz/porphyrins/LAGKUC_2.xyz,metal,NO_METAL
2442,/home/shachar/repos/PorCrystalStructures/data/raw_xyz/xyz/porphyrins/LAHPAL_0.xyz,topolocial,NOT_SATURATED
2443,/home/shachar/repos/PorCrystalStructures/data/raw_xyz/xyz/porphyrins/LAHTET_0.xyz,topolocial,BIDENTATE_MACROCYCLE_SUBS
2444,/home/shachar/repos/PorCrystalStructures/data/raw_xyz/xyz/porphyrins/LAHTIX_0.xyz,topolocial,BIDENTATE_MACROCYCLE_SUBS
2445,/home/shachar/repos/PorCrystalStructures/data/raw_xyz/xyz/porphyrins/LAHTOD_0.xyz,topolocial,BIDENTATE_MACROCYCLE_SUBS
2446,/home/shachar/repos/PorCrystalStructures/data/raw_xyz/xyz/porphyrins/LAHWOJ_0.xyz,metal,NO_METAL
2447,/home/shachar/repos/PorCrystalStructures/data/raw_xyz/xyz/porphyrins/LAHXAW_0.xyz,topolocial,NOT_A_MONOMER
2448,/home/shachar/repos/PorCrystalStructures/data/raw_xyz/xyz/porphyrins/LAHXAW_1.xyz,topolocial,NOT_A_MONOMER
2449,/home/shachar/repos/PorCrystalStructures/data/raw_xyz/xyz/porphyrins/LAHXAW_2.xyz,topolocial,NOT_A_MONOMER
2450,/home/shachar/repos/PorCrystalStructures/data/raw_xyz/xyz/porphyrins/LAHXAW_3.xyz,metal,NO_METAL
2451,/home/shachar/repos/PorCrystalStructures/data/raw_xyz/xyz/porphyrins/LAHXAW_4.xyz,metal,NO_METAL
2452,/home/shachar/repos/PorCrystalStructures/data/raw_xyz/xyz/porphyrins/LALROF_0.xyz,charge,MOL_ODD_NUMBER_OF_ELECTRONS
2453,/home/shachar/repos/PorCrystalStructures/data/raw_xyz/xyz/porphyrins/LALROF_1.xyz,metal,NO_METAL
2454,/home/shachar/repos/PorCrystalStructures/data/raw_xyz/xyz/porphyrins/LAMDUZ_0.xyz,topolocial,NOT_SATURATED
2455,/home/shachar/repos/PorCrystalStructures/data/raw_xyz/xyz/porphyrins/LAMDUZ_1.xyz,metal,NO_METAL
2456,/home/shachar/repos/PorCrystalStructures/data/raw_xyz/xyz/porphyrins/LANRUO_0.xyz,charge,COUNTER_MOL_ODD_NUMBER_OF_ELECTRONS
2457,/home/shachar/repos/PorCrystalStructures/data/raw_xyz/xyz/porphyrins/LANRUO_1.xyz,metal,NO_METAL
2458,/home/shachar/repos/PorCrystalStructures/data/raw_xyz/xyz/porphyrins/LANRUO_2.xyz,metal,NO_METAL
2459,/home/shachar/repos/PorCrystalStructures/data/raw_xyz/xyz/porphyrins/LANRUO_3.xyz,metal,NO_METAL
2460,/home/shachar/repos/PorCrystalStructures/data/raw_xyz/xyz/porphyrins/LANTOK_0.xyz,topolocial,NOT_CONNECTED_MOLECULE
2461,/home/shachar/repos/PorCrystalStructures/data/raw_xyz/xyz/porphyrins/LANTOK_1.xyz,metal,NO_METAL
2462,/home/shachar/repos/PorCrystalStructures/data/raw_xyz/xyz/porphyrins/LANTOK_2.xyz,metal,NO_METAL
2463,/home/shachar/repos/PorCrystalStructures/data/raw_xyz/xyz/porphyrins/LANTOK_3.xyz,metal,NO_METAL
2464,/home/shachar/repos/PorCrystalStructures/data/raw_xyz/xyz/porphyrins/LANTOK_4.xyz,metal,NO_METAL
2465,/home/shachar/repos/PorCrystalStructures/data/raw_xyz/xyz/porphyrins/LANTUQ_0.xyz,metal,NO_METAL
2466,/home/shachar/repos/PorCrystalStructures/data/raw_xyz/xyz/porphyrins/LANTUQ_1.xyz,metal,NO_METAL
2467,/home/shachar/repos/PorCrystalStructures/data/raw_xyz/xyz/porphyrins/LANYIL_0.xyz,topolocial,BIDENTATE_MACROCYCLE_SUBS
2468,/home/shachar/repos/PorCrystalStructures/data/raw_xyz/xyz/porphyrins/LANYIL_1.xyz,metal,NO_METAL
2469,/home/shachar/repos/PorCrystalStructures/data/raw_xyz/xyz/porphyrins/LANYIL_2.xyz,metal,NO_METAL
2470,/home/shachar/repos/PorCrystalStructures/data/raw_xyz/xyz/porphyrins/LAPBOU_0.xyz,metal,NO_METAL
2471,/home/shachar/repos/PorCrystalStructures/data/raw_xyz/xyz/porphyrins/LAPBOU_1.xyz,metal,NO_METAL
2472,/home/shachar/repos/PorCrystalStructures/data/raw_xyz/xyz/porphyrins/LAPBOU_2.xyz,metal,NO_METAL
2473,/home/shachar/repos/PorCrystalStructures/data/raw_xyz/xyz/porphyrins/LAPBOU_3.xyz,metal,NO_METAL
2474,/home/shachar/repos/PorCrystalStructures/data/raw_xyz/xyz/porphyrins/LAPBOU_4.xyz,metal,NO_METAL
2475,/home/shachar/repos/PorCrystalStructures/data/raw_xyz/xyz/porphyrins/LAPBOU_5.xyz,metal,NO_METAL
2476,/home/shachar/repos/PorCrystalStructures/data/raw_xyz/xyz/porphyrins/LAPBOU_6.xyz,metal,NO_METAL
2477,/home/shachar/repos/PorCrystalStructures/data/raw_xyz/xyz/porphyrins/LAQNIA_0.xyz,topolocial,NOT_SATURATED
2478,/home/shachar/repos/PorCrystalStructures/data/raw_xyz/xyz/porphyrins/LAQNIA_1.xyz,metal,NO_METAL
2479,/home/shachar/repos/PorCrystalStructures/data/raw_xyz/xyz/porphyrins/LAQNIA_2.xyz,metal,NO_METAL
2480,/home/shachar/repos/PorCrystalStructures/data/raw_xyz/xyz/porphyrins/LAQNIA_3.xyz,metal,NO_METAL
2481,/home/shachar/repos/PorCrystalStructures/data/raw_xyz/xyz/porphyrins/LARKEV_0.xyz,valid,VALID
2482,/home/shachar/repos/PorCrystalStructures/data/raw_xyz/xyz/porphyrins/LARNID_0.xyz,topolocial,HAS_MORE_THAN_4_PYRROLES
2483,/home/shachar/repos/PorCrystalStructures/data/raw_xyz/xyz/porphyrins/LARNID_1.xyz,metal,NO_METAL
2484,/home/shachar/repos/PorCrystalStructures/data/raw_xyz/xyz/porphyrins/LASMOK_0.xyz,topolocial,NOT_CONNECTED_MOLECULE
2485,/home/shachar/repos/PorCrystalStructures/data/raw_xyz/xyz/porphyrins/LAXBER_0.xyz,valid,VALID
2486,/home/shachar/repos/PorCrystalStructures/data/raw_xyz/xyz/porphyrins/LAXCES_0.xyz,valid,VALID
2487,/home/shachar/repos/PorCrystalStructures/data/raw_xyz/xyz/porphyrins/LAXCES_1.xyz,metal,NO_METAL
2488,/home/shachar/repos/PorCrystalStructures/data/raw_xyz/xyz/porphyrins/LAXCES_2.xyz,metal,NO_METAL
2489,/home/shachar/repos/PorCrystalStructures/data/raw_xyz/xyz/porphyrins/LAXCIW_0.xyz,topolocial,NOT_SATURATED
2490,/home/shachar/repos/PorCrystalStructures/data/raw_xyz/xyz/porphyrins/LAXCOC_0.xyz,valid,VALID
2491,/home/shachar/repos/PorCrystalStructures/data/raw_xyz/xyz/porphyrins/LAXDAP_0.xyz,valid,VALID
2492,/home/shachar/repos/PorCrystalStructures/data/raw_xyz/xyz/porphyrins/LAXDAP_1.xyz,metal,NO_METAL
2493,/home/shachar/repos/PorCrystalStructures/data/raw_xyz/xyz/porphyrins/LAXDET_0.xyz,topolocial,NOT_CONNECTED_MOLECULE
2494,/home/shachar/repos/PorCrystalStructures/data/raw_xyz/xyz/porphyrins/LAXDIX_0.xyz,valid,VALID
2495,/home/shachar/repos/PorCrystalStructures/data/raw_xyz/xyz/porphyrins/LAXDIX_1.xyz,metal,NO_METAL
2496,/home/shachar/repos/PorCrystalStructures/data/raw_xyz/xyz/porphyrins/LAXHUQ_0.xyz,topolocial,NOT_A_MONOMER
2497,/home/shachar/repos/PorCrystalStructures/data/raw_xyz/xyz/porphyrins/LAXJAY_0.xyz,topolocial,NOT_A_MONOMER
2498,/home/shachar/repos/PorCrystalStructures/data/raw_xyz/xyz/porphyrins/LAXJEC_0.xyz,topolocial,NOT_A_MONOMER
2499,/home/shachar/repos/PorCrystalStructures/data/raw_xyz/xyz/porphyrins/LAXJEC_1.xyz,metal,NO_METAL
2500,/home/shachar/repos/PorCrystalStructures/data/raw_xyz/xyz/porphyrins/LAXJIG_0.xyz,topolocial,NOT_A_MONOMER
2501,/home/shachar/repos/PorCrystalStructures/data/raw_xyz/xyz/porphyrins/LAXMUV_0.xyz,metal,NO_METAL
2502,/home/shachar/repos/PorCrystalStructures/data/raw_xyz/xyz/porphyrins/LAXMUV_1.xyz,metal,NO_METAL
2503,/home/shachar/repos/PorCrystalStructures/data/raw_xyz/xyz/porphyrins/LAXNAC_0.xyz,topolocial,NOT_A_MONOMER
2504,/home/shachar/repos/PorCrystalStructures/data/raw_xyz/xyz/porphyrins/LAYSIR_0.xyz,metal,NO_METAL
2505,/home/shachar/repos/PorCrystalStructures/data/raw_xyz/xyz/porphyrins/LAYSIR_1.xyz,metal,NO_METAL
2506,/home/shachar/repos/PorCrystalStructures/data/raw_xyz/xyz/porphyrins/LAYSOX_0.xyz,metal,NO_METAL
2507,/home/shachar/repos/PorCrystalStructures/data/raw_xyz/xyz/porphyrins/LAYSOX_1.xyz,metal,NO_METAL
2508,/home/shachar/repos/PorCrystalStructures/data/raw_xyz/xyz/porphyrins/LEDJOW_0.xyz,topolocial,NOT_A_MONOMER
2509,/home/shachar/repos/PorCrystalStructures/data/raw_xyz/xyz/porphyrins/LEDKIP_0.xyz,metal,NO_METAL
2510,/home/shachar/repos/PorCrystalStructures/data/raw_xyz/xyz/porphyrins/LEDKIP_1.xyz,metal,NO_METAL
2511,/home/shachar/repos/PorCrystalStructures/data/raw_xyz/xyz/porphyrins/LEDLOY_0.xyz,topolocial,NOT_CONNECTED_MOLECULE
2512,/home/shachar/repos/PorCrystalStructures/data/raw_xyz/xyz/porphyrins/LEFWOJ_0.xyz,valid,VALID
2513,/home/shachar/repos/PorCrystalStructures/data/raw_xyz/xyz/porphyrins/LEFWOJ_1.xyz,metal,NO_METAL
2514,/home/shachar/repos/PorCrystalStructures/data/raw_xyz/xyz/porphyrins/LEFWOJ_2.xyz,metal,NO_METAL
2515,/home/shachar/repos/PorCrystalStructures/data/raw_xyz/xyz/porphyrins/LEHSOI_0.xyz,valid,VALID
2516,/home/shachar/repos/PorCrystalStructures/data/raw_xyz/xyz/porphyrins/LELDUC_0.xyz,topolocial,NOT_CONNECTED_MOLECULE
2517,/home/shachar/repos/PorCrystalStructures/data/raw_xyz/xyz/porphyrins/LELDUC_1.xyz,metal,NO_METAL
2518,/home/shachar/repos/PorCrystalStructures/data/raw_xyz/xyz/porphyrins/LEPBIS_0.xyz,metal,NO_METAL
2519,/home/shachar/repos/PorCrystalStructures/data/raw_xyz/xyz/porphyrins/LEPBOY_0.xyz,metal,NO_METAL
2520,/home/shachar/repos/PorCrystalStructures/data/raw_xyz/xyz/porphyrins/LERPUW_0.xyz,topolocial,BIDENTATE_MACROCYCLE_SUBS
2521,/home/shachar/repos/PorCrystalStructures/data/raw_xyz/xyz/porphyrins/LERPUW_1.xyz,metal,NO_METAL
2522,/home/shachar/repos/PorCrystalStructures/data/raw_xyz/xyz/porphyrins/LESGIA_0.xyz,topolocial,NOT_CONNECTED_MOLECULE
2523,/home/shachar/repos/PorCrystalStructures/data/raw_xyz/xyz/porphyrins/LESGIA_1.xyz,metal,NO_METAL
2524,/home/shachar/repos/PorCrystalStructures/data/raw_xyz/xyz/porphyrins/LESGIA_2.xyz,metal,NO_METAL
2525,/home/shachar/repos/PorCrystalStructures/data/raw_xyz/xyz/porphyrins/LESXOZ_0.xyz,charge,MOL_ODD_NUMBER_OF_ELECTRONS
2526,/home/shachar/repos/PorCrystalStructures/data/raw_xyz/xyz/porphyrins/LESXOZ_1.xyz,metal,NO_METAL
2527,/home/shachar/repos/PorCrystalStructures/data/raw_xyz/xyz/porphyrins/LESXOZ_2.xyz,metal,NO_METAL
2528,/home/shachar/repos/PorCrystalStructures/data/raw_xyz/xyz/porphyrins/LEVFEX_0.xyz,metal,NO_METAL
2529,/home/shachar/repos/PorCrystalStructures/data/raw_xyz/xyz/porphyrins/LEVFEX_1.xyz,metal,NO_METAL
2530,/home/shachar/repos/PorCrystalStructures/data/raw_xyz/xyz/porphyrins/LEVFIB_0.xyz,metal,NO_METAL
2531,/home/shachar/repos/PorCrystalStructures/data/raw_xyz/xyz/porphyrins/LEVFIB_1.xyz,metal,NO_METAL
2532,/home/shachar/repos/PorCrystalStructures/data/raw_xyz/xyz/porphyrins/LEVQAE_0.xyz,metal,NO_METAL
2533,/home/shachar/repos/PorCrystalStructures/data/raw_xyz/xyz/porphyrins/LEVQEI_0.xyz,topolocial,NOT_CONNECTED_MOLECULE
2534,/home/shachar/repos/PorCrystalStructures/data/raw_xyz/xyz/porphyrins/LEXGOM_0.xyz,topolocial,NOT_A_MONOMER
2535,/home/shachar/repos/PorCrystalStructures/data/raw_xyz/xyz/porphyrins/LEXGOM_1.xyz,metal,NO_METAL
2536,/home/shachar/repos/PorCrystalStructures/data/raw_xyz/xyz/porphyrins/LEXGOM_2.xyz,metal,NO_METAL
2537,/home/shachar/repos/PorCrystalStructures/data/raw_xyz/xyz/porphyrins/LEXYOC_0.xyz,charge,MOL_ODD_NUMBER_OF_ELECTRONS
2538,/home/shachar/repos/PorCrystalStructures/data/raw_xyz/xyz/porphyrins/LEXYOC_1.xyz,metal,NO_METAL
2539,/home/shachar/repos/PorCrystalStructures/data/raw_xyz/xyz/porphyrins/LEXYUI_0.xyz,charge,MOL_ODD_NUMBER_OF_ELECTRONS
2540,/home/shachar/repos/PorCrystalStructures/data/raw_xyz/xyz/porphyrins/LEXYUI_1.xyz,metal,NO_METAL
2541,/home/shachar/repos/PorCrystalStructures/data/raw_xyz/xyz/porphyrins/LEZKOQ_0.xyz,charge,TOO_LARGE_COUNTER_MOL
2542,/home/shachar/repos/PorCrystalStructures/data/raw_xyz/xyz/porphyrins/LEZKOQ_1.xyz,metal,NO_METAL
2543,/home/shachar/repos/PorCrystalStructures/data/raw_xyz/xyz/porphyrins/LEZKOQ_2.xyz,metal,NO_METAL
2544,/home/shachar/repos/PorCrystalStructures/data/raw_xyz/xyz/porphyrins/LEZLAD_0.xyz,valid,VALID
2545,/home/shachar/repos/PorCrystalStructures/data/raw_xyz/xyz/porphyrins/LEZLAD_1.xyz,metal,NO_METAL
2546,/home/shachar/repos/PorCrystalStructures/data/raw_xyz/xyz/porphyrins/LEZSOY_0.xyz,topolocial,NOT_SATURATED
2547,/home/shachar/repos/PorCrystalStructures/data/raw_xyz/xyz/porphyrins/LEZSOY_1.xyz,metal,NO_METAL
2548,/home/shachar/repos/PorCrystalStructures/data/raw_xyz/xyz/porphyrins/LIBBUT_0.xyz,charge,MOL_ODD_NUMBER_OF_ELECTRONS
2549,/home/shachar/repos/PorCrystalStructures/data/raw_xyz/xyz/porphyrins/LIBCAA_0.xyz,topolocial,NOT_CONNECTED_MOLECULE
2550,/home/shachar/repos/PorCrystalStructures/data/raw_xyz/xyz/porphyrins/LIBCAA_1.xyz,charge,TOO_LARGE_COUNTER_MOL
2551,/home/shachar/repos/PorCrystalStructures/data/raw_xyz/xyz/porphyrins/LIBCEE_0.xyz,valid,VALID
2552,/home/shachar/repos/PorCrystalStructures/data/raw_xyz/xyz/porphyrins/LICSIZ_0.xyz,topolocial,NOT_A_MONOMER
2553,/home/shachar/repos/PorCrystalStructures/data/raw_xyz/xyz/porphyrins/LIDTIB_0.xyz,valence,BAD VALENCE
2554,/home/shachar/repos/PorCrystalStructures/data/raw_xyz/xyz/porphyrins/LIHGOY_0.xyz,topolocial,NOT_CONNECTED_MOLECULE
2555,/home/shachar/repos/PorCrystalStructures/data/raw_xyz/xyz/porphyrins/LIHJIV_0.xyz,topolocial,NOT_SATURATED
2556,/home/shachar/repos/PorCrystalStructures/data/raw_xyz/xyz/porphyrins/LIHJIV_1.xyz,metal,NO_METAL
2557,/home/shachar/repos/PorCrystalStructures/data/raw_xyz/xyz/porphyrins/LIHSUR_0.xyz,metal,NO_METAL
2558,/home/shachar/repos/PorCrystalStructures/data/raw_xyz/xyz/porphyrins/LIHYAD_0.xyz,topolocial,NOT_CONNECTED_MOLECULE
2559,/home/shachar/repos/PorCrystalStructures/data/raw_xyz/xyz/porphyrins/LIHYAD_1.xyz,metal,NO_METAL
2560,/home/shachar/repos/PorCrystalStructures/data/raw_xyz/xyz/porphyrins/LIHYEH_0.xyz,topolocial,NOT_CONNECTED_MOLECULE
2561,/home/shachar/repos/PorCrystalStructures/data/raw_xyz/xyz/porphyrins/LIJBUB_0.xyz,charge,MOL_ODD_NUMBER_OF_ELECTRONS
2562,/home/shachar/repos/PorCrystalStructures/data/raw_xyz/xyz/porphyrins/LIJBUB_1.xyz,metal,NO_METAL
2563,/home/shachar/repos/PorCrystalStructures/data/raw_xyz/xyz/porphyrins/LINVOW_0.xyz,topolocial,NOT_CONNECTED_MOLECULE
2564,/home/shachar/repos/PorCrystalStructures/data/raw_xyz/xyz/porphyrins/LINVOW_1.xyz,topolocial,NOT_CONNECTED_MOLECULE
2565,/home/shachar/repos/PorCrystalStructures/data/raw_xyz/xyz/porphyrins/LIQHUQ_0.xyz,charge,COUNTER_MOL_ODD_NUMBER_OF_ELECTRONS
2566,/home/shachar/repos/PorCrystalStructures/data/raw_xyz/xyz/porphyrins/LIQHUQ_1.xyz,metal,NO_METAL
2567,/home/shachar/repos/PorCrystalStructures/data/raw_xyz/xyz/porphyrins/LIQHUQ_2.xyz,metal,NO_METAL
2568,/home/shachar/repos/PorCrystalStructures/data/raw_xyz/xyz/porphyrins/LIQJIG_0.xyz,topolocial,NOT_A_MONOMER
2569,/home/shachar/repos/PorCrystalStructures/data/raw_xyz/xyz/porphyrins/LIQRUY_0.xyz,topolocial,NOT_SATURATED
2570,/home/shachar/repos/PorCrystalStructures/data/raw_xyz/xyz/porphyrins/LIQRUY_1.xyz,metal,NO_METAL
2571,/home/shachar/repos/PorCrystalStructures/data/raw_xyz/xyz/porphyrins/LIQSAF_0.xyz,topolocial,NOT_A_MONOMER
2572,/home/shachar/repos/PorCrystalStructures/data/raw_xyz/xyz/porphyrins/LIQSAF_1.xyz,metal,NO_METAL
2573,/home/shachar/repos/PorCrystalStructures/data/raw_xyz/xyz/porphyrins/LIQSAF_2.xyz,metal,NO_METAL
2574,/home/shachar/repos/PorCrystalStructures/data/raw_xyz/xyz/porphyrins/LIQSAF_3.xyz,metal,NO_METAL
2575,/home/shachar/repos/PorCrystalStructures/data/raw_xyz/xyz/porphyrins/LIQSAF_4.xyz,metal,NO_METAL
2576,/home/shachar/repos/PorCrystalStructures/data/raw_xyz/xyz/porphyrins/LIQSEJ_0.xyz,charge,MOL_ODD_NUMBER_OF_ELECTRONS
2577,/home/shachar/repos/PorCrystalStructures/data/raw_xyz/xyz/porphyrins/LIQSEJ_1.xyz,metal,NO_METAL
2578,/home/shachar/repos/PorCrystalStructures/data/raw_xyz/xyz/porphyrins/LIRFOJ_0.xyz,valid,VALID
2579,/home/shachar/repos/PorCrystalStructures/data/raw_xyz/xyz/porphyrins/LIRFOJ_1.xyz,metal,NO_METAL
2580,/home/shachar/repos/PorCrystalStructures/data/raw_xyz/xyz/porphyrins/LIRGIE_0.xyz,topolocial,BIDENTATE_MACROCYCLE_SUBS
2581,/home/shachar/repos/PorCrystalStructures/data/raw_xyz/xyz/porphyrins/LIRGIE_1.xyz,topolocial,BIDENTATE_MACROCYCLE_SUBS
2582,/home/shachar/repos/PorCrystalStructures/data/raw_xyz/xyz/porphyrins/LIRGIE_2.xyz,metal,NO_METAL
2583,/home/shachar/repos/PorCrystalStructures/data/raw_xyz/xyz/porphyrins/LIRGIE_3.xyz,metal,NO_METAL
2584,/home/shachar/repos/PorCrystalStructures/data/raw_xyz/xyz/porphyrins/LIRGIE_4.xyz,metal,NO_METAL
2585,/home/shachar/repos/PorCrystalStructures/data/raw_xyz/xyz/porphyrins/LIRGIE_5.xyz,metal,NO_METAL
2586,/home/shachar/repos/PorCrystalStructures/data/raw_xyz/xyz/porphyrins/LIRGIE_6.xyz,metal,NO_METAL
2587,/home/shachar/repos/PorCrystalStructures/data/raw_xyz/xyz/porphyrins/LIRSIO_0.xyz,topolocial,NOT_A_MONOMER
2588,/home/shachar/repos/PorCrystalStructures/data/raw_xyz/xyz/porphyrins/LIRSIO_1.xyz,metal,NO_METAL
2589,/home/shachar/repos/PorCrystalStructures/data/raw_xyz/xyz/porphyrins/LIRSIO_2.xyz,metal,NO_METAL
2590,/home/shachar/repos/PorCrystalStructures/data/raw_xyz/xyz/porphyrins/LIRSIO_3.xyz,metal,NO_METAL
2591,/home/shachar/repos/PorCrystalStructures/data/raw_xyz/xyz/porphyrins/LISGEA_0.xyz,metal,NO_METAL
2592,/home/shachar/repos/PorCrystalStructures/data/raw_xyz/xyz/porphyrins/LISYAO_0.xyz,metal,NO_METAL
2593,/home/shachar/repos/PorCrystalStructures/data/raw_xyz/xyz/porphyrins/LIWXAQ_0.xyz,topolocial,NOT_CONNECTED_MOLECULE
2594,/home/shachar/repos/PorCrystalStructures/data/raw_xyz/xyz/porphyrins/LIWXAQ_1.xyz,metal,NO_METAL
2595,/home/shachar/repos/PorCrystalStructures/data/raw_xyz/xyz/porphyrins/LIYDEC_0.xyz,valid,VALID
2596,/home/shachar/repos/PorCrystalStructures/data/raw_xyz/xyz/porphyrins/LIYDOM_0.xyz,valid,VALID
2597,/home/shachar/repos/PorCrystalStructures/data/raw_xyz/xyz/porphyrins/LIYDUS_0.xyz,valid,VALID
2598,/home/shachar/repos/PorCrystalStructures/data/raw_xyz/xyz/porphyrins/LIYDUS_1.xyz,metal,NO_METAL
2599,/home/shachar/repos/PorCrystalStructures/data/raw_xyz/xyz/porphyrins/LIYFAA_0.xyz,valid,VALID
2600,/home/shachar/repos/PorCrystalStructures/data/raw_xyz/xyz/porphyrins/LIYFOO_0.xyz,valid,VALID
2601,/home/shachar/repos/PorCrystalStructures/data/raw_xyz/xyz/porphyrins/LIYFOO_1.xyz,metal,NO_METAL
2602,/home/shachar/repos/PorCrystalStructures/data/raw_xyz/xyz/porphyrins/LIZQIX_0.xyz,charge,TOO_LARGE_COUNTER_MOL
2603,/home/shachar/repos/PorCrystalStructures/data/raw_xyz/xyz/porphyrins/LIZQIX_1.xyz,metal,NO_METAL
2604,/home/shachar/repos/PorCrystalStructures/data/raw_xyz/xyz/porphyrins/LIZQIX_2.xyz,metal,NO_METAL
2605,/home/shachar/repos/PorCrystalStructures/data/raw_xyz/xyz/porphyrins/LIZQIX_3.xyz,metal,NO_METAL
2606,/home/shachar/repos/PorCrystalStructures/data/raw_xyz/xyz/porphyrins/LOCPOJ_0.xyz,metal,NO_METAL
2607,/home/shachar/repos/PorCrystalStructures/data/raw_xyz/xyz/porphyrins/LOCPOJ_1.xyz,metal,NO_METAL
2608,/home/shachar/repos/PorCrystalStructures/data/raw_xyz/xyz/porphyrins/LOCPOJ_2.xyz,metal,NO_METAL
2609,/home/shachar/repos/PorCrystalStructures/data/raw_xyz/xyz/porphyrins/LODDOY_0.xyz,metal,NO_METAL
2610,/home/shachar/repos/PorCrystalStructures/data/raw_xyz/xyz/porphyrins/LODPUP_0.xyz,charge,MOL_ODD_NUMBER_OF_ELECTRONS
2611,/home/shachar/repos/PorCrystalStructures/data/raw_xyz/xyz/porphyrins/LODPUP_1.xyz,metal,NO_METAL
2612,/home/shachar/repos/PorCrystalStructures/data/raw_xyz/xyz/porphyrins/LODQAW_0.xyz,metal,NO_METAL
2613,/home/shachar/repos/PorCrystalStructures/data/raw_xyz/xyz/porphyrins/LODQIE_0.xyz,metal,NO_METAL
2614,/home/shachar/repos/PorCrystalStructures/data/raw_xyz/xyz/porphyrins/LODRAX_0.xyz,valid,VALID
2615,/home/shachar/repos/PorCrystalStructures/data/raw_xyz/xyz/porphyrins/LODSAY_0.xyz,valid,VALID
2616,/home/shachar/repos/PorCrystalStructures/data/raw_xyz/xyz/porphyrins/LODSEC_0.xyz,valid,VALID
2617,/home/shachar/repos/PorCrystalStructures/data/raw_xyz/xyz/porphyrins/LODSEC_1.xyz,metal,NO_METAL
2618,/home/shachar/repos/PorCrystalStructures/data/raw_xyz/xyz/porphyrins/LODSIG_0.xyz,valid,VALID
2619,/home/shachar/repos/PorCrystalStructures/data/raw_xyz/xyz/porphyrins/LOHVEJ_0.xyz,metal,NO_METAL
2620,/home/shachar/repos/PorCrystalStructures/data/raw_xyz/xyz/porphyrins/LOJKAW_0.xyz,topolocial,NOT_CONNECTED_MOLECULE
2621,/home/shachar/repos/PorCrystalStructures/data/raw_xyz/xyz/porphyrins/LOJKAW_1.xyz,metal,NO_METAL
2622,/home/shachar/repos/PorCrystalStructures/data/raw_xyz/xyz/porphyrins/LOJKAW_2.xyz,metal,NO_METAL
2623,/home/shachar/repos/PorCrystalStructures/data/raw_xyz/xyz/porphyrins/LOJKEA_0.xyz,topolocial,NOT_CONNECTED_MOLECULE
2624,/home/shachar/repos/PorCrystalStructures/data/raw_xyz/xyz/porphyrins/LOKNAC_0.xyz,valid,VALID
2625,/home/shachar/repos/PorCrystalStructures/data/raw_xyz/xyz/porphyrins/LOKNAC_1.xyz,metal,NO_METAL
2626,/home/shachar/repos/PorCrystalStructures/data/raw_xyz/xyz/porphyrins/LOKWUE_0.xyz,metal,NO_METAL
2627,/home/shachar/repos/PorCrystalStructures/data/raw_xyz/xyz/porphyrins/LOKWUE_1.xyz,metal,NO_METAL
2628,/home/shachar/repos/PorCrystalStructures/data/raw_xyz/xyz/porphyrins/LOLREM_0.xyz,topolocial,BIDENTATE_MACROCYCLE_SUBS
2629,/home/shachar/repos/PorCrystalStructures/data/raw_xyz/xyz/porphyrins/LOLREM_1.xyz,metal,NO_METAL
2630,/home/shachar/repos/PorCrystalStructures/data/raw_xyz/xyz/porphyrins/LOMLAA_0.xyz,topolocial,NOT_CONNECTED_MOLECULE
2631,/home/shachar/repos/PorCrystalStructures/data/raw_xyz/xyz/porphyrins/LOMLAA_1.xyz,metal,NO_METAL
2632,/home/shachar/repos/PorCrystalStructures/data/raw_xyz/xyz/porphyrins/LONWET_0.xyz,topolocial,NOT_CONNECTED_MOLECULE
2633,/home/shachar/repos/PorCrystalStructures/data/raw_xyz/xyz/porphyrins/LONWET_1.xyz,charge,TOO_LARGE_COUNTER_MOL
2634,/home/shachar/repos/PorCrystalStructures/data/raw_xyz/xyz/porphyrins/LONWET_2.xyz,metal,NO_METAL
2635,/home/shachar/repos/PorCrystalStructures/data/raw_xyz/xyz/porphyrins/LONWET_3.xyz,metal,NO_METAL
2636,/home/shachar/repos/PorCrystalStructures/data/raw_xyz/xyz/porphyrins/LOPCAW_0.xyz,valid,VALID
2637,/home/shachar/repos/PorCrystalStructures/data/raw_xyz/xyz/porphyrins/LOPCEA_0.xyz,charge,TOO_LARGE_COUNTER_MOL
2638,/home/shachar/repos/PorCrystalStructures/data/raw_xyz/xyz/porphyrins/LOPCEA_1.xyz,metal,NO_METAL
2639,/home/shachar/repos/PorCrystalStructures/data/raw_xyz/xyz/porphyrins/LOPFIH_0.xyz,topolocial,NOT_CONNECTED_MOLECULE
2640,/home/shachar/repos/PorCrystalStructures/data/raw_xyz/xyz/porphyrins/LOPFIH_1.xyz,metal,NO_METAL
2641,/home/shachar/repos/PorCrystalStructures/data/raw_xyz/xyz/porphyrins/LOPFIH_2.xyz,metal,NO_METAL
2642,/home/shachar/repos/PorCrystalStructures/data/raw_xyz/xyz/porphyrins/LOSGAB_0.xyz,valid,VALID
2643,/home/shachar/repos/PorCrystalStructures/data/raw_xyz/xyz/porphyrins/LOSGAB_1.xyz,metal,NO_METAL
2644,/home/shachar/repos/PorCrystalStructures/data/raw_xyz/xyz/porphyrins/LOSGAB_2.xyz,metal,NO_METAL
2645,/home/shachar/repos/PorCrystalStructures/data/raw_xyz/xyz/porphyrins/LUBNAX_0.xyz,charge,COUNTER_MOL_ODD_NUMBER_OF_ELECTRONS
2646,/home/shachar/repos/PorCrystalStructures/data/raw_xyz/xyz/porphyrins/LUBNAX_1.xyz,metal,NO_METAL
2647,/home/shachar/repos/PorCrystalStructures/data/raw_xyz/xyz/porphyrins/LUCCEU_0.xyz,metal,NO_METAL
2648,/home/shachar/repos/PorCrystalStructures/data/raw_xyz/xyz/porphyrins/LUCCEU_1.xyz,charge,TOO_LARGE_COUNTER_MOL
2649,/home/shachar/repos/PorCrystalStructures/data/raw_xyz/xyz/porphyrins/LUCCEU_2.xyz,metal,NO_METAL
2650,/home/shachar/repos/PorCrystalStructures/data/raw_xyz/xyz/porphyrins/LUCCEU_3.xyz,metal,NO_METAL
2651,/home/shachar/repos/PorCrystalStructures/data/raw_xyz/xyz/porphyrins/LUCCIY_0.xyz,metal,NO_METAL
2652,/home/shachar/repos/PorCrystalStructures/data/raw_xyz/xyz/porphyrins/LUCCIY_1.xyz,metal,NO_METAL
2653,/home/shachar/repos/PorCrystalStructures/data/raw_xyz/xyz/porphyrins/LUCCIY_2.xyz,metal,NO_METAL
2654,/home/shachar/repos/PorCrystalStructures/data/raw_xyz/xyz/porphyrins/LUDWOY_0.xyz,topolocial,NOT_CONNECTED_MOLECULE
2655,/home/shachar/repos/PorCrystalStructures/data/raw_xyz/xyz/porphyrins/LUDWOY_1.xyz,metal,NO_METAL
2656,/home/shachar/repos/PorCrystalStructures/data/raw_xyz/xyz/porphyrins/LUHFUS_0.xyz,metal,NO_METAL
2657,/home/shachar/repos/PorCrystalStructures/data/raw_xyz/xyz/porphyrins/LUHFUS_1.xyz,metal,NO_METAL
2658,/home/shachar/repos/PorCrystalStructures/data/raw_xyz/xyz/porphyrins/LUHGEB_0.xyz,topolocial,NOT_A_MONOMER
2659,/home/shachar/repos/PorCrystalStructures/data/raw_xyz/xyz/porphyrins/LUJJUX_0.xyz,topolocial,NOT_SATURATED
2660,/home/shachar/repos/PorCrystalStructures/data/raw_xyz/xyz/porphyrins/LUJJUX_1.xyz,metal,NO_METAL
2661,/home/shachar/repos/PorCrystalStructures/data/raw_xyz/xyz/porphyrins/LUJKAE_0.xyz,topolocial,NOT_CONNECTED_MOLECULE
2662,/home/shachar/repos/PorCrystalStructures/data/raw_xyz/xyz/porphyrins/LUJKAE_1.xyz,metal,NO_METAL
2663,/home/shachar/repos/PorCrystalStructures/data/raw_xyz/xyz/porphyrins/LUJKAE_2.xyz,metal,NO_METAL
2664,/home/shachar/repos/PorCrystalStructures/data/raw_xyz/xyz/porphyrins/LUJKEI_0.xyz,topolocial,BIDENTATE_MACROCYCLE_SUBS
2665,/home/shachar/repos/PorCrystalStructures/data/raw_xyz/xyz/porphyrins/LULFAC_0.xyz,topolocial,PYRROLE_NOT_BOUND_TO_METAL
2666,/home/shachar/repos/PorCrystalStructures/data/raw_xyz/xyz/porphyrins/LULFAC_1.xyz,metal,NO_METAL
2667,/home/shachar/repos/PorCrystalStructures/data/raw_xyz/xyz/porphyrins/LUMDON_0.xyz,topolocial,NOT_A_MONOMER
2668,/home/shachar/repos/PorCrystalStructures/data/raw_xyz/xyz/porphyrins/LUMDUT_0.xyz,topolocial,NOT_CONNECTED_MOLECULE
2669,/home/shachar/repos/PorCrystalStructures/data/raw_xyz/xyz/porphyrins/LUMFOP_0.xyz,metal,NO_METAL
2670,/home/shachar/repos/PorCrystalStructures/data/raw_xyz/xyz/porphyrins/LUMFOP_1.xyz,metal,NO_METAL
2671,/home/shachar/repos/PorCrystalStructures/data/raw_xyz/xyz/porphyrins/LUMRES_0.xyz,topolocial,NOT_CONNECTED_MOLECULE
2672,/home/shachar/repos/PorCrystalStructures/data/raw_xyz/xyz/porphyrins/LUMRES_1.xyz,metal,NO_METAL
2673,/home/shachar/repos/PorCrystalStructures/data/raw_xyz/xyz/porphyrins/LUPSUM_0.xyz,charge,MOL_ODD_NUMBER_OF_ELECTRONS
2674,/home/shachar/repos/PorCrystalStructures/data/raw_xyz/xyz/porphyrins/LUPVOI_0.xyz,topolocial,PYRROLE_NOT_BOUND_TO_METAL
2675,/home/shachar/repos/PorCrystalStructures/data/raw_xyz/xyz/porphyrins/LUPWAV_0.xyz,topolocial,NOT_CONNECTED_MOLECULE
2676,/home/shachar/repos/PorCrystalStructures/data/raw_xyz/xyz/porphyrins/LUPWAV_1.xyz,metal,NO_METAL
2677,/home/shachar/repos/PorCrystalStructures/data/raw_xyz/xyz/porphyrins/LUPWEZ_0.xyz,topolocial,NOT_CONNECTED_MOLECULE
2678,/home/shachar/repos/PorCrystalStructures/data/raw_xyz/xyz/porphyrins/LUPWEZ_1.xyz,metal,NO_METAL
2679,/home/shachar/repos/PorCrystalStructures/data/raw_xyz/xyz/porphyrins/LURKAL_0.xyz,topolocial,NOT_CONNECTED_MOLECULE
2680,/home/shachar/repos/PorCrystalStructures/data/raw_xyz/xyz/porphyrins/LURKAL_1.xyz,metal,NO_METAL
2681,/home/shachar/repos/PorCrystalStructures/data/raw_xyz/xyz/porphyrins/LUTQAV_0.xyz,charge,MOL_ODD_NUMBER_OF_ELECTRONS
2682,/home/shachar/repos/PorCrystalStructures/data/raw_xyz/xyz/porphyrins/LUTQAV_1.xyz,metal,NO_METAL
2683,/home/shachar/repos/PorCrystalStructures/data/raw_xyz/xyz/porphyrins/LUTQAV_2.xyz,metal,NO_METAL
2684,/home/shachar/repos/PorCrystalStructures/data/raw_xyz/xyz/porphyrins/LUTQID_0.xyz,topolocial,NOT_CONNECTED_MOLECULE
2685,/home/shachar/repos/PorCrystalStructures/data/raw_xyz/xyz/porphyrins/LUTQID_1.xyz,metal,NO_METAL
2686,/home/shachar/repos/PorCrystalStructures/data/raw_xyz/xyz/porphyrins/LUTQID_2.xyz,metal,NO_METAL
2687,/home/shachar/repos/PorCrystalStructures/data/raw_xyz/xyz/porphyrins/LUTQOJ_0.xyz,metal,NO_METAL
2688,/home/shachar/repos/PorCrystalStructures/data/raw_xyz/xyz/porphyrins/LUTQOJ_1.xyz,topolocial,NOT_CONNECTED_MOLECULE
2689,/home/shachar/repos/PorCrystalStructures/data/raw_xyz/xyz/porphyrins/LUTQOJ_2.xyz,metal,NO_METAL
2690,/home/shachar/repos/PorCrystalStructures/data/raw_xyz/xyz/porphyrins/LUTSAX_0.xyz,charge,MOL_ODD_NUMBER_OF_ELECTRONS
2691,/home/shachar/repos/PorCrystalStructures/data/raw_xyz/xyz/porphyrins/LUTSAX_1.xyz,metal,NO_METAL
2692,/home/shachar/repos/PorCrystalStructures/data/raw_xyz/xyz/porphyrins/LUTSAX_2.xyz,metal,NO_METAL
2693,/home/shachar/repos/PorCrystalStructures/data/raw_xyz/xyz/porphyrins/LUTSEB_0.xyz,charge,MOL_ODD_NUMBER_OF_ELECTRONS
2694,/home/shachar/repos/PorCrystalStructures/data/raw_xyz/xyz/porphyrins/LUTSEB_1.xyz,metal,NO_METAL
2695,/home/shachar/repos/PorCrystalStructures/data/raw_xyz/xyz/porphyrins/LUTSEB_2.xyz,metal,NO_METAL
2696,/home/shachar/repos/PorCrystalStructures/data/raw_xyz/xyz/porphyrins/LUTYII_0.xyz,topolocial,NOT_CONNECTED_MOLECULE
2697,/home/shachar/repos/PorCrystalStructures/data/raw_xyz/xyz/porphyrins/LUTYII_1.xyz,metal,NO_METAL
2698,/home/shachar/repos/PorCrystalStructures/data/raw_xyz/xyz/porphyrins/LUWHUG_0.xyz,topolocial,NOT_SATURATED
2699,/home/shachar/repos/PorCrystalStructures/data/raw_xyz/xyz/porphyrins/LUWHUG_1.xyz,metal,NO_METAL
2700,/home/shachar/repos/PorCrystalStructures/data/raw_xyz/xyz/porphyrins/LUWHUG_2.xyz,metal,NO_METAL
2701,/home/shachar/repos/PorCrystalStructures/data/raw_xyz/xyz/porphyrins/LUWJAO_0.xyz,topolocial,NOT_SATURATED
2702,/home/shachar/repos/PorCrystalStructures/data/raw_xyz/xyz/porphyrins/LUZXIN_0.xyz,metal,NO_METAL
2703,/home/shachar/repos/PorCrystalStructures/data/raw_xyz/xyz/porphyrins/LUZXIN_1.xyz,metal,NO_METAL
2704,/home/shachar/repos/PorCrystalStructures/data/raw_xyz/xyz/porphyrins/LUZXOT_0.xyz,topolocial,NOT_CONNECTED_MOLECULE
2705,/home/shachar/repos/PorCrystalStructures/data/raw_xyz/xyz/porphyrins/LUZYAG_0.xyz,topolocial,DOESNT_HAVE_METAL
2706,/home/shachar/repos/PorCrystalStructures/data/raw_xyz/xyz/porphyrins/LUZYEK_0.xyz,valid,VALID
2707,/home/shachar/repos/PorCrystalStructures/data/raw_xyz/xyz/porphyrins/LUZYEK_1.xyz,metal,NO_METAL
2708,/home/shachar/repos/PorCrystalStructures/data/raw_xyz/xyz/porphyrins/LUZYIO_0.xyz,metal,NO_METAL
2709,/home/shachar/repos/PorCrystalStructures/data/raw_xyz/xyz/porphyrins/MADYID_0.xyz,topolocial,NOT_CONNECTED_MOLECULE
2710,/home/shachar/repos/PorCrystalStructures/data/raw_xyz/xyz/porphyrins/MADYID_1.xyz,metal,NO_METAL
2711,/home/shachar/repos/PorCrystalStructures/data/raw_xyz/xyz/porphyrins/MADYID_2.xyz,metal,NO_METAL
2712,/home/shachar/repos/PorCrystalStructures/data/raw_xyz/xyz/porphyrins/MADYID_3.xyz,metal,NO_METAL
2713,/home/shachar/repos/PorCrystalStructures/data/raw_xyz/xyz/porphyrins/MAFWOI_0.xyz,topolocial,NOT_CONNECTED_MOLECULE
2714,/home/shachar/repos/PorCrystalStructures/data/raw_xyz/xyz/porphyrins/MAFWOI_1.xyz,topolocial,NOT_CONNECTED_MOLECULE
2715,/home/shachar/repos/PorCrystalStructures/data/raw_xyz/xyz/porphyrins/MAFWOI_2.xyz,metal,NO_METAL
2716,/home/shachar/repos/PorCrystalStructures/data/raw_xyz/xyz/porphyrins/MAFWOI_3.xyz,metal,NO_METAL
2717,/home/shachar/repos/PorCrystalStructures/data/raw_xyz/xyz/porphyrins/MAFWOI_4.xyz,metal,NO_METAL
2718,/home/shachar/repos/PorCrystalStructures/data/raw_xyz/xyz/porphyrins/MAFWOI_5.xyz,metal,NO_METAL
2719,/home/shachar/repos/PorCrystalStructures/data/raw_xyz/xyz/porphyrins/MAHXAU_0.xyz,metal,NO_METAL
2720,/home/shachar/repos/PorCrystalStructures/data/raw_xyz/xyz/porphyrins/MAJMIV_0.xyz,metal,NO_METAL
2721,/home/shachar/repos/PorCrystalStructures/data/raw_xyz/xyz/porphyrins/MAJMIV_1.xyz,metal,NO_METAL
2722,/home/shachar/repos/PorCrystalStructures/data/raw_xyz/xyz/porphyrins/MAJMOB_0.xyz,metal,NO_METAL
2723,/home/shachar/repos/PorCrystalStructures/data/raw_xyz/xyz/porphyrins/MAJMOB_1.xyz,metal,NO_METAL
2724,/home/shachar/repos/PorCrystalStructures/data/raw_xyz/xyz/porphyrins/MAJMOD_0.xyz,valid,VALID
2725,/home/shachar/repos/PorCrystalStructures/data/raw_xyz/xyz/porphyrins/MAJVAW_0.xyz,topolocial,NOT_CONNECTED_MOLECULE
2726,/home/shachar/repos/PorCrystalStructures/data/raw_xyz/xyz/porphyrins/MAJVAW_1.xyz,metal,NO_METAL
2727,/home/shachar/repos/PorCrystalStructures/data/raw_xyz/xyz/porphyrins/MAJVEA_0.xyz,valid,VALID
2728,/home/shachar/repos/PorCrystalStructures/data/raw_xyz/xyz/porphyrins/MAKBOQ_0.xyz,topolocial,NOT_SATURATED
2729,/home/shachar/repos/PorCrystalStructures/data/raw_xyz/xyz/porphyrins/MAKBOQ_1.xyz,metal,NO_METAL
2730,/home/shachar/repos/PorCrystalStructures/data/raw_xyz/xyz/porphyrins/MAKBOQ_2.xyz,metal,NO_METAL
2731,/home/shachar/repos/PorCrystalStructures/data/raw_xyz/xyz/porphyrins/MAKBOQ_3.xyz,topolocial,NOT_A_MONOMER
2732,/home/shachar/repos/PorCrystalStructures/data/raw_xyz/xyz/porphyrins/MAMLUH_0.xyz,topolocial,NOT_CONNECTED_MOLECULE
2733,/home/shachar/repos/PorCrystalStructures/data/raw_xyz/xyz/porphyrins/MAMLUH_1.xyz,metal,NO_METAL
2734,/home/shachar/repos/PorCrystalStructures/data/raw_xyz/xyz/porphyrins/MAPSEC_0.xyz,topolocial,BIDENTATE_MACROCYCLE_SUBS
2735,/home/shachar/repos/PorCrystalStructures/data/raw_xyz/xyz/porphyrins/MAPSEC_1.xyz,metal,NO_METAL
2736,/home/shachar/repos/PorCrystalStructures/data/raw_xyz/xyz/porphyrins/MARGEU_0.xyz,charge,COUNTER_MOL_ODD_NUMBER_OF_ELECTRONS
2737,/home/shachar/repos/PorCrystalStructures/data/raw_xyz/xyz/porphyrins/MARGEU_1.xyz,metal,NO_METAL
2738,/home/shachar/repos/PorCrystalStructures/data/raw_xyz/xyz/porphyrins/MARGEU_2.xyz,metal,NO_METAL
2739,/home/shachar/repos/PorCrystalStructures/data/raw_xyz/xyz/porphyrins/MARGIY_0.xyz,topolocial,NOT_CONNECTED_MOLECULE
2740,/home/shachar/repos/PorCrystalStructures/data/raw_xyz/xyz/porphyrins/MARPUR_0.xyz,metal,NO_METAL
2741,/home/shachar/repos/PorCrystalStructures/data/raw_xyz/xyz/porphyrins/MATHUN_0.xyz,charge,TOO_LARGE_COUNTER_MOL
2742,/home/shachar/repos/PorCrystalStructures/data/raw_xyz/xyz/porphyrins/MATHUN_1.xyz,metal,NO_METAL
2743,/home/shachar/repos/PorCrystalStructures/data/raw_xyz/xyz/porphyrins/MATHUN_2.xyz,metal,NO_METAL
2744,/home/shachar/repos/PorCrystalStructures/data/raw_xyz/xyz/porphyrins/MATHUN_3.xyz,metal,NO_METAL
2745,/home/shachar/repos/PorCrystalStructures/data/raw_xyz/xyz/porphyrins/MATHUN_4.xyz,metal,NO_METAL
2746,/home/shachar/repos/PorCrystalStructures/data/raw_xyz/xyz/porphyrins/MATHUN_5.xyz,metal,NO_METAL
2747,/home/shachar/repos/PorCrystalStructures/data/raw_xyz/xyz/porphyrins/MAVQIL_0.xyz,topolocial,HAS_MORE_THAN_4_PYRROLES
2748,/home/shachar/repos/PorCrystalStructures/data/raw_xyz/xyz/porphyrins/MAVQIL_1.xyz,metal,NO_METAL
2749,/home/shachar/repos/PorCrystalStructures/data/raw_xyz/xyz/porphyrins/MAVQIL_2.xyz,metal,NO_METAL
2750,/home/shachar/repos/PorCrystalStructures/data/raw_xyz/xyz/porphyrins/MAVQIL_3.xyz,metal,NO_METAL
2751,/home/shachar/repos/PorCrystalStructures/data/raw_xyz/xyz/porphyrins/MAVQIL_4.xyz,metal,NO_METAL
2752,/home/shachar/repos/PorCrystalStructures/data/raw_xyz/xyz/porphyrins/MAVQIL_5.xyz,metal,NO_METAL
2753,/home/shachar/repos/PorCrystalStructures/data/raw_xyz/xyz/porphyrins/MAVQOR_0.xyz,topolocial,HAS_MORE_THAN_4_PYRROLES
2754,/home/shachar/repos/PorCrystalStructures/data/raw_xyz/xyz/porphyrins/MAVQOR_1.xyz,metal,NO_METAL
2755,/home/shachar/repos/PorCrystalStructures/data/raw_xyz/xyz/porphyrins/MAVZIS_0.xyz,metal,NO_METAL
2756,/home/shachar/repos/PorCrystalStructures/data/raw_xyz/xyz/porphyrins/MAVZIS_1.xyz,metal,NO_METAL
2757,/home/shachar/repos/PorCrystalStructures/data/raw_xyz/xyz/porphyrins/MAVZIS_2.xyz,metal,NO_METAL
2758,/home/shachar/repos/PorCrystalStructures/data/raw_xyz/xyz/porphyrins/MAVZOY_0.xyz,metal,NO_METAL
2759,/home/shachar/repos/PorCrystalStructures/data/raw_xyz/xyz/porphyrins/MAVZOY_1.xyz,metal,NO_METAL
2760,/home/shachar/repos/PorCrystalStructures/data/raw_xyz/xyz/porphyrins/MAVZOY_2.xyz,metal,NO_METAL
2761,/home/shachar/repos/PorCrystalStructures/data/raw_xyz/xyz/porphyrins/MAVZUE_0.xyz,metal,NO_METAL
2762,/home/shachar/repos/PorCrystalStructures/data/raw_xyz/xyz/porphyrins/MAVZUE_1.xyz,metal,NO_METAL
2763,/home/shachar/repos/PorCrystalStructures/data/raw_xyz/xyz/porphyrins/MAVZUE_2.xyz,metal,NO_METAL
2764,/home/shachar/repos/PorCrystalStructures/data/raw_xyz/xyz/porphyrins/MAXGIE_0.xyz,valid,VALID
2765,/home/shachar/repos/PorCrystalStructures/data/raw_xyz/xyz/porphyrins/MAXTOY_0.xyz,metal,NO_METAL
2766,/home/shachar/repos/PorCrystalStructures/data/raw_xyz/xyz/porphyrins/MAXTUE_0.xyz,valid,VALID
2767,/home/shachar/repos/PorCrystalStructures/data/raw_xyz/xyz/porphyrins/MAXVEQ_0.xyz,metal,NO_METAL
2768,/home/shachar/repos/PorCrystalStructures/data/raw_xyz/xyz/porphyrins/MAXVIU_0.xyz,metal,NO_METAL
2769,/home/shachar/repos/PorCrystalStructures/data/raw_xyz/xyz/porphyrins/MAXVUG_0.xyz,valid,VALID
2770,/home/shachar/repos/PorCrystalStructures/data/raw_xyz/xyz/porphyrins/MAXWER_0.xyz,topolocial,NOT_CONNECTED_MOLECULE
2771,/home/shachar/repos/PorCrystalStructures/data/raw_xyz/xyz/porphyrins/MAXWIV_0.xyz,metal,NO_METAL
2772,/home/shachar/repos/PorCrystalStructures/data/raw_xyz/xyz/porphyrins/MAXWUH_0.xyz,topolocial,NOT_CONNECTED_MOLECULE
2773,/home/shachar/repos/PorCrystalStructures/data/raw_xyz/xyz/porphyrins/MAXXAO_0.xyz,topolocial,DOESNT_HAVE_METAL
2774,/home/shachar/repos/PorCrystalStructures/data/raw_xyz/xyz/porphyrins/MAYDAR_0.xyz,topolocial,NOT_SATURATED
2775,/home/shachar/repos/PorCrystalStructures/data/raw_xyz/xyz/porphyrins/MAYDAR_1.xyz,topolocial,NOT_A_MONOMER
2776,/home/shachar/repos/PorCrystalStructures/data/raw_xyz/xyz/porphyrins/MAYDAR_2.xyz,metal,NO_METAL
2777,/home/shachar/repos/PorCrystalStructures/data/raw_xyz/xyz/porphyrins/MAYDAR_3.xyz,topolocial,NOT_A_MONOMER
2778,/home/shachar/repos/PorCrystalStructures/data/raw_xyz/xyz/porphyrins/MAZBAU_0.xyz,metal,NO_METAL
2779,/home/shachar/repos/PorCrystalStructures/data/raw_xyz/xyz/porphyrins/MAZBAU_1.xyz,metal,NO_METAL
2780,/home/shachar/repos/PorCrystalStructures/data/raw_xyz/xyz/porphyrins/MAZBAU_2.xyz,metal,NO_METAL
2781,/home/shachar/repos/PorCrystalStructures/data/raw_xyz/xyz/porphyrins/MAZBEY_0.xyz,metal,NO_METAL
2782,/home/shachar/repos/PorCrystalStructures/data/raw_xyz/xyz/porphyrins/MAZBEY_1.xyz,metal,NO_METAL
2783,/home/shachar/repos/PorCrystalStructures/data/raw_xyz/xyz/porphyrins/MEDGOV_0.xyz,topolocial,NOT_A_MONOMER
2784,/home/shachar/repos/PorCrystalStructures/data/raw_xyz/xyz/porphyrins/MEFKEP_0.xyz,topolocial,NOT_CONNECTED_MOLECULE
2785,/home/shachar/repos/PorCrystalStructures/data/raw_xyz/xyz/porphyrins/MEFKEP_1.xyz,metal,NO_METAL
2786,/home/shachar/repos/PorCrystalStructures/data/raw_xyz/xyz/porphyrins/MEFWAX_0.xyz,topolocial,NOT_CONNECTED_MOLECULE
2787,/home/shachar/repos/PorCrystalStructures/data/raw_xyz/xyz/porphyrins/MEFWAX_1.xyz,metal,NO_METAL
2788,/home/shachar/repos/PorCrystalStructures/data/raw_xyz/xyz/porphyrins/MEHHAK_0.xyz,topolocial,NOT_CONNECTED_MOLECULE
2789,/home/shachar/repos/PorCrystalStructures/data/raw_xyz/xyz/porphyrins/MEKTOL_0.xyz,valid,VALID
2790,/home/shachar/repos/PorCrystalStructures/data/raw_xyz/xyz/porphyrins/MEKTOL_1.xyz,metal,NO_METAL
2791,/home/shachar/repos/PorCrystalStructures/data/raw_xyz/xyz/porphyrins/MELBOU_0.xyz,topolocial,NOT_A_MONOMER
2792,/home/shachar/repos/PorCrystalStructures/data/raw_xyz/xyz/porphyrins/MELBOU_1.xyz,metal,NO_METAL
2793,/home/shachar/repos/PorCrystalStructures/data/raw_xyz/xyz/porphyrins/MELBUA_0.xyz,topolocial,NOT_A_MONOMER
2794,/home/shachar/repos/PorCrystalStructures/data/raw_xyz/xyz/porphyrins/MEPKOI_0.xyz,topolocial,NOT_A_MONOMER
2795,/home/shachar/repos/PorCrystalStructures/data/raw_xyz/xyz/porphyrins/MEPKOI_1.xyz,metal,NO_METAL
2796,/home/shachar/repos/PorCrystalStructures/data/raw_xyz/xyz/porphyrins/MERPOP_0.xyz,valid,VALID
2797,/home/shachar/repos/PorCrystalStructures/data/raw_xyz/xyz/porphyrins/MESPME01_0.xyz,metal,NO_METAL
2798,/home/shachar/repos/PorCrystalStructures/data/raw_xyz/xyz/porphyrins/MESPME_0.xyz,metal,NO_METAL
2799,/home/shachar/repos/PorCrystalStructures/data/raw_xyz/xyz/porphyrins/MEVLEE_0.xyz,topolocial,NOT_CONNECTED_MOLECULE
2800,/home/shachar/repos/PorCrystalStructures/data/raw_xyz/xyz/porphyrins/MEVLEE_1.xyz,metal,NO_METAL
2801,/home/shachar/repos/PorCrystalStructures/data/raw_xyz/xyz/porphyrins/MEWDAX_0.xyz,valid,VALID
2802,/home/shachar/repos/PorCrystalStructures/data/raw_xyz/xyz/porphyrins/MEWMIK_0.xyz,topolocial,NOT_A_MONOMER
2803,/home/shachar/repos/PorCrystalStructures/data/raw_xyz/xyz/porphyrins/MEWMIK_1.xyz,metal,NO_METAL
2804,/home/shachar/repos/PorCrystalStructures/data/raw_xyz/xyz/porphyrins/MEWMIK_2.xyz,metal,NO_METAL
2805,/home/shachar/repos/PorCrystalStructures/data/raw_xyz/xyz/porphyrins/MEWMIK_3.xyz,metal,NO_METAL
2806,/home/shachar/repos/PorCrystalStructures/data/raw_xyz/xyz/porphyrins/MEWMUW_0.xyz,topolocial,NOT_A_MONOMER
2807,/home/shachar/repos/PorCrystalStructures/data/raw_xyz/xyz/porphyrins/MEWMUW_1.xyz,metal,NO_METAL
2808,/home/shachar/repos/PorCrystalStructures/data/raw_xyz/xyz/porphyrins/MEWMUW_2.xyz,metal,NO_METAL
2809,/home/shachar/repos/PorCrystalStructures/data/raw_xyz/xyz/porphyrins/MEYQUF_0.xyz,metal,NO_METAL
2810,/home/shachar/repos/PorCrystalStructures/data/raw_xyz/xyz/porphyrins/MEZFIJ_0.xyz,metal,NO_METAL
2811,/home/shachar/repos/PorCrystalStructures/data/raw_xyz/xyz/porphyrins/MEZFOP_0.xyz,topolocial,BIDENTATE_MACROCYCLE_SUBS
2812,/home/shachar/repos/PorCrystalStructures/data/raw_xyz/xyz/porphyrins/MEZFOP_1.xyz,metal,NO_METAL
2813,/home/shachar/repos/PorCrystalStructures/data/raw_xyz/xyz/porphyrins/MEZFOP_2.xyz,metal,NO_METAL
2814,/home/shachar/repos/PorCrystalStructures/data/raw_xyz/xyz/porphyrins/MEZFOP_3.xyz,metal,NO_METAL
2815,/home/shachar/repos/PorCrystalStructures/data/raw_xyz/xyz/porphyrins/MEZFUV_0.xyz,topolocial,BIDENTATE_MACROCYCLE_SUBS
2816,/home/shachar/repos/PorCrystalStructures/data/raw_xyz/xyz/porphyrins/MEZFUV_1.xyz,metal,NO_METAL
2817,/home/shachar/repos/PorCrystalStructures/data/raw_xyz/xyz/porphyrins/MEZGAC_0.xyz,topolocial,NOT_SATURATED
2818,/home/shachar/repos/PorCrystalStructures/data/raw_xyz/xyz/porphyrins/MIBJAK_0.xyz,topolocial,NOT_A_MONOMER
2819,/home/shachar/repos/PorCrystalStructures/data/raw_xyz/xyz/porphyrins/MIBJAK_1.xyz,topolocial,NOT_A_MONOMER
2820,/home/shachar/repos/PorCrystalStructures/data/raw_xyz/xyz/porphyrins/MIBJAK_2.xyz,metal,NO_METAL
2821,/home/shachar/repos/PorCrystalStructures/data/raw_xyz/xyz/porphyrins/MIBJAK_3.xyz,metal,NO_METAL
2822,/home/shachar/repos/PorCrystalStructures/data/raw_xyz/xyz/porphyrins/MIGGUH_0.xyz,topolocial,NOT_CONNECTED_MOLECULE
2823,/home/shachar/repos/PorCrystalStructures/data/raw_xyz/xyz/porphyrins/MIGGUH_1.xyz,metal,NO_METAL
2824,/home/shachar/repos/PorCrystalStructures/data/raw_xyz/xyz/porphyrins/MIGGUH_2.xyz,metal,NO_METAL
2825,/home/shachar/repos/PorCrystalStructures/data/raw_xyz/xyz/porphyrins/MIHLEU_0.xyz,topolocial,NOT_A_MONOMER
2826,/home/shachar/repos/PorCrystalStructures/data/raw_xyz/xyz/porphyrins/MIJLOI_0.xyz,charge,TOO_LARGE_COUNTER_MOL
2827,/home/shachar/repos/PorCrystalStructures/data/raw_xyz/xyz/porphyrins/MIJLOI_1.xyz,metal,NO_METAL
2828,/home/shachar/repos/PorCrystalStructures/data/raw_xyz/xyz/porphyrins/MIJNEY_0.xyz,topolocial,NOT_A_MONOMER
2829,/home/shachar/repos/PorCrystalStructures/data/raw_xyz/xyz/porphyrins/MIJNEY_1.xyz,metal,NO_METAL
2830,/home/shachar/repos/PorCrystalStructures/data/raw_xyz/xyz/porphyrins/MIKNEA_0.xyz,topolocial,NOT_CONNECTED_MOLECULE
2831,/home/shachar/repos/PorCrystalStructures/data/raw_xyz/xyz/porphyrins/MIKNEA_1.xyz,metal,NO_METAL
2832,/home/shachar/repos/PorCrystalStructures/data/raw_xyz/xyz/porphyrins/MIKNIE_0.xyz,topolocial,PYRROLE_NOT_BOUND_TO_METAL
2833,/home/shachar/repos/PorCrystalStructures/data/raw_xyz/xyz/porphyrins/MIKNIE_1.xyz,metal,NO_METAL
2834,/home/shachar/repos/PorCrystalStructures/data/raw_xyz/xyz/porphyrins/MILCER_0.xyz,topolocial,NOT_A_MONOMER
2835,/home/shachar/repos/PorCrystalStructures/data/raw_xyz/xyz/porphyrins/MILCIV_0.xyz,topolocial,NOT_A_MONOMER
2836,/home/shachar/repos/PorCrystalStructures/data/raw_xyz/xyz/porphyrins/MILCIV_1.xyz,metal,NO_METAL
2837,/home/shachar/repos/PorCrystalStructures/data/raw_xyz/xyz/porphyrins/MILCOB_0.xyz,topolocial,NOT_A_MONOMER
2838,/home/shachar/repos/PorCrystalStructures/data/raw_xyz/xyz/porphyrins/MIPROF_0.xyz,topolocial,NOT_SATURATED
2839,/home/shachar/repos/PorCrystalStructures/data/raw_xyz/xyz/porphyrins/MIPROF_1.xyz,metal,NO_METAL
2840,/home/shachar/repos/PorCrystalStructures/data/raw_xyz/xyz/porphyrins/MIPROF_2.xyz,metal,NO_METAL
2841,/home/shachar/repos/PorCrystalStructures/data/raw_xyz/xyz/porphyrins/MIPROF_3.xyz,metal,NO_METAL
2842,/home/shachar/repos/PorCrystalStructures/data/raw_xyz/xyz/porphyrins/MIPRUA_0.xyz,topolocial,NOT_CONNECTED_MOLECULE
2843,/home/shachar/repos/PorCrystalStructures/data/raw_xyz/xyz/porphyrins/MIPSAH_0.xyz,topolocial,NOT_CONNECTED_MOLECULE
2844,/home/shachar/repos/PorCrystalStructures/data/raw_xyz/xyz/porphyrins/MIQDUL_0.xyz,metal,NO_METAL
2845,/home/shachar/repos/PorCrystalStructures/data/raw_xyz/xyz/porphyrins/MIYZUP_0.xyz,topolocial,NOT_CONNECTED_MOLECULE
2846,/home/shachar/repos/PorCrystalStructures/data/raw_xyz/xyz/porphyrins/MIYZUP_1.xyz,metal,NO_METAL
2847,/home/shachar/repos/PorCrystalStructures/data/raw_xyz/xyz/porphyrins/MIYZUP_2.xyz,metal,NO_METAL
2848,/home/shachar/repos/PorCrystalStructures/data/raw_xyz/xyz/porphyrins/MOBVII_0.xyz,metal,NO_METAL
2849,/home/shachar/repos/PorCrystalStructures/data/raw_xyz/xyz/porphyrins/MOBWIK_0.xyz,metal,NO_METAL
2850,/home/shachar/repos/PorCrystalStructures/data/raw_xyz/xyz/porphyrins/MOBWIK_1.xyz,metal,NO_METAL
2851,/home/shachar/repos/PorCrystalStructures/data/raw_xyz/xyz/porphyrins/MOBWIK_2.xyz,metal,NO_METAL
2852,/home/shachar/repos/PorCrystalStructures/data/raw_xyz/xyz/porphyrins/MOBXEH_0.xyz,metal,NO_METAL
2853,/home/shachar/repos/PorCrystalStructures/data/raw_xyz/xyz/porphyrins/MOCSUS_0.xyz,valid,VALID
2854,/home/shachar/repos/PorCrystalStructures/data/raw_xyz/xyz/porphyrins/MOCSUS_1.xyz,metal,NO_METAL
2855,/home/shachar/repos/PorCrystalStructures/data/raw_xyz/xyz/porphyrins/MOJGAV_0.xyz,metal,NO_METAL
2856,/home/shachar/repos/PorCrystalStructures/data/raw_xyz/xyz/porphyrins/MOJGEZ_0.xyz,metal,NO_METAL
2857,/home/shachar/repos/PorCrystalStructures/data/raw_xyz/xyz/porphyrins/MOKHEB_0.xyz,topolocial,NOT_CONNECTED_MOLECULE
2858,/home/shachar/repos/PorCrystalStructures/data/raw_xyz/xyz/porphyrins/MOKHIF_0.xyz,valid,VALID
2859,/home/shachar/repos/PorCrystalStructures/data/raw_xyz/xyz/porphyrins/MOKHOL_0.xyz,topolocial,NOT_CONNECTED_MOLECULE
2860,/home/shachar/repos/PorCrystalStructures/data/raw_xyz/xyz/porphyrins/MOKHOL_1.xyz,charge,MOL_ODD_NUMBER_OF_ELECTRONS
2861,/home/shachar/repos/PorCrystalStructures/data/raw_xyz/xyz/porphyrins/MOKHOL_2.xyz,charge,COUNTER_MOL_ODD_NUMBER_OF_ELECTRONS
2862,/home/shachar/repos/PorCrystalStructures/data/raw_xyz/xyz/porphyrins/MOKHOL_3.xyz,metal,NO_METAL
2863,/home/shachar/repos/PorCrystalStructures/data/raw_xyz/xyz/porphyrins/MOKHOL_4.xyz,metal,NO_METAL
2864,/home/shachar/repos/PorCrystalStructures/data/raw_xyz/xyz/porphyrins/MOKHOL_5.xyz,metal,NO_METAL
2865,/home/shachar/repos/PorCrystalStructures/data/raw_xyz/xyz/porphyrins/MOKNEF_0.xyz,metal,NO_METAL
2866,/home/shachar/repos/PorCrystalStructures/data/raw_xyz/xyz/porphyrins/MOKNEF_1.xyz,metal,NO_METAL
2867,/home/shachar/repos/PorCrystalStructures/data/raw_xyz/xyz/porphyrins/MOKPUZ_0.xyz,charge,COUNTER_MOL_ODD_NUMBER_OF_ELECTRONS
2868,/home/shachar/repos/PorCrystalStructures/data/raw_xyz/xyz/porphyrins/MOKPUZ_1.xyz,metal,NO_METAL
2869,/home/shachar/repos/PorCrystalStructures/data/raw_xyz/xyz/porphyrins/MOKPUZ_2.xyz,metal,NO_METAL
2870,/home/shachar/repos/PorCrystalStructures/data/raw_xyz/xyz/porphyrins/MOKPUZ_3.xyz,metal,NO_METAL
2871,/home/shachar/repos/PorCrystalStructures/data/raw_xyz/xyz/porphyrins/MOLDUN_0.xyz,metal,NO_METAL
2872,/home/shachar/repos/PorCrystalStructures/data/raw_xyz/xyz/porphyrins/MOLDUN_1.xyz,metal,NO_METAL
2873,/home/shachar/repos/PorCrystalStructures/data/raw_xyz/xyz/porphyrins/MOLDUN_2.xyz,metal,NO_METAL
2874,/home/shachar/repos/PorCrystalStructures/data/raw_xyz/xyz/porphyrins/MOLFAV_0.xyz,metal,NO_METAL
2875,/home/shachar/repos/PorCrystalStructures/data/raw_xyz/xyz/porphyrins/MOLFAV_1.xyz,metal,NO_METAL
2876,/home/shachar/repos/PorCrystalStructures/data/raw_xyz/xyz/porphyrins/MOLFAV_2.xyz,metal,NO_METAL
2877,/home/shachar/repos/PorCrystalStructures/data/raw_xyz/xyz/porphyrins/MOLNUW_0.xyz,metal,NO_METAL
2878,/home/shachar/repos/PorCrystalStructures/data/raw_xyz/xyz/porphyrins/MOLNUW_1.xyz,metal,NO_METAL
2879,/home/shachar/repos/PorCrystalStructures/data/raw_xyz/xyz/porphyrins/MOLNUW_2.xyz,metal,NO_METAL
2880,/home/shachar/repos/PorCrystalStructures/data/raw_xyz/xyz/porphyrins/MOLPAE_0.xyz,metal,NO_METAL
2881,/home/shachar/repos/PorCrystalStructures/data/raw_xyz/xyz/porphyrins/MOLPAE_1.xyz,metal,NO_METAL
2882,/home/shachar/repos/PorCrystalStructures/data/raw_xyz/xyz/porphyrins/MOLPEI_0.xyz,metal,NO_METAL
2883,/home/shachar/repos/PorCrystalStructures/data/raw_xyz/xyz/porphyrins/MOLPEI_1.xyz,metal,NO_METAL
2884,/home/shachar/repos/PorCrystalStructures/data/raw_xyz/xyz/porphyrins/MOLPIM_0.xyz,metal,NO_METAL
2885,/home/shachar/repos/PorCrystalStructures/data/raw_xyz/xyz/porphyrins/MOLQAF_0.xyz,topolocial,NOT_A_MONOMER
2886,/home/shachar/repos/PorCrystalStructures/data/raw_xyz/xyz/porphyrins/MOLQAF_1.xyz,metal,NO_METAL
2887,/home/shachar/repos/PorCrystalStructures/data/raw_xyz/xyz/porphyrins/MOLQAF_2.xyz,metal,NO_METAL
2888,/home/shachar/repos/PorCrystalStructures/data/raw_xyz/xyz/porphyrins/MOMDEX_0.xyz,topolocial,NOT_A_MONOMER
2889,/home/shachar/repos/PorCrystalStructures/data/raw_xyz/xyz/porphyrins/MOMDEX_1.xyz,metal,NO_METAL
2890,/home/shachar/repos/PorCrystalStructures/data/raw_xyz/xyz/porphyrins/MOMTOY_0.xyz,metal,NO_METAL
2891,/home/shachar/repos/PorCrystalStructures/data/raw_xyz/xyz/porphyrins/MOMTOY_1.xyz,metal,NO_METAL
2892,/home/shachar/repos/PorCrystalStructures/data/raw_xyz/xyz/porphyrins/MORZIE_0.xyz,valid,VALID
2893,/home/shachar/repos/PorCrystalStructures/data/raw_xyz/xyz/porphyrins/MOSGAC_0.xyz,charge,MOL_ODD_NUMBER_OF_ELECTRONS
2894,/home/shachar/repos/PorCrystalStructures/data/raw_xyz/xyz/porphyrins/MOSGAC_1.xyz,metal,NO_METAL
2895,/home/shachar/repos/PorCrystalStructures/data/raw_xyz/xyz/porphyrins/MOSQEQ_0.xyz,metal,NO_METAL
2896,/home/shachar/repos/PorCrystalStructures/data/raw_xyz/xyz/porphyrins/MOSRAN_0.xyz,topolocial,NOT_CONNECTED_MOLECULE
2897,/home/shachar/repos/PorCrystalStructures/data/raw_xyz/xyz/porphyrins/MOSRAN_1.xyz,metal,NO_METAL
2898,/home/shachar/repos/PorCrystalStructures/data/raw_xyz/xyz/porphyrins/MOSRAN_2.xyz,metal,NO_METAL
2899,/home/shachar/repos/PorCrystalStructures/data/raw_xyz/xyz/porphyrins/MOTMUG_0.xyz,topolocial,NOT_CONNECTED_MOLECULE
2900,/home/shachar/repos/PorCrystalStructures/data/raw_xyz/xyz/porphyrins/MOTMUG_1.xyz,metal,NO_METAL
2901,/home/shachar/repos/PorCrystalStructures/data/raw_xyz/xyz/porphyrins/MOTNAN_0.xyz,topolocial,NOT_A_MONOMER
2902,/home/shachar/repos/PorCrystalStructures/data/raw_xyz/xyz/porphyrins/MOTNAN_1.xyz,metal,NO_METAL
2903,/home/shachar/repos/PorCrystalStructures/data/raw_xyz/xyz/porphyrins/MOTNAN_2.xyz,metal,NO_METAL
2904,/home/shachar/repos/PorCrystalStructures/data/raw_xyz/xyz/porphyrins/MOTNAN_3.xyz,topolocial,NOT_A_MONOMER
2905,/home/shachar/repos/PorCrystalStructures/data/raw_xyz/xyz/porphyrins/MOTNER_0.xyz,topolocial,NOT_A_MONOMER
2906,/home/shachar/repos/PorCrystalStructures/data/raw_xyz/xyz/porphyrins/MOTNER_1.xyz,metal,NO_METAL
2907,/home/shachar/repos/PorCrystalStructures/data/raw_xyz/xyz/porphyrins/MOTNER_2.xyz,metal,NO_METAL
2908,/home/shachar/repos/PorCrystalStructures/data/raw_xyz/xyz/porphyrins/MOTNIV_0.xyz,topolocial,NOT_A_MONOMER
2909,/home/shachar/repos/PorCrystalStructures/data/raw_xyz/xyz/porphyrins/MOVYIH_0.xyz,metal,NO_METAL
2910,/home/shachar/repos/PorCrystalStructures/data/raw_xyz/xyz/porphyrins/MOVYIH_1.xyz,metal,NO_METAL
2911,/home/shachar/repos/PorCrystalStructures/data/raw_xyz/xyz/porphyrins/MOVYIH_2.xyz,metal,NO_METAL
2912,/home/shachar/repos/PorCrystalStructures/data/raw_xyz/xyz/porphyrins/MOVYUT_0.xyz,metal,NO_METAL
2913,/home/shachar/repos/PorCrystalStructures/data/raw_xyz/xyz/porphyrins/MOVZOO_0.xyz,metal,NO_METAL
2914,/home/shachar/repos/PorCrystalStructures/data/raw_xyz/xyz/porphyrins/MOVZOO_1.xyz,metal,NO_METAL
2915,/home/shachar/repos/PorCrystalStructures/data/raw_xyz/xyz/porphyrins/MOVZOO_2.xyz,metal,NO_METAL
2916,/home/shachar/repos/PorCrystalStructures/data/raw_xyz/xyz/porphyrins/MOWNUK_0.xyz,valid,VALID
2917,/home/shachar/repos/PorCrystalStructures/data/raw_xyz/xyz/porphyrins/MOWPAS_0.xyz,charge,MOL_ODD_NUMBER_OF_ELECTRONS
2918,/home/shachar/repos/PorCrystalStructures/data/raw_xyz/xyz/porphyrins/MOWPAS_1.xyz,metal,NO_METAL
2919,/home/shachar/repos/PorCrystalStructures/data/raw_xyz/xyz/porphyrins/MOWPEW_0.xyz,valid,VALID
2920,/home/shachar/repos/PorCrystalStructures/data/raw_xyz/xyz/porphyrins/MOWPOG_0.xyz,valid,VALID
2921,/home/shachar/repos/PorCrystalStructures/data/raw_xyz/xyz/porphyrins/MOWPOG_1.xyz,metal,NO_METAL
2922,/home/shachar/repos/PorCrystalStructures/data/raw_xyz/xyz/porphyrins/MOWQIB_0.xyz,topolocial,NOT_CONNECTED_MOLECULE
2923,/home/shachar/repos/PorCrystalStructures/data/raw_xyz/xyz/porphyrins/MOWQIB_1.xyz,charge,TOO_LARGE_COUNTER_MOL
2924,/home/shachar/repos/PorCrystalStructures/data/raw_xyz/xyz/porphyrins/MUBYAM_0.xyz,topolocial,NOT_CONNECTED_MOLECULE
2925,/home/shachar/repos/PorCrystalStructures/data/raw_xyz/xyz/porphyrins/MUDROS_0.xyz,topolocial,NOT_A_MONOMER
2926,/home/shachar/repos/PorCrystalStructures/data/raw_xyz/xyz/porphyrins/MUGGOM_0.xyz,topolocial,NOT_SATURATED
2927,/home/shachar/repos/PorCrystalStructures/data/raw_xyz/xyz/porphyrins/MUGGOM_1.xyz,metal,NO_METAL
2928,/home/shachar/repos/PorCrystalStructures/data/raw_xyz/xyz/porphyrins/MUGLAE_0.xyz,topolocial,NOT_CONNECTED_MOLECULE
2929,/home/shachar/repos/PorCrystalStructures/data/raw_xyz/xyz/porphyrins/MUGLAE_1.xyz,metal,NO_METAL
2930,/home/shachar/repos/PorCrystalStructures/data/raw_xyz/xyz/porphyrins/MUGLAE_2.xyz,metal,NO_METAL
2931,/home/shachar/repos/PorCrystalStructures/data/raw_xyz/xyz/porphyrins/MUGLIM_0.xyz,valid,VALID
2932,/home/shachar/repos/PorCrystalStructures/data/raw_xyz/xyz/porphyrins/MUGNAF_0.xyz,topolocial,NOT_SATURATED
2933,/home/shachar/repos/PorCrystalStructures/data/raw_xyz/xyz/porphyrins/MUGNAF_1.xyz,metal,NO_METAL
2934,/home/shachar/repos/PorCrystalStructures/data/raw_xyz/xyz/porphyrins/MUGNEJ_0.xyz,topolocial,NOT_SATURATED
2935,/home/shachar/repos/PorCrystalStructures/data/raw_xyz/xyz/porphyrins/MUHDIF_0.xyz,metal,NO_METAL
2936,/home/shachar/repos/PorCrystalStructures/data/raw_xyz/xyz/porphyrins/MUHDIF_1.xyz,metal,NO_METAL
2937,/home/shachar/repos/PorCrystalStructures/data/raw_xyz/xyz/porphyrins/MUHDOL_0.xyz,metal,NO_METAL
2938,/home/shachar/repos/PorCrystalStructures/data/raw_xyz/xyz/porphyrins/MUHDOL_1.xyz,metal,NO_METAL
2939,/home/shachar/repos/PorCrystalStructures/data/raw_xyz/xyz/porphyrins/MUHJOP_0.xyz,topolocial,NOT_CONNECTED_MOLECULE
2940,/home/shachar/repos/PorCrystalStructures/data/raw_xyz/xyz/porphyrins/MUHKAC_0.xyz,valid,VALID
2941,/home/shachar/repos/PorCrystalStructures/data/raw_xyz/xyz/porphyrins/MUHKAC_1.xyz,metal,NO_METAL
2942,/home/shachar/repos/PorCrystalStructures/data/raw_xyz/xyz/porphyrins/MUHKAC_2.xyz,metal,NO_METAL
2943,/home/shachar/repos/PorCrystalStructures/data/raw_xyz/xyz/porphyrins/MUJDAZ_0.xyz,metal,NO_METAL
2944,/home/shachar/repos/PorCrystalStructures/data/raw_xyz/xyz/porphyrins/MUJDAZ_1.xyz,metal,NO_METAL
2945,/home/shachar/repos/PorCrystalStructures/data/raw_xyz/xyz/porphyrins/MUJDAZ_2.xyz,metal,NO_METAL
2946,/home/shachar/repos/PorCrystalStructures/data/raw_xyz/xyz/porphyrins/MUJRIS02_0.xyz,charge,COUNTER_MOL_ODD_NUMBER_OF_ELECTRONS
2947,/home/shachar/repos/PorCrystalStructures/data/raw_xyz/xyz/porphyrins/MUJRIS02_1.xyz,metal,NO_METAL
2948,/home/shachar/repos/PorCrystalStructures/data/raw_xyz/xyz/porphyrins/MUJRIS03_0.xyz,charge,COUNTER_MOL_ODD_NUMBER_OF_ELECTRONS
2949,/home/shachar/repos/PorCrystalStructures/data/raw_xyz/xyz/porphyrins/MUJRIS03_1.xyz,metal,NO_METAL
2950,/home/shachar/repos/PorCrystalStructures/data/raw_xyz/xyz/porphyrins/MUJRIS_0.xyz,charge,COUNTER_MOL_ODD_NUMBER_OF_ELECTRONS
2951,/home/shachar/repos/PorCrystalStructures/data/raw_xyz/xyz/porphyrins/MULNUD_0.xyz,metal,NO_METAL
2952,/home/shachar/repos/PorCrystalStructures/data/raw_xyz/xyz/porphyrins/MULVUK_0.xyz,charge,TOO_LARGE_COUNTER_MOL
2953,/home/shachar/repos/PorCrystalStructures/data/raw_xyz/xyz/porphyrins/MULVUK_1.xyz,metal,NO_METAL
2954,/home/shachar/repos/PorCrystalStructures/data/raw_xyz/xyz/porphyrins/MULVUK_2.xyz,metal,NO_METAL
2955,/home/shachar/repos/PorCrystalStructures/data/raw_xyz/xyz/porphyrins/MULVUK_3.xyz,metal,NO_METAL
2956,/home/shachar/repos/PorCrystalStructures/data/raw_xyz/xyz/porphyrins/MULVUK_4.xyz,metal,NO_METAL
2957,/home/shachar/repos/PorCrystalStructures/data/raw_xyz/xyz/porphyrins/MUMGAD_0.xyz,metal,NO_METAL
2958,/home/shachar/repos/PorCrystalStructures/data/raw_xyz/xyz/porphyrins/MUMGIL_0.xyz,topolocial,NOT_SATURATED
2959,/home/shachar/repos/PorCrystalStructures/data/raw_xyz/xyz/porphyrins/MUMGOR_0.xyz,topolocial,NOT_SATURATED
2960,/home/shachar/repos/PorCrystalStructures/data/raw_xyz/xyz/porphyrins/MUNGOS_0.xyz,topolocial,PYRROLE_NOT_BOUND_TO_METAL
2961,/home/shachar/repos/PorCrystalStructures/data/raw_xyz/xyz/porphyrins/MUNGOS_1.xyz,metal,NO_METAL
2962,/home/shachar/repos/PorCrystalStructures/data/raw_xyz/xyz/porphyrins/MUNJOU_0.xyz,charge,MOL_ODD_NUMBER_OF_ELECTRONS
2963,/home/shachar/repos/PorCrystalStructures/data/raw_xyz/xyz/porphyrins/MUNJOU_1.xyz,metal,NO_METAL
2964,/home/shachar/repos/PorCrystalStructures/data/raw_xyz/xyz/porphyrins/MUNJUA_0.xyz,valid,VALID
2965,/home/shachar/repos/PorCrystalStructures/data/raw_xyz/xyz/porphyrins/MUNJUA_1.xyz,metal,NO_METAL
2966,/home/shachar/repos/PorCrystalStructures/data/raw_xyz/xyz/porphyrins/MUNKAH_0.xyz,charge,COUNTER_MOL_ODD_NUMBER_OF_ELECTRONS
2967,/home/shachar/repos/PorCrystalStructures/data/raw_xyz/xyz/porphyrins/MUNKAH_1.xyz,charge,MOL_ODD_NUMBER_OF_ELECTRONS
2968,/home/shachar/repos/PorCrystalStructures/data/raw_xyz/xyz/porphyrins/MUNKAH_2.xyz,metal,NO_METAL
2969,/home/shachar/repos/PorCrystalStructures/data/raw_xyz/xyz/porphyrins/MUNKAH_3.xyz,metal,NO_METAL
2970,/home/shachar/repos/PorCrystalStructures/data/raw_xyz/xyz/porphyrins/MUNKEL_0.xyz,valid,VALID
2971,/home/shachar/repos/PorCrystalStructures/data/raw_xyz/xyz/porphyrins/MUNQUJ_0.xyz,charge,MOL_ODD_NUMBER_OF_ELECTRONS
2972,/home/shachar/repos/PorCrystalStructures/data/raw_xyz/xyz/porphyrins/MUQTOJ_0.xyz,metal,NO_METAL
2973,/home/shachar/repos/PorCrystalStructures/data/raw_xyz/xyz/porphyrins/MUQTOJ_1.xyz,metal,NO_METAL
2974,/home/shachar/repos/PorCrystalStructures/data/raw_xyz/xyz/porphyrins/MUQTOJ_2.xyz,metal,NO_METAL
2975,/home/shachar/repos/PorCrystalStructures/data/raw_xyz/xyz/porphyrins/MUQTUQ_0.xyz,valid,VALID
2976,/home/shachar/repos/PorCrystalStructures/data/raw_xyz/xyz/porphyrins/MUQTUQ_1.xyz,metal,NO_METAL
2977,/home/shachar/repos/PorCrystalStructures/data/raw_xyz/xyz/porphyrins/MUTMEV_0.xyz,metal,NO_METAL
2978,/home/shachar/repos/PorCrystalStructures/data/raw_xyz/xyz/porphyrins/MUYWIN_0.xyz,metal,NO_METAL
2979,/home/shachar/repos/PorCrystalStructures/data/raw_xyz/xyz/porphyrins/MUYWIN_1.xyz,metal,NO_METAL
2980,/home/shachar/repos/PorCrystalStructures/data/raw_xyz/xyz/porphyrins/MUZWOW_0.xyz,topolocial,NOT_CONNECTED_MOLECULE
2981,/home/shachar/repos/PorCrystalStructures/data/raw_xyz/xyz/porphyrins/MUZWOW_1.xyz,metal,NO_METAL
2982,/home/shachar/repos/PorCrystalStructures/data/raw_xyz/xyz/porphyrins/MUZWUC_0.xyz,topolocial,NOT_CONNECTED_MOLECULE
2983,/home/shachar/repos/PorCrystalStructures/data/raw_xyz/xyz/porphyrins/MUZWUC_1.xyz,metal,NO_METAL
2984,/home/shachar/repos/PorCrystalStructures/data/raw_xyz/xyz/porphyrins/MUZXAJ_0.xyz,topolocial,NOT_CONNECTED_MOLECULE
2985,/home/shachar/repos/PorCrystalStructures/data/raw_xyz/xyz/porphyrins/NACROZ_0.xyz,topolocial,NOT_CONNECTED_MOLECULE
2986,/home/shachar/repos/PorCrystalStructures/data/raw_xyz/xyz/porphyrins/NACROZ_1.xyz,metal,NO_METAL
2987,/home/shachar/repos/PorCrystalStructures/data/raw_xyz/xyz/porphyrins/NACROZ_2.xyz,metal,NO_METAL
2988,/home/shachar/repos/PorCrystalStructures/data/raw_xyz/xyz/porphyrins/NACTUG_0.xyz,topolocial,NOT_A_MONOMER
2989,/home/shachar/repos/PorCrystalStructures/data/raw_xyz/xyz/porphyrins/NACTUG_1.xyz,metal,NO_METAL
2990,/home/shachar/repos/PorCrystalStructures/data/raw_xyz/xyz/porphyrins/NACVAO_0.xyz,topolocial,NOT_CONNECTED_MOLECULE
2991,/home/shachar/repos/PorCrystalStructures/data/raw_xyz/xyz/porphyrins/NACVAO_1.xyz,metal,NO_METAL
2992,/home/shachar/repos/PorCrystalStructures/data/raw_xyz/xyz/porphyrins/NACVES_0.xyz,metal,NO_METAL
2993,/home/shachar/repos/PorCrystalStructures/data/raw_xyz/xyz/porphyrins/NACVES_1.xyz,metal,NO_METAL
2994,/home/shachar/repos/PorCrystalStructures/data/raw_xyz/xyz/porphyrins/NACXIA_0.xyz,valid,VALID
2995,/home/shachar/repos/PorCrystalStructures/data/raw_xyz/xyz/porphyrins/NADKOS_0.xyz,topolocial,BIDENTATE_MACROCYCLE_SUBS
2996,/home/shachar/repos/PorCrystalStructures/data/raw_xyz/xyz/porphyrins/NADKOS_1.xyz,metal,NO_METAL
2997,/home/shachar/repos/PorCrystalStructures/data/raw_xyz/xyz/porphyrins/NADKUY_0.xyz,metal,NO_METAL
2998,/home/shachar/repos/PorCrystalStructures/data/raw_xyz/xyz/porphyrins/NAFNEQ_0.xyz,topolocial,NOT_CONNECTED_MOLECULE
2999,/home/shachar/repos/PorCrystalStructures/data/raw_xyz/xyz/porphyrins/NAFNEQ_1.xyz,metal,NO_METAL
3000,/home/shachar/repos/PorCrystalStructures/data/raw_xyz/xyz/porphyrins/NAFNEQ_2.xyz,metal,NO_METAL
3001,/home/shachar/repos/PorCrystalStructures/data/raw_xyz/xyz/porphyrins/NAFNUG_0.xyz,valid,VALID
3002,/home/shachar/repos/PorCrystalStructures/data/raw_xyz/xyz/porphyrins/NAFQUJ_0.xyz,metal,NO_METAL
3003,/home/shachar/repos/PorCrystalStructures/data/raw_xyz/xyz/porphyrins/NAFQUJ_1.xyz,metal,NO_METAL
3004,/home/shachar/repos/PorCrystalStructures/data/raw_xyz/xyz/porphyrins/NAFQUJ_2.xyz,metal,NO_METAL
3005,/home/shachar/repos/PorCrystalStructures/data/raw_xyz/xyz/porphyrins/NAFVOF_0.xyz,metal,NO_METAL
3006,/home/shachar/repos/PorCrystalStructures/data/raw_xyz/xyz/porphyrins/NAFWOK_0.xyz,topolocial,BIDENTATE_MACROCYCLE_SUBS
3007,/home/shachar/repos/PorCrystalStructures/data/raw_xyz/xyz/porphyrins/NAGPER_0.xyz,topolocial,NOT_CONNECTED_MOLECULE
3008,/home/shachar/repos/PorCrystalStructures/data/raw_xyz/xyz/porphyrins/NAGPER_1.xyz,metal,NO_METAL
3009,/home/shachar/repos/PorCrystalStructures/data/raw_xyz/xyz/porphyrins/NAGPIV_0.xyz,topolocial,NOT_CONNECTED_MOLECULE
3010,/home/shachar/repos/PorCrystalStructures/data/raw_xyz/xyz/porphyrins/NAGPIV_1.xyz,metal,NO_METAL
3011,/home/shachar/repos/PorCrystalStructures/data/raw_xyz/xyz/porphyrins/NAGPIV_2.xyz,metal,NO_METAL
3012,/home/shachar/repos/PorCrystalStructures/data/raw_xyz/xyz/porphyrins/NAGPOB_0.xyz,topolocial,NOT_CONNECTED_MOLECULE
3013,/home/shachar/repos/PorCrystalStructures/data/raw_xyz/xyz/porphyrins/NAGPOB_1.xyz,metal,NO_METAL
3014,/home/shachar/repos/PorCrystalStructures/data/raw_xyz/xyz/porphyrins/NAGZEA_0.xyz,metal,NO_METAL
3015,/home/shachar/repos/PorCrystalStructures/data/raw_xyz/xyz/porphyrins/NAHBEF_0.xyz,topolocial,NOT_CONNECTED_MOLECULE
3016,/home/shachar/repos/PorCrystalStructures/data/raw_xyz/xyz/porphyrins/NAHBEF_1.xyz,metal,NO_METAL
3017,/home/shachar/repos/PorCrystalStructures/data/raw_xyz/xyz/porphyrins/NAJDIO_0.xyz,topolocial,NOT_CONNECTED_MOLECULE
3018,/home/shachar/repos/PorCrystalStructures/data/raw_xyz/xyz/porphyrins/NAJMIY_0.xyz,topolocial,NOT_A_MONOMER
3019,/home/shachar/repos/PorCrystalStructures/data/raw_xyz/xyz/porphyrins/NAJMIY_1.xyz,metal,NO_METAL
3020,/home/shachar/repos/PorCrystalStructures/data/raw_xyz/xyz/porphyrins/NAJPOH_0.xyz,topolocial,NOT_CONNECTED_MOLECULE
3021,/home/shachar/repos/PorCrystalStructures/data/raw_xyz/xyz/porphyrins/NAJPOH_1.xyz,metal,NO_METAL
3022,/home/shachar/repos/PorCrystalStructures/data/raw_xyz/xyz/porphyrins/NALFIR_0.xyz,topolocial,NOT_CONNECTED_MOLECULE
3023,/home/shachar/repos/PorCrystalStructures/data/raw_xyz/xyz/porphyrins/NALFOW_0.xyz,topolocial,NOT_CONNECTED_MOLECULE
3024,/home/shachar/repos/PorCrystalStructures/data/raw_xyz/xyz/porphyrins/NALFOW_1.xyz,metal,NO_METAL
3025,/home/shachar/repos/PorCrystalStructures/data/raw_xyz/xyz/porphyrins/NALZAD_0.xyz,charge,TOO_LARGE_COUNTER_MOL
3026,/home/shachar/repos/PorCrystalStructures/data/raw_xyz/xyz/porphyrins/NALZAD_1.xyz,metal,NO_METAL
3027,/home/shachar/repos/PorCrystalStructures/data/raw_xyz/xyz/porphyrins/NALZAD_2.xyz,metal,NO_METAL
3028,/home/shachar/repos/PorCrystalStructures/data/raw_xyz/xyz/porphyrins/NAMDEM_0.xyz,topolocial,NOT_A_MONOMER
3029,/home/shachar/repos/PorCrystalStructures/data/raw_xyz/xyz/porphyrins/NANZEK_0.xyz,valid,VALID
3030,/home/shachar/repos/PorCrystalStructures/data/raw_xyz/xyz/porphyrins/NANZIM_0.xyz,topolocial,NOT_CONNECTED_MOLECULE
3031,/home/shachar/repos/PorCrystalStructures/data/raw_xyz/xyz/porphyrins/NANZIM_1.xyz,topolocial,NOT_CONNECTED_MOLECULE
3032,/home/shachar/repos/PorCrystalStructures/data/raw_xyz/xyz/porphyrins/NANZIM_2.xyz,metal,NO_METAL
3033,/home/shachar/repos/PorCrystalStructures/data/raw_xyz/xyz/porphyrins/NANZIM_3.xyz,metal,NO_METAL
3034,/home/shachar/repos/PorCrystalStructures/data/raw_xyz/xyz/porphyrins/NANZIM_4.xyz,metal,NO_METAL
3035,/home/shachar/repos/PorCrystalStructures/data/raw_xyz/xyz/porphyrins/NANZIM_5.xyz,metal,NO_METAL
3036,/home/shachar/repos/PorCrystalStructures/data/raw_xyz/xyz/porphyrins/NANZIM_6.xyz,metal,NO_METAL
3037,/home/shachar/repos/PorCrystalStructures/data/raw_xyz/xyz/porphyrins/NANZIO_0.xyz,valid,VALID
3038,/home/shachar/repos/PorCrystalStructures/data/raw_xyz/xyz/porphyrins/NANZIO_1.xyz,metal,NO_METAL
3039,/home/shachar/repos/PorCrystalStructures/data/raw_xyz/xyz/porphyrins/NAPFIV_0.xyz,topolocial,NOT_CONNECTED_MOLECULE
3040,/home/shachar/repos/PorCrystalStructures/data/raw_xyz/xyz/porphyrins/NAPFIV_1.xyz,metal,NO_METAL
3041,/home/shachar/repos/PorCrystalStructures/data/raw_xyz/xyz/porphyrins/NAPFIV_2.xyz,metal,NO_METAL
3042,/home/shachar/repos/PorCrystalStructures/data/raw_xyz/xyz/porphyrins/NAPFIV_3.xyz,metal,NO_METAL
3043,/home/shachar/repos/PorCrystalStructures/data/raw_xyz/xyz/porphyrins/NAPFIV_4.xyz,metal,NO_METAL
3044,/home/shachar/repos/PorCrystalStructures/data/raw_xyz/xyz/porphyrins/NAPFIV_5.xyz,metal,NO_METAL
3045,/home/shachar/repos/PorCrystalStructures/data/raw_xyz/xyz/porphyrins/NAPFIV_6.xyz,metal,NO_METAL
3046,/home/shachar/repos/PorCrystalStructures/data/raw_xyz/xyz/porphyrins/NAPFIV_7.xyz,metal,NO_METAL
3047,/home/shachar/repos/PorCrystalStructures/data/raw_xyz/xyz/porphyrins/NAPHOD_0.xyz,topolocial,NOT_CONNECTED_MOLECULE
3048,/home/shachar/repos/PorCrystalStructures/data/raw_xyz/xyz/porphyrins/NAPHOD_1.xyz,metal,NO_METAL
3049,/home/shachar/repos/PorCrystalStructures/data/raw_xyz/xyz/porphyrins/NAPHOD_2.xyz,metal,NO_METAL
3050,/home/shachar/repos/PorCrystalStructures/data/raw_xyz/xyz/porphyrins/NAPJAR_0.xyz,valid,VALID
3051,/home/shachar/repos/PorCrystalStructures/data/raw_xyz/xyz/porphyrins/NAPJAR_1.xyz,metal,NO_METAL
3052,/home/shachar/repos/PorCrystalStructures/data/raw_xyz/xyz/porphyrins/NAPJAR_2.xyz,metal,NO_METAL
3053,/home/shachar/repos/PorCrystalStructures/data/raw_xyz/xyz/porphyrins/NAPLAT_0.xyz,topolocial,NOT_CONNECTED_MOLECULE
3054,/home/shachar/repos/PorCrystalStructures/data/raw_xyz/xyz/porphyrins/NAPXEL_0.xyz,charge,MOL_ODD_NUMBER_OF_ELECTRONS
3055,/home/shachar/repos/PorCrystalStructures/data/raw_xyz/xyz/porphyrins/NAPXOV_0.xyz,metal,NO_METAL
3056,/home/shachar/repos/PorCrystalStructures/data/raw_xyz/xyz/porphyrins/NAPXOV_1.xyz,metal,NO_METAL
3057,/home/shachar/repos/PorCrystalStructures/data/raw_xyz/xyz/porphyrins/NAPXOV_2.xyz,metal,NO_METAL
3058,/home/shachar/repos/PorCrystalStructures/data/raw_xyz/xyz/porphyrins/NAQDAL_0.xyz,topolocial,NOT_A_MONOMER
3059,/home/shachar/repos/PorCrystalStructures/data/raw_xyz/xyz/porphyrins/NAQDAL_1.xyz,metal,NO_METAL
3060,/home/shachar/repos/PorCrystalStructures/data/raw_xyz/xyz/porphyrins/NARDOA_0.xyz,valid,VALID
3061,/home/shachar/repos/PorCrystalStructures/data/raw_xyz/xyz/porphyrins/NARDUG_0.xyz,topolocial,HAS_MORE_THAN_4_PYRROLES
3062,/home/shachar/repos/PorCrystalStructures/data/raw_xyz/xyz/porphyrins/NARFAO_0.xyz,topolocial,HAS_MORE_THAN_4_PYRROLES
3063,/home/shachar/repos/PorCrystalStructures/data/raw_xyz/xyz/porphyrins/NARFAO_1.xyz,metal,NO_METAL
3064,/home/shachar/repos/PorCrystalStructures/data/raw_xyz/xyz/porphyrins/NATLEA_0.xyz,metal,NO_METAL
3065,/home/shachar/repos/PorCrystalStructures/data/raw_xyz/xyz/porphyrins/NATLEA_1.xyz,metal,NO_METAL
3066,/home/shachar/repos/PorCrystalStructures/data/raw_xyz/xyz/porphyrins/NATRUZ_0.xyz,topolocial,BIDENTATE_MACROCYCLE_SUBS
3067,/home/shachar/repos/PorCrystalStructures/data/raw_xyz/xyz/porphyrins/NATSAG_0.xyz,topolocial,BIDENTATE_MACROCYCLE_SUBS
3068,/home/shachar/repos/PorCrystalStructures/data/raw_xyz/xyz/porphyrins/NAYJIG_0.xyz,topolocial,NOT_CONNECTED_MOLECULE
3069,/home/shachar/repos/PorCrystalStructures/data/raw_xyz/xyz/porphyrins/NAYJIG_1.xyz,metal,NO_METAL
3070,/home/shachar/repos/PorCrystalStructures/data/raw_xyz/xyz/porphyrins/NAYJIG_2.xyz,metal,NO_METAL
3071,/home/shachar/repos/PorCrystalStructures/data/raw_xyz/xyz/porphyrins/NAYJIG_3.xyz,metal,NO_METAL
3072,/home/shachar/repos/PorCrystalStructures/data/raw_xyz/xyz/porphyrins/NAZGIF_0.xyz,topolocial,NOT_A_MONOMER
3073,/home/shachar/repos/PorCrystalStructures/data/raw_xyz/xyz/porphyrins/NAZGOL_0.xyz,topolocial,BIDENTATE_MACROCYCLE_SUBS
3074,/home/shachar/repos/PorCrystalStructures/data/raw_xyz/xyz/porphyrins/NAZGOL_1.xyz,metal,NO_METAL
3075,/home/shachar/repos/PorCrystalStructures/data/raw_xyz/xyz/porphyrins/NBPOAC10_0.xyz,topolocial,NOT_SATURATED
3076,/home/shachar/repos/PorCrystalStructures/data/raw_xyz/xyz/porphyrins/NEBYUS_0.xyz,metal,NO_METAL
3077,/home/shachar/repos/PorCrystalStructures/data/raw_xyz/xyz/porphyrins/NECBIG_0.xyz,topolocial,BIDENTATE_MACROCYCLE_SUBS
3078,/home/shachar/repos/PorCrystalStructures/data/raw_xyz/xyz/porphyrins/NECBIG_1.xyz,metal,NO_METAL
3079,/home/shachar/repos/PorCrystalStructures/data/raw_xyz/xyz/porphyrins/NECYEZ01_0.xyz,topolocial,BIDENTATE_MACROCYCLE_SUBS
3080,/home/shachar/repos/PorCrystalStructures/data/raw_xyz/xyz/porphyrins/NECYEZ_0.xyz,topolocial,BIDENTATE_MACROCYCLE_SUBS
3081,/home/shachar/repos/PorCrystalStructures/data/raw_xyz/xyz/porphyrins/NECYEZ_1.xyz,topolocial,BIDENTATE_MACROCYCLE_SUBS
3082,/home/shachar/repos/PorCrystalStructures/data/raw_xyz/xyz/porphyrins/NECYEZ_2.xyz,metal,NO_METAL
3083,/home/shachar/repos/PorCrystalStructures/data/raw_xyz/xyz/porphyrins/NEDCOO_0.xyz,valid,VALID
3084,/home/shachar/repos/PorCrystalStructures/data/raw_xyz/xyz/porphyrins/NEDCOO_1.xyz,metal,NO_METAL
3085,/home/shachar/repos/PorCrystalStructures/data/raw_xyz/xyz/porphyrins/NEFTUN01_0.xyz,valid,VALID
3086,/home/shachar/repos/PorCrystalStructures/data/raw_xyz/xyz/porphyrins/NEFTUN_0.xyz,valid,VALID
3087,/home/shachar/repos/PorCrystalStructures/data/raw_xyz/xyz/porphyrins/NEFVAV01_0.xyz,topolocial,NOT_SATURATED
3088,/home/shachar/repos/PorCrystalStructures/data/raw_xyz/xyz/porphyrins/NEFVAV01_1.xyz,metal,NO_METAL
3089,/home/shachar/repos/PorCrystalStructures/data/raw_xyz/xyz/porphyrins/NEFVAV_0.xyz,topolocial,NOT_CONNECTED_MOLECULE
3090,/home/shachar/repos/PorCrystalStructures/data/raw_xyz/xyz/porphyrins/NEFVAV_1.xyz,metal,NO_METAL
3091,/home/shachar/repos/PorCrystalStructures/data/raw_xyz/xyz/porphyrins/NEGPOH_0.xyz,topolocial,NOT_CONNECTED_MOLECULE
3092,/home/shachar/repos/PorCrystalStructures/data/raw_xyz/xyz/porphyrins/NEGQEY_0.xyz,topolocial,NOT_CONNECTED_MOLECULE
3093,/home/shachar/repos/PorCrystalStructures/data/raw_xyz/xyz/porphyrins/NEGQEY_1.xyz,metal,NO_METAL
3094,/home/shachar/repos/PorCrystalStructures/data/raw_xyz/xyz/porphyrins/NEGSEZ_0.xyz,charge,MOL_ODD_NUMBER_OF_ELECTRONS
3095,/home/shachar/repos/PorCrystalStructures/data/raw_xyz/xyz/porphyrins/NEGSEZ_1.xyz,metal,NO_METAL
3096,/home/shachar/repos/PorCrystalStructures/data/raw_xyz/xyz/porphyrins/NEGSID_0.xyz,topolocial,NOT_CONNECTED_MOLECULE
3097,/home/shachar/repos/PorCrystalStructures/data/raw_xyz/xyz/porphyrins/NELHEV_0.xyz,topolocial,NOT_CONNECTED_MOLECULE
3098,/home/shachar/repos/PorCrystalStructures/data/raw_xyz/xyz/porphyrins/NELHEV_1.xyz,metal,NO_METAL
3099,/home/shachar/repos/PorCrystalStructures/data/raw_xyz/xyz/porphyrins/NELHEV_2.xyz,metal,NO_METAL
3100,/home/shachar/repos/PorCrystalStructures/data/raw_xyz/xyz/porphyrins/NELHIZ_0.xyz,metal,NO_METAL
3101,/home/shachar/repos/PorCrystalStructures/data/raw_xyz/xyz/porphyrins/NEMBIS_0.xyz,topolocial,NOT_A_MONOMER
3102,/home/shachar/repos/PorCrystalStructures/data/raw_xyz/xyz/porphyrins/NEMBIS_1.xyz,metal,NO_METAL
3103,/home/shachar/repos/PorCrystalStructures/data/raw_xyz/xyz/porphyrins/NEMCOY_0.xyz,metal,NO_METAL
3104,/home/shachar/repos/PorCrystalStructures/data/raw_xyz/xyz/porphyrins/NEMCOY_1.xyz,metal,NO_METAL
3105,/home/shachar/repos/PorCrystalStructures/data/raw_xyz/xyz/porphyrins/NEMXOT_0.xyz,valid,VALID
3106,/home/shachar/repos/PorCrystalStructures/data/raw_xyz/xyz/porphyrins/NEMXOT_1.xyz,metal,NO_METAL
3107,/home/shachar/repos/PorCrystalStructures/data/raw_xyz/xyz/porphyrins/NEMXUZ_0.xyz,charge,MOL_ODD_NUMBER_OF_ELECTRONS
3108,/home/shachar/repos/PorCrystalStructures/data/raw_xyz/xyz/porphyrins/NEMXUZ_1.xyz,metal,NO_METAL
3109,/home/shachar/repos/PorCrystalStructures/data/raw_xyz/xyz/porphyrins/NENGIZ_0.xyz,topolocial,NOT_A_MONOMER
3110,/home/shachar/repos/PorCrystalStructures/data/raw_xyz/xyz/porphyrins/NENGIZ_1.xyz,metal,NO_METAL
3111,/home/shachar/repos/PorCrystalStructures/data/raw_xyz/xyz/porphyrins/NEPWAG_0.xyz,topolocial,NOT_CONNECTED_MOLECULE
3112,/home/shachar/repos/PorCrystalStructures/data/raw_xyz/xyz/porphyrins/NEPWAG_1.xyz,metal,NO_METAL
3113,/home/shachar/repos/PorCrystalStructures/data/raw_xyz/xyz/porphyrins/NEPWAG_2.xyz,metal,NO_METAL
3114,/home/shachar/repos/PorCrystalStructures/data/raw_xyz/xyz/porphyrins/NEQFEY_0.xyz,charge,TOO_LARGE_COUNTER_MOL
3115,/home/shachar/repos/PorCrystalStructures/data/raw_xyz/xyz/porphyrins/NEQFEY_1.xyz,metal,NO_METAL
3116,/home/shachar/repos/PorCrystalStructures/data/raw_xyz/xyz/porphyrins/NEQFEY_2.xyz,metal,NO_METAL
3117,/home/shachar/repos/PorCrystalStructures/data/raw_xyz/xyz/porphyrins/NEQFEY_3.xyz,metal,NO_METAL
3118,/home/shachar/repos/PorCrystalStructures/data/raw_xyz/xyz/porphyrins/NERSAG_0.xyz,charge,TOO_LARGE_COUNTER_MOL
3119,/home/shachar/repos/PorCrystalStructures/data/raw_xyz/xyz/porphyrins/NERSAG_1.xyz,metal,NO_METAL
3120,/home/shachar/repos/PorCrystalStructures/data/raw_xyz/xyz/porphyrins/NERSAG_2.xyz,metal,NO_METAL
3121,/home/shachar/repos/PorCrystalStructures/data/raw_xyz/xyz/porphyrins/NESHOI_0.xyz,metal,NO_METAL
3122,/home/shachar/repos/PorCrystalStructures/data/raw_xyz/xyz/porphyrins/NESHUO_0.xyz,valid,VALID
3123,/home/shachar/repos/PorCrystalStructures/data/raw_xyz/xyz/porphyrins/NESJAW_0.xyz,valid,VALID
3124,/home/shachar/repos/PorCrystalStructures/data/raw_xyz/xyz/porphyrins/NEVHOO_0.xyz,topolocial,NOT_CONNECTED_MOLECULE
3125,/home/shachar/repos/PorCrystalStructures/data/raw_xyz/xyz/porphyrins/NEVHOO_1.xyz,topolocial,NOT_CONNECTED_MOLECULE
3126,/home/shachar/repos/PorCrystalStructures/data/raw_xyz/xyz/porphyrins/NEXDUQ_0.xyz,topolocial,NOT_A_MONOMER
3127,/home/shachar/repos/PorCrystalStructures/data/raw_xyz/xyz/porphyrins/NEXDUQ_1.xyz,metal,NO_METAL
3128,/home/shachar/repos/PorCrystalStructures/data/raw_xyz/xyz/porphyrins/NEXJAE_0.xyz,metal,NO_METAL
3129,/home/shachar/repos/PorCrystalStructures/data/raw_xyz/xyz/porphyrins/NEXJAE_1.xyz,metal,NO_METAL
3130,/home/shachar/repos/PorCrystalStructures/data/raw_xyz/xyz/porphyrins/NEXJEI_0.xyz,metal,NO_METAL
3131,/home/shachar/repos/PorCrystalStructures/data/raw_xyz/xyz/porphyrins/NEXJIM_0.xyz,metal,NO_METAL
3132,/home/shachar/repos/PorCrystalStructures/data/raw_xyz/xyz/porphyrins/NEXJIM_1.xyz,metal,NO_METAL
3133,/home/shachar/repos/PorCrystalStructures/data/raw_xyz/xyz/porphyrins/NEXJIM_2.xyz,metal,NO_METAL
3134,/home/shachar/repos/PorCrystalStructures/data/raw_xyz/xyz/porphyrins/NEXJIM_3.xyz,metal,NO_METAL
3135,/home/shachar/repos/PorCrystalStructures/data/raw_xyz/xyz/porphyrins/NEXJOS_0.xyz,metal,NO_METAL
3136,/home/shachar/repos/PorCrystalStructures/data/raw_xyz/xyz/porphyrins/NEXJOS_1.xyz,metal,NO_METAL
3137,/home/shachar/repos/PorCrystalStructures/data/raw_xyz/xyz/porphyrins/NEYCAV01_0.xyz,valid,VALID
3138,/home/shachar/repos/PorCrystalStructures/data/raw_xyz/xyz/porphyrins/NEYCAV_0.xyz,valid,VALID
3139,/home/shachar/repos/PorCrystalStructures/data/raw_xyz/xyz/porphyrins/NEYWOG_0.xyz,topolocial,NOT_CONNECTED_MOLECULE
3140,/home/shachar/repos/PorCrystalStructures/data/raw_xyz/xyz/porphyrins/NEYWUM_0.xyz,valid,VALID
3141,/home/shachar/repos/PorCrystalStructures/data/raw_xyz/xyz/porphyrins/NEZLOV_0.xyz,metal,NO_METAL
3142,/home/shachar/repos/PorCrystalStructures/data/raw_xyz/xyz/porphyrins/NEZYUO_0.xyz,topolocial,DOESNT_HAVE_METAL
3143,/home/shachar/repos/PorCrystalStructures/data/raw_xyz/xyz/porphyrins/NEZZAV_0.xyz,topolocial,DOESNT_HAVE_METAL
3144,/home/shachar/repos/PorCrystalStructures/data/raw_xyz/xyz/porphyrins/NEZZAV_1.xyz,metal,NO_METAL
3145,/home/shachar/repos/PorCrystalStructures/data/raw_xyz/xyz/porphyrins/NIBGAJ_0.xyz,topolocial,NOT_A_MONOMER
3146,/home/shachar/repos/PorCrystalStructures/data/raw_xyz/xyz/porphyrins/NIBGAJ_1.xyz,metal,NO_METAL
3147,/home/shachar/repos/PorCrystalStructures/data/raw_xyz/xyz/porphyrins/NIBNUH_0.xyz,topolocial,NOT_CONNECTED_MOLECULE
3148,/home/shachar/repos/PorCrystalStructures/data/raw_xyz/xyz/porphyrins/NIBNUH_1.xyz,metal,NO_METAL
3149,/home/shachar/repos/PorCrystalStructures/data/raw_xyz/xyz/porphyrins/NICKUG01_0.xyz,charge,MOL_ODD_NUMBER_OF_ELECTRONS
3150,/home/shachar/repos/PorCrystalStructures/data/raw_xyz/xyz/porphyrins/NICKUG04_0.xyz,charge,MOL_ODD_NUMBER_OF_ELECTRONS
3151,/home/shachar/repos/PorCrystalStructures/data/raw_xyz/xyz/porphyrins/NICKUG05_0.xyz,charge,MOL_ODD_NUMBER_OF_ELECTRONS
3152,/home/shachar/repos/PorCrystalStructures/data/raw_xyz/xyz/porphyrins/NICKUG06_0.xyz,charge,MOL_ODD_NUMBER_OF_ELECTRONS
3153,/home/shachar/repos/PorCrystalStructures/data/raw_xyz/xyz/porphyrins/NICKUG07_0.xyz,charge,MOL_ODD_NUMBER_OF_ELECTRONS
3154,/home/shachar/repos/PorCrystalStructures/data/raw_xyz/xyz/porphyrins/NICKUG08_0.xyz,charge,MOL_ODD_NUMBER_OF_ELECTRONS
3155,/home/shachar/repos/PorCrystalStructures/data/raw_xyz/xyz/porphyrins/NICKUG09_0.xyz,charge,MOL_ODD_NUMBER_OF_ELECTRONS
3156,/home/shachar/repos/PorCrystalStructures/data/raw_xyz/xyz/porphyrins/NICKUG10_0.xyz,charge,MOL_ODD_NUMBER_OF_ELECTRONS
3157,/home/shachar/repos/PorCrystalStructures/data/raw_xyz/xyz/porphyrins/NICKUG11_0.xyz,charge,MOL_ODD_NUMBER_OF_ELECTRONS
3158,/home/shachar/repos/PorCrystalStructures/data/raw_xyz/xyz/porphyrins/NICKUG12_0.xyz,charge,MOL_ODD_NUMBER_OF_ELECTRONS
3159,/home/shachar/repos/PorCrystalStructures/data/raw_xyz/xyz/porphyrins/NICKUG13_0.xyz,charge,MOL_ODD_NUMBER_OF_ELECTRONS
3160,/home/shachar/repos/PorCrystalStructures/data/raw_xyz/xyz/porphyrins/NICKUG14_0.xyz,charge,MOL_ODD_NUMBER_OF_ELECTRONS
3161,/home/shachar/repos/PorCrystalStructures/data/raw_xyz/xyz/porphyrins/NICKUG15_0.xyz,topolocial,NOT_CONNECTED_MOLECULE
3162,/home/shachar/repos/PorCrystalStructures/data/raw_xyz/xyz/porphyrins/NICKUG_0.xyz,charge,MOL_ODD_NUMBER_OF_ELECTRONS
3163,/home/shachar/repos/PorCrystalStructures/data/raw_xyz/xyz/porphyrins/NICSOI_0.xyz,topolocial,NOT_SATURATED
3164,/home/shachar/repos/PorCrystalStructures/data/raw_xyz/xyz/porphyrins/NICWIF_0.xyz,topolocial,NOT_CONNECTED_MOLECULE
3165,/home/shachar/repos/PorCrystalStructures/data/raw_xyz/xyz/porphyrins/NICWIF_1.xyz,metal,NO_METAL
3166,/home/shachar/repos/PorCrystalStructures/data/raw_xyz/xyz/porphyrins/NICWIF_2.xyz,metal,NO_METAL
3167,/home/shachar/repos/PorCrystalStructures/data/raw_xyz/xyz/porphyrins/NIDLIV_0.xyz,metal,NO_METAL
3168,/home/shachar/repos/PorCrystalStructures/data/raw_xyz/xyz/porphyrins/NIDLIV_1.xyz,metal,NO_METAL
3169,/home/shachar/repos/PorCrystalStructures/data/raw_xyz/xyz/porphyrins/NIDPIA_0.xyz,charge,MOL_ODD_NUMBER_OF_ELECTRONS
3170,/home/shachar/repos/PorCrystalStructures/data/raw_xyz/xyz/porphyrins/NIDPIA_1.xyz,metal,NO_METAL
3171,/home/shachar/repos/PorCrystalStructures/data/raw_xyz/xyz/porphyrins/NIDPIA_2.xyz,metal,NO_METAL
3172,/home/shachar/repos/PorCrystalStructures/data/raw_xyz/xyz/porphyrins/NIDPUM_0.xyz,charge,MOL_ODD_NUMBER_OF_ELECTRONS
3173,/home/shachar/repos/PorCrystalStructures/data/raw_xyz/xyz/porphyrins/NIDPUM_1.xyz,metal,NO_METAL
3174,/home/shachar/repos/PorCrystalStructures/data/raw_xyz/xyz/porphyrins/NIDPUM_2.xyz,metal,NO_METAL
3175,/home/shachar/repos/PorCrystalStructures/data/raw_xyz/xyz/porphyrins/NIFSUR_0.xyz,valid,VALID
3176,/home/shachar/repos/PorCrystalStructures/data/raw_xyz/xyz/porphyrins/NIFTAY_0.xyz,valid,VALID
3177,/home/shachar/repos/PorCrystalStructures/data/raw_xyz/xyz/porphyrins/NIHJUK_0.xyz,metal,NO_METAL
3178,/home/shachar/repos/PorCrystalStructures/data/raw_xyz/xyz/porphyrins/NIJBAJ_0.xyz,topolocial,NOT_SATURATED
3179,/home/shachar/repos/PorCrystalStructures/data/raw_xyz/xyz/porphyrins/NIJBEN_0.xyz,topolocial,NOT_SATURATED
3180,/home/shachar/repos/PorCrystalStructures/data/raw_xyz/xyz/porphyrins/NIJBEN_1.xyz,metal,NO_METAL
3181,/home/shachar/repos/PorCrystalStructures/data/raw_xyz/xyz/porphyrins/NIJBIR_0.xyz,topolocial,NOT_SATURATED
3182,/home/shachar/repos/PorCrystalStructures/data/raw_xyz/xyz/porphyrins/NIJBOX_0.xyz,topolocial,NOT_SATURATED
3183,/home/shachar/repos/PorCrystalStructures/data/raw_xyz/xyz/porphyrins/NIJBUD_0.xyz,topolocial,NOT_SATURATED
3184,/home/shachar/repos/PorCrystalStructures/data/raw_xyz/xyz/porphyrins/NIJCAK_0.xyz,topolocial,NOT_CONNECTED_MOLECULE
3185,/home/shachar/repos/PorCrystalStructures/data/raw_xyz/xyz/porphyrins/NIJCEO_0.xyz,topolocial,NOT_SATURATED
3186,/home/shachar/repos/PorCrystalStructures/data/raw_xyz/xyz/porphyrins/NIKKOH_0.xyz,metal,NO_METAL
3187,/home/shachar/repos/PorCrystalStructures/data/raw_xyz/xyz/porphyrins/NIKNEA_0.xyz,charge,MOL_ODD_NUMBER_OF_ELECTRONS
3188,/home/shachar/repos/PorCrystalStructures/data/raw_xyz/xyz/porphyrins/NIKNIE_0.xyz,charge,TOO_LARGE_COUNTER_MOL
3189,/home/shachar/repos/PorCrystalStructures/data/raw_xyz/xyz/porphyrins/NIKNIE_1.xyz,metal,NO_METAL
3190,/home/shachar/repos/PorCrystalStructures/data/raw_xyz/xyz/porphyrins/NIKPEC_0.xyz,valid,VALID
3191,/home/shachar/repos/PorCrystalStructures/data/raw_xyz/xyz/porphyrins/NIKPEC_1.xyz,metal,NO_METAL
3192,/home/shachar/repos/PorCrystalStructures/data/raw_xyz/xyz/porphyrins/NIKPEC_2.xyz,metal,NO_METAL
3193,/home/shachar/repos/PorCrystalStructures/data/raw_xyz/xyz/porphyrins/NILGEV_0.xyz,topolocial,BIDENTATE_MACROCYCLE_SUBS
3194,/home/shachar/repos/PorCrystalStructures/data/raw_xyz/xyz/porphyrins/NILGEV_1.xyz,metal,NO_METAL
3195,/home/shachar/repos/PorCrystalStructures/data/raw_xyz/xyz/porphyrins/NILGOF_0.xyz,topolocial,NOT_SATURATED
3196,/home/shachar/repos/PorCrystalStructures/data/raw_xyz/xyz/porphyrins/NINVIP01_0.xyz,topolocial,NOT_CONNECTED_MOLECULE
3197,/home/shachar/repos/PorCrystalStructures/data/raw_xyz/xyz/porphyrins/NINVIP01_1.xyz,metal,NO_METAL
3198,/home/shachar/repos/PorCrystalStructures/data/raw_xyz/xyz/porphyrins/NINVIP01_2.xyz,metal,NO_METAL
3199,/home/shachar/repos/PorCrystalStructures/data/raw_xyz/xyz/porphyrins/NINVIP01_3.xyz,metal,NO_METAL
3200,/home/shachar/repos/PorCrystalStructures/data/raw_xyz/xyz/porphyrins/NIPNEG_0.xyz,valid,VALID
3201,/home/shachar/repos/PorCrystalStructures/data/raw_xyz/xyz/porphyrins/NIPNEG_1.xyz,metal,NO_METAL
3202,/home/shachar/repos/PorCrystalStructures/data/raw_xyz/xyz/porphyrins/NIPNEG_2.xyz,metal,NO_METAL
3203,/home/shachar/repos/PorCrystalStructures/data/raw_xyz/xyz/porphyrins/NIPXOZ_0.xyz,metal,NO_METAL
3204,/home/shachar/repos/PorCrystalStructures/data/raw_xyz/xyz/porphyrins/NIPXOZ_1.xyz,metal,NO_METAL
3205,/home/shachar/repos/PorCrystalStructures/data/raw_xyz/xyz/porphyrins/NIPXOZ_2.xyz,metal,NO_METAL
3206,/home/shachar/repos/PorCrystalStructures/data/raw_xyz/xyz/porphyrins/NIPXOZ_3.xyz,metal,NO_METAL
3207,/home/shachar/repos/PorCrystalStructures/data/raw_xyz/xyz/porphyrins/NIQHEB_0.xyz,topolocial,BIDENTATE_AXIAL_LIGANDS
3208,/home/shachar/repos/PorCrystalStructures/data/raw_xyz/xyz/porphyrins/NIQHEB_1.xyz,metal,NO_METAL
3209,/home/shachar/repos/PorCrystalStructures/data/raw_xyz/xyz/porphyrins/NIQHEB_2.xyz,metal,NO_METAL
3210,/home/shachar/repos/PorCrystalStructures/data/raw_xyz/xyz/porphyrins/NIQJOM_0.xyz,topolocial,NOT_A_MONOMER
3211,/home/shachar/repos/PorCrystalStructures/data/raw_xyz/xyz/porphyrins/NIQJOM_1.xyz,metal,NO_METAL
3212,/home/shachar/repos/PorCrystalStructures/data/raw_xyz/xyz/porphyrins/NISCAW_0.xyz,metal,NO_METAL
3213,/home/shachar/repos/PorCrystalStructures/data/raw_xyz/xyz/porphyrins/NITMAH_0.xyz,topolocial,BIDENTATE_MACROCYCLE_SUBS
3214,/home/shachar/repos/PorCrystalStructures/data/raw_xyz/xyz/porphyrins/NITWAP_0.xyz,metal,NO_METAL
3215,/home/shachar/repos/PorCrystalStructures/data/raw_xyz/xyz/porphyrins/NIVDUU01_0.xyz,charge,MOL_ODD_NUMBER_OF_ELECTRONS
3216,/home/shachar/repos/PorCrystalStructures/data/raw_xyz/xyz/porphyrins/NIVDUU01_1.xyz,metal,NO_METAL
3217,/home/shachar/repos/PorCrystalStructures/data/raw_xyz/xyz/porphyrins/NIVDUU02_0.xyz,charge,MOL_ODD_NUMBER_OF_ELECTRONS
3218,/home/shachar/repos/PorCrystalStructures/data/raw_xyz/xyz/porphyrins/NIVDUU02_1.xyz,metal,NO_METAL
3219,/home/shachar/repos/PorCrystalStructures/data/raw_xyz/xyz/porphyrins/NIVDUU_0.xyz,charge,MOL_ODD_NUMBER_OF_ELECTRONS
3220,/home/shachar/repos/PorCrystalStructures/data/raw_xyz/xyz/porphyrins/NIVDUU_1.xyz,metal,NO_METAL
3221,/home/shachar/repos/PorCrystalStructures/data/raw_xyz/xyz/porphyrins/NIYLUF_0.xyz,metal,NO_METAL
3222,/home/shachar/repos/PorCrystalStructures/data/raw_xyz/xyz/porphyrins/NIYLUF_1.xyz,metal,NO_METAL
3223,/home/shachar/repos/PorCrystalStructures/data/raw_xyz/xyz/porphyrins/NIZZUS_0.xyz,topolocial,NOT_SATURATED
3224,/home/shachar/repos/PorCrystalStructures/data/raw_xyz/xyz/porphyrins/NIZZUS_1.xyz,metal,NO_METAL
3225,/home/shachar/repos/PorCrystalStructures/data/raw_xyz/xyz/porphyrins/NOCGAN_0.xyz,topolocial,NOT_SATURATED
3226,/home/shachar/repos/PorCrystalStructures/data/raw_xyz/xyz/porphyrins/NOCGAN_1.xyz,metal,NO_METAL
3227,/home/shachar/repos/PorCrystalStructures/data/raw_xyz/xyz/porphyrins/NOCGER_0.xyz,metal,NO_METAL
3228,/home/shachar/repos/PorCrystalStructures/data/raw_xyz/xyz/porphyrins/NOCGER_1.xyz,metal,NO_METAL
3229,/home/shachar/repos/PorCrystalStructures/data/raw_xyz/xyz/porphyrins/NOCGER_2.xyz,metal,NO_METAL
3230,/home/shachar/repos/PorCrystalStructures/data/raw_xyz/xyz/porphyrins/NOCVIK_0.xyz,topolocial,BIDENTATE_MACROCYCLE_SUBS
3231,/home/shachar/repos/PorCrystalStructures/data/raw_xyz/xyz/porphyrins/NOCVIK_1.xyz,metal,NO_METAL
3232,/home/shachar/repos/PorCrystalStructures/data/raw_xyz/xyz/porphyrins/NOCVIK_2.xyz,metal,NO_METAL
3233,/home/shachar/repos/PorCrystalStructures/data/raw_xyz/xyz/porphyrins/NOCWEH_0.xyz,topolocial,NOT_CONNECTED_MOLECULE
3234,/home/shachar/repos/PorCrystalStructures/data/raw_xyz/xyz/porphyrins/NODTEG_0.xyz,topolocial,NOT_A_MONOMER
3235,/home/shachar/repos/PorCrystalStructures/data/raw_xyz/xyz/porphyrins/NODTEG_1.xyz,metal,NO_METAL
3236,/home/shachar/repos/PorCrystalStructures/data/raw_xyz/xyz/porphyrins/NODTOQ_0.xyz,topolocial,NOT_CONNECTED_MOLECULE
3237,/home/shachar/repos/PorCrystalStructures/data/raw_xyz/xyz/porphyrins/NODTOQ_1.xyz,metal,NO_METAL
3238,/home/shachar/repos/PorCrystalStructures/data/raw_xyz/xyz/porphyrins/NOGKUR_0.xyz,metal,NO_METAL
3239,/home/shachar/repos/PorCrystalStructures/data/raw_xyz/xyz/porphyrins/NOGKUR_1.xyz,metal,NO_METAL
3240,/home/shachar/repos/PorCrystalStructures/data/raw_xyz/xyz/porphyrins/NOGWIR_0.xyz,valid,VALID
3241,/home/shachar/repos/PorCrystalStructures/data/raw_xyz/xyz/porphyrins/NOGWIR_1.xyz,metal,NO_METAL
3242,/home/shachar/repos/PorCrystalStructures/data/raw_xyz/xyz/porphyrins/NOGWOX_0.xyz,valid,VALID
3243,/home/shachar/repos/PorCrystalStructures/data/raw_xyz/xyz/porphyrins/NOGWOX_1.xyz,metal,NO_METAL
3244,/home/shachar/repos/PorCrystalStructures/data/raw_xyz/xyz/porphyrins/NOHQEG_0.xyz,valid,VALID
3245,/home/shachar/repos/PorCrystalStructures/data/raw_xyz/xyz/porphyrins/NOJQAE_0.xyz,topolocial,NOT_CONNECTED_MOLECULE
3246,/home/shachar/repos/PorCrystalStructures/data/raw_xyz/xyz/porphyrins/NOJQAE_1.xyz,metal,NO_METAL
3247,/home/shachar/repos/PorCrystalStructures/data/raw_xyz/xyz/porphyrins/NOJYUH_0.xyz,metal,NO_METAL
3248,/home/shachar/repos/PorCrystalStructures/data/raw_xyz/xyz/porphyrins/NOJYUH_1.xyz,metal,NO_METAL
3249,/home/shachar/repos/PorCrystalStructures/data/raw_xyz/xyz/porphyrins/NOJZAO_0.xyz,metal,NO_METAL
3250,/home/shachar/repos/PorCrystalStructures/data/raw_xyz/xyz/porphyrins/NOKMIJ_0.xyz,valid,VALID
3251,/home/shachar/repos/PorCrystalStructures/data/raw_xyz/xyz/porphyrins/NOKMIJ_1.xyz,metal,NO_METAL
3252,/home/shachar/repos/PorCrystalStructures/data/raw_xyz/xyz/porphyrins/NOKMOP_0.xyz,charge,COUNTER_MOL_ODD_NUMBER_OF_ELECTRONS
3253,/home/shachar/repos/PorCrystalStructures/data/raw_xyz/xyz/porphyrins/NOKMOP_1.xyz,metal,NO_METAL
3254,/home/shachar/repos/PorCrystalStructures/data/raw_xyz/xyz/porphyrins/NOKPAH_0.xyz,valid,VALID
3255,/home/shachar/repos/PorCrystalStructures/data/raw_xyz/xyz/porphyrins/NOKPEL_0.xyz,valid,VALID
3256,/home/shachar/repos/PorCrystalStructures/data/raw_xyz/xyz/porphyrins/NOLXUH_0.xyz,valid,VALID
3257,/home/shachar/repos/PorCrystalStructures/data/raw_xyz/xyz/porphyrins/NOLXUH_1.xyz,metal,NO_METAL
3258,/home/shachar/repos/PorCrystalStructures/data/raw_xyz/xyz/porphyrins/NOLYAO_0.xyz,topolocial,NOT_A_MONOMER
3259,/home/shachar/repos/PorCrystalStructures/data/raw_xyz/xyz/porphyrins/NOLYAO_1.xyz,topolocial,NOT_CONNECTED_MOLECULE
3260,/home/shachar/repos/PorCrystalStructures/data/raw_xyz/xyz/porphyrins/NOQBIF_0.xyz,topolocial,NOT_CONNECTED_MOLECULE
3261,/home/shachar/repos/PorCrystalStructures/data/raw_xyz/xyz/porphyrins/NOQBOL_0.xyz,topolocial,BIDENTATE_MACROCYCLE_SUBS
3262,/home/shachar/repos/PorCrystalStructures/data/raw_xyz/xyz/porphyrins/NOQBUR_0.xyz,topolocial,BIDENTATE_MACROCYCLE_SUBS
3263,/home/shachar/repos/PorCrystalStructures/data/raw_xyz/xyz/porphyrins/NORXIB_0.xyz,metal,NO_METAL
3264,/home/shachar/repos/PorCrystalStructures/data/raw_xyz/xyz/porphyrins/NORXIB_1.xyz,metal,NO_METAL
3265,/home/shachar/repos/PorCrystalStructures/data/raw_xyz/xyz/porphyrins/NOVYEF_0.xyz,valid,VALID
3266,/home/shachar/repos/PorCrystalStructures/data/raw_xyz/xyz/porphyrins/NOWXAB_0.xyz,valid,VALID
3267,/home/shachar/repos/PorCrystalStructures/data/raw_xyz/xyz/porphyrins/NOYMET_0.xyz,topolocial,BIDENTATE_AXIAL_LIGANDS
3268,/home/shachar/repos/PorCrystalStructures/data/raw_xyz/xyz/porphyrins/NOYMET_1.xyz,metal,NO_METAL
3269,/home/shachar/repos/PorCrystalStructures/data/raw_xyz/xyz/porphyrins/NOYMET_2.xyz,metal,NO_METAL
3270,/home/shachar/repos/PorCrystalStructures/data/raw_xyz/xyz/porphyrins/NOYMOD_0.xyz,metal,NO_METAL
3271,/home/shachar/repos/PorCrystalStructures/data/raw_xyz/xyz/porphyrins/NOYNAQ_0.xyz,metal,NO_METAL
3272,/home/shachar/repos/PorCrystalStructures/data/raw_xyz/xyz/porphyrins/NOYNAQ_1.xyz,metal,NO_METAL
3273,/home/shachar/repos/PorCrystalStructures/data/raw_xyz/xyz/porphyrins/NOYNEU_0.xyz,metal,NO_METAL
3274,/home/shachar/repos/PorCrystalStructures/data/raw_xyz/xyz/porphyrins/NOYNEU_1.xyz,metal,NO_METAL
3275,/home/shachar/repos/PorCrystalStructures/data/raw_xyz/xyz/porphyrins/NOZFAM_0.xyz,charge,TOO_LARGE_COUNTER_MOL
3276,/home/shachar/repos/PorCrystalStructures/data/raw_xyz/xyz/porphyrins/NOZFAM_1.xyz,metal,NO_METAL
3277,/home/shachar/repos/PorCrystalStructures/data/raw_xyz/xyz/porphyrins/NOZFAM_2.xyz,metal,NO_METAL
3278,/home/shachar/repos/PorCrystalStructures/data/raw_xyz/xyz/porphyrins/NOZFAM_3.xyz,metal,NO_METAL
3279,/home/shachar/repos/PorCrystalStructures/data/raw_xyz/xyz/porphyrins/NOZKUI_0.xyz,metal,NO_METAL
3280,/home/shachar/repos/PorCrystalStructures/data/raw_xyz/xyz/porphyrins/NOZKUI_1.xyz,metal,NO_METAL
3281,/home/shachar/repos/PorCrystalStructures/data/raw_xyz/xyz/porphyrins/NPRPME_0.xyz,metal,NO_METAL
3282,/home/shachar/repos/PorCrystalStructures/data/raw_xyz/xyz/porphyrins/NPRPME_1.xyz,metal,NO_METAL
3283,/home/shachar/repos/PorCrystalStructures/data/raw_xyz/xyz/porphyrins/NTPIMF11_0.xyz,charge,MOL_ODD_NUMBER_OF_ELECTRONS
3284,/home/shachar/repos/PorCrystalStructures/data/raw_xyz/xyz/porphyrins/NTPIMF11_1.xyz,metal,NO_METAL
3285,/home/shachar/repos/PorCrystalStructures/data/raw_xyz/xyz/porphyrins/NTPOLC01_0.xyz,valid,VALID
3286,/home/shachar/repos/PorCrystalStructures/data/raw_xyz/xyz/porphyrins/NTPROT10_0.xyz,charge,MOL_ODD_NUMBER_OF_ELECTRONS
3287,/home/shachar/repos/PorCrystalStructures/data/raw_xyz/xyz/porphyrins/NUCBET_0.xyz,metal,NO_METAL
3288,/home/shachar/repos/PorCrystalStructures/data/raw_xyz/xyz/porphyrins/NUCBET_1.xyz,metal,NO_METAL
3289,/home/shachar/repos/PorCrystalStructures/data/raw_xyz/xyz/porphyrins/NUCFEY_0.xyz,topolocial,NOT_CONNECTED_MOLECULE
3290,/home/shachar/repos/PorCrystalStructures/data/raw_xyz/xyz/porphyrins/NUCFEY_1.xyz,metal,NO_METAL
3291,/home/shachar/repos/PorCrystalStructures/data/raw_xyz/xyz/porphyrins/NUCFEY_2.xyz,metal,NO_METAL
3292,/home/shachar/repos/PorCrystalStructures/data/raw_xyz/xyz/porphyrins/NUCTEM_0.xyz,charge,MOL_ODD_NUMBER_OF_ELECTRONS
3293,/home/shachar/repos/PorCrystalStructures/data/raw_xyz/xyz/porphyrins/NUCTEM_1.xyz,metal,NO_METAL
3294,/home/shachar/repos/PorCrystalStructures/data/raw_xyz/xyz/porphyrins/NUCVUD_0.xyz,topolocial,NOT_CONNECTED_MOLECULE
3295,/home/shachar/repos/PorCrystalStructures/data/raw_xyz/xyz/porphyrins/NUCVUD_1.xyz,metal,NO_METAL
3296,/home/shachar/repos/PorCrystalStructures/data/raw_xyz/xyz/porphyrins/NUFNEH_0.xyz,valid,VALID
3297,/home/shachar/repos/PorCrystalStructures/data/raw_xyz/xyz/porphyrins/NUGMUA_0.xyz,valid,VALID
3298,/home/shachar/repos/PorCrystalStructures/data/raw_xyz/xyz/porphyrins/NUGMUA_1.xyz,metal,NO_METAL
3299,/home/shachar/repos/PorCrystalStructures/data/raw_xyz/xyz/porphyrins/NUGMUA_2.xyz,metal,NO_METAL
3300,/home/shachar/repos/PorCrystalStructures/data/raw_xyz/xyz/porphyrins/NUHDUP_0.xyz,topolocial,NOT_A_MONOMER
3301,/home/shachar/repos/PorCrystalStructures/data/raw_xyz/xyz/porphyrins/NUHDUP_1.xyz,metal,NO_METAL
3302,/home/shachar/repos/PorCrystalStructures/data/raw_xyz/xyz/porphyrins/NUHDUP_2.xyz,metal,NO_METAL
3303,/home/shachar/repos/PorCrystalStructures/data/raw_xyz/xyz/porphyrins/NUJNAJ_0.xyz,metal,NO_METAL
3304,/home/shachar/repos/PorCrystalStructures/data/raw_xyz/xyz/porphyrins/NUJNAJ_1.xyz,metal,NO_METAL
3305,/home/shachar/repos/PorCrystalStructures/data/raw_xyz/xyz/porphyrins/NUJNEN_0.xyz,metal,NO_METAL
3306,/home/shachar/repos/PorCrystalStructures/data/raw_xyz/xyz/porphyrins/NUJNEN_1.xyz,metal,NO_METAL
3307,/home/shachar/repos/PorCrystalStructures/data/raw_xyz/xyz/porphyrins/NUJNIR_0.xyz,metal,NO_METAL
3308,/home/shachar/repos/PorCrystalStructures/data/raw_xyz/xyz/porphyrins/NUKXEY_0.xyz,valid,VALID
3309,/home/shachar/repos/PorCrystalStructures/data/raw_xyz/xyz/porphyrins/NUMSOF_0.xyz,valid,VALID
3310,/home/shachar/repos/PorCrystalStructures/data/raw_xyz/xyz/porphyrins/NUMSOF_1.xyz,metal,NO_METAL
3311,/home/shachar/repos/PorCrystalStructures/data/raw_xyz/xyz/porphyrins/NUMSUL_0.xyz,charge,TOO_LARGE_COUNTER_MOL
3312,/home/shachar/repos/PorCrystalStructures/data/raw_xyz/xyz/porphyrins/NUMSUL_1.xyz,metal,NO_METAL
3313,/home/shachar/repos/PorCrystalStructures/data/raw_xyz/xyz/porphyrins/NUMTEW_0.xyz,metal,NO_METAL
3314,/home/shachar/repos/PorCrystalStructures/data/raw_xyz/xyz/porphyrins/NUMTIA_0.xyz,valid,VALID
3315,/home/shachar/repos/PorCrystalStructures/data/raw_xyz/xyz/porphyrins/NUQMOE_0.xyz,metal,NO_METAL
3316,/home/shachar/repos/PorCrystalStructures/data/raw_xyz/xyz/porphyrins/NUSLOD_0.xyz,topolocial,NOT_SATURATED
3317,/home/shachar/repos/PorCrystalStructures/data/raw_xyz/xyz/porphyrins/NUSLUJ_0.xyz,topolocial,NOT_SATURATED
3318,/home/shachar/repos/PorCrystalStructures/data/raw_xyz/xyz/porphyrins/NUSVUV_0.xyz,topolocial,BIDENTATE_MACROCYCLE_SUBS
3319,/home/shachar/repos/PorCrystalStructures/data/raw_xyz/xyz/porphyrins/NUSVUV_1.xyz,metal,NO_METAL
3320,/home/shachar/repos/PorCrystalStructures/data/raw_xyz/xyz/porphyrins/NUTHAN_0.xyz,metal,NO_METAL
3321,/home/shachar/repos/PorCrystalStructures/data/raw_xyz/xyz/porphyrins/NUXSUV_0.xyz,metal,NO_METAL
3322,/home/shachar/repos/PorCrystalStructures/data/raw_xyz/xyz/porphyrins/NUXWEK_0.xyz,topolocial,NOT_SATURATED
3323,/home/shachar/repos/PorCrystalStructures/data/raw_xyz/xyz/porphyrins/NUXWEK_1.xyz,topolocial,NOT_SATURATED
3324,/home/shachar/repos/PorCrystalStructures/data/raw_xyz/xyz/porphyrins/NUXWOU_0.xyz,topolocial,NOT_SATURATED
3325,/home/shachar/repos/PorCrystalStructures/data/raw_xyz/xyz/porphyrins/NUXWUA_0.xyz,topolocial,NOT_CONNECTED_MOLECULE
3326,/home/shachar/repos/PorCrystalStructures/data/raw_xyz/xyz/porphyrins/NUYSIL_0.xyz,metal,NO_METAL
3327,/home/shachar/repos/PorCrystalStructures/data/raw_xyz/xyz/porphyrins/NUYSIL_1.xyz,metal,NO_METAL
3328,/home/shachar/repos/PorCrystalStructures/data/raw_xyz/xyz/porphyrins/NUYVEK_0.xyz,topolocial,NOT_CONNECTED_MOLECULE
3329,/home/shachar/repos/PorCrystalStructures/data/raw_xyz/xyz/porphyrins/NUYVEK_1.xyz,metal,NO_METAL
3330,/home/shachar/repos/PorCrystalStructures/data/raw_xyz/xyz/porphyrins/NUYVEK_2.xyz,metal,NO_METAL
3331,/home/shachar/repos/PorCrystalStructures/data/raw_xyz/xyz/porphyrins/NUYVEK_3.xyz,metal,NO_METAL
3332,/home/shachar/repos/PorCrystalStructures/data/raw_xyz/xyz/porphyrins/OBADON_0.xyz,charge,MOL_ODD_NUMBER_OF_ELECTRONS
3333,/home/shachar/repos/PorCrystalStructures/data/raw_xyz/xyz/porphyrins/OBAFAB_0.xyz,valid,VALID
3334,/home/shachar/repos/PorCrystalStructures/data/raw_xyz/xyz/porphyrins/OBAFAB_1.xyz,metal,NO_METAL
3335,/home/shachar/repos/PorCrystalStructures/data/raw_xyz/xyz/porphyrins/OBAJEK_0.xyz,metal,NO_METAL
3336,/home/shachar/repos/PorCrystalStructures/data/raw_xyz/xyz/porphyrins/OBOHAP_0.xyz,valid,VALID
3337,/home/shachar/repos/PorCrystalStructures/data/raw_xyz/xyz/porphyrins/OBOHAP_1.xyz,metal,NO_METAL
3338,/home/shachar/repos/PorCrystalStructures/data/raw_xyz/xyz/porphyrins/OBOVUW_0.xyz,topolocial,NOT_CONNECTED_MOLECULE
3339,/home/shachar/repos/PorCrystalStructures/data/raw_xyz/xyz/porphyrins/OBUVAI_0.xyz,topolocial,NOT_A_MONOMER
3340,/home/shachar/repos/PorCrystalStructures/data/raw_xyz/xyz/porphyrins/OBUVAI_1.xyz,metal,NO_METAL
3341,/home/shachar/repos/PorCrystalStructures/data/raw_xyz/xyz/porphyrins/OCEZOL_0.xyz,topolocial,NOT_CONNECTED_MOLECULE
3342,/home/shachar/repos/PorCrystalStructures/data/raw_xyz/xyz/porphyrins/OCINAR01_0.xyz,metal,NO_METAL
3343,/home/shachar/repos/PorCrystalStructures/data/raw_xyz/xyz/porphyrins/OCIRID_0.xyz,valid,VALID
3344,/home/shachar/repos/PorCrystalStructures/data/raw_xyz/xyz/porphyrins/OCIRUP_0.xyz,metal,NO_METAL
3345,/home/shachar/repos/PorCrystalStructures/data/raw_xyz/xyz/porphyrins/OCIRUP_1.xyz,metal,NO_METAL
3346,/home/shachar/repos/PorCrystalStructures/data/raw_xyz/xyz/porphyrins/OCISAW_0.xyz,metal,NO_METAL
3347,/home/shachar/repos/PorCrystalStructures/data/raw_xyz/xyz/porphyrins/OCISEA_0.xyz,metal,NO_METAL
3348,/home/shachar/repos/PorCrystalStructures/data/raw_xyz/xyz/porphyrins/OCISIE_0.xyz,topolocial,NOT_CONNECTED_MOLECULE
3349,/home/shachar/repos/PorCrystalStructures/data/raw_xyz/xyz/porphyrins/OCISOK_0.xyz,topolocial,NOT_A_MONOMER
3350,/home/shachar/repos/PorCrystalStructures/data/raw_xyz/xyz/porphyrins/OCISOK_1.xyz,metal,NO_METAL
3351,/home/shachar/repos/PorCrystalStructures/data/raw_xyz/xyz/porphyrins/OCIYIJ_0.xyz,topolocial,NOT_CONNECTED_MOLECULE
3352,/home/shachar/repos/PorCrystalStructures/data/raw_xyz/xyz/porphyrins/OCIYIJ_1.xyz,metal,NO_METAL
3353,/home/shachar/repos/PorCrystalStructures/data/raw_xyz/xyz/porphyrins/OCOJOH_0.xyz,metal,NO_METAL
3354,/home/shachar/repos/PorCrystalStructures/data/raw_xyz/xyz/porphyrins/ODAWIZ_0.xyz,valid,VALID
3355,/home/shachar/repos/PorCrystalStructures/data/raw_xyz/xyz/porphyrins/ODAWIZ_1.xyz,metal,NO_METAL
3356,/home/shachar/repos/PorCrystalStructures/data/raw_xyz/xyz/porphyrins/ODAWOF_0.xyz,charge,TOO_LARGE_COUNTER_MOL
3357,/home/shachar/repos/PorCrystalStructures/data/raw_xyz/xyz/porphyrins/ODAWOF_1.xyz,metal,NO_METAL
3358,/home/shachar/repos/PorCrystalStructures/data/raw_xyz/xyz/porphyrins/ODAWUL_0.xyz,charge,TOO_LARGE_COUNTER_MOL
3359,/home/shachar/repos/PorCrystalStructures/data/raw_xyz/xyz/porphyrins/ODAWUL_1.xyz,metal,NO_METAL
3360,/home/shachar/repos/PorCrystalStructures/data/raw_xyz/xyz/porphyrins/ODAWUL_2.xyz,metal,NO_METAL
3361,/home/shachar/repos/PorCrystalStructures/data/raw_xyz/xyz/porphyrins/ODAWUL_3.xyz,metal,NO_METAL
3362,/home/shachar/repos/PorCrystalStructures/data/raw_xyz/xyz/porphyrins/ODAXAS_0.xyz,metal,NO_METAL
3363,/home/shachar/repos/PorCrystalStructures/data/raw_xyz/xyz/porphyrins/ODAXAS_1.xyz,metal,NO_METAL
3364,/home/shachar/repos/PorCrystalStructures/data/raw_xyz/xyz/porphyrins/ODAXEW_0.xyz,metal,NO_METAL
3365,/home/shachar/repos/PorCrystalStructures/data/raw_xyz/xyz/porphyrins/ODAXEW_1.xyz,metal,NO_METAL
3366,/home/shachar/repos/PorCrystalStructures/data/raw_xyz/xyz/porphyrins/ODEFAH_0.xyz,topolocial,NOT_CONNECTED_MOLECULE
3367,/home/shachar/repos/PorCrystalStructures/data/raw_xyz/xyz/porphyrins/ODEFAH_1.xyz,topolocial,NOT_CONNECTED_MOLECULE
3368,/home/shachar/repos/PorCrystalStructures/data/raw_xyz/xyz/porphyrins/ODEFOS01_0.xyz,metal,NO_METAL
3369,/home/shachar/repos/PorCrystalStructures/data/raw_xyz/xyz/porphyrins/ODEFOS_0.xyz,metal,NO_METAL
3370,/home/shachar/repos/PorCrystalStructures/data/raw_xyz/xyz/porphyrins/ODEFUY01_0.xyz,metal,NO_METAL
3371,/home/shachar/repos/PorCrystalStructures/data/raw_xyz/xyz/porphyrins/ODEFUY01_1.xyz,metal,NO_METAL
3372,/home/shachar/repos/PorCrystalStructures/data/raw_xyz/xyz/porphyrins/ODEFUY_0.xyz,metal,NO_METAL
3373,/home/shachar/repos/PorCrystalStructures/data/raw_xyz/xyz/porphyrins/ODEFUY_1.xyz,metal,NO_METAL
3374,/home/shachar/repos/PorCrystalStructures/data/raw_xyz/xyz/porphyrins/ODINUM_0.xyz,topolocial,NOT_CONNECTED_MOLECULE
3375,/home/shachar/repos/PorCrystalStructures/data/raw_xyz/xyz/porphyrins/ODINUM_1.xyz,metal,NO_METAL
3376,/home/shachar/repos/PorCrystalStructures/data/raw_xyz/xyz/porphyrins/ODIPAU_0.xyz,topolocial,NOT_A_MONOMER
3377,/home/shachar/repos/PorCrystalStructures/data/raw_xyz/xyz/porphyrins/ODIPAU_1.xyz,metal,NO_METAL
3378,/home/shachar/repos/PorCrystalStructures/data/raw_xyz/xyz/porphyrins/ODUVUE_0.xyz,charge,MOL_ODD_NUMBER_OF_ELECTRONS
3379,/home/shachar/repos/PorCrystalStructures/data/raw_xyz/xyz/porphyrins/ODUVUE_1.xyz,charge,MOL_ODD_NUMBER_OF_ELECTRONS
3380,/home/shachar/repos/PorCrystalStructures/data/raw_xyz/xyz/porphyrins/ODUVUE_2.xyz,metal,NO_METAL
3381,/home/shachar/repos/PorCrystalStructures/data/raw_xyz/xyz/porphyrins/OEBPNI_0.xyz,topolocial,NOT_SATURATED
3382,/home/shachar/repos/PorCrystalStructures/data/raw_xyz/xyz/porphyrins/OFEKOZ_0.xyz,topolocial,NOT_CONNECTED_MOLECULE
3383,/home/shachar/repos/PorCrystalStructures/data/raw_xyz/xyz/porphyrins/OFEKUF_0.xyz,topolocial,NOT_CONNECTED_MOLECULE
3384,/home/shachar/repos/PorCrystalStructures/data/raw_xyz/xyz/porphyrins/OFEVOM_0.xyz,topolocial,NOT_CONNECTED_MOLECULE
3385,/home/shachar/repos/PorCrystalStructures/data/raw_xyz/xyz/porphyrins/OFEVUS_0.xyz,topolocial,NOT_CONNECTED_MOLECULE
3386,/home/shachar/repos/PorCrystalStructures/data/raw_xyz/xyz/porphyrins/OFEVUS_1.xyz,metal,NO_METAL
3387,/home/shachar/repos/PorCrystalStructures/data/raw_xyz/xyz/porphyrins/OFEWAZ_0.xyz,topolocial,NOT_CONNECTED_MOLECULE
3388,/home/shachar/repos/PorCrystalStructures/data/raw_xyz/xyz/porphyrins/OFEWED_0.xyz,topolocial,NOT_CONNECTED_MOLECULE
3389,/home/shachar/repos/PorCrystalStructures/data/raw_xyz/xyz/porphyrins/OFOSEH_0.xyz,metal,NO_METAL
3390,/home/shachar/repos/PorCrystalStructures/data/raw_xyz/xyz/porphyrins/OFOSEH_1.xyz,metal,NO_METAL
3391,/home/shachar/repos/PorCrystalStructures/data/raw_xyz/xyz/porphyrins/OFOSIL_0.xyz,metal,NO_METAL
3392,/home/shachar/repos/PorCrystalStructures/data/raw_xyz/xyz/porphyrins/OFOSIL_1.xyz,metal,NO_METAL
3393,/home/shachar/repos/PorCrystalStructures/data/raw_xyz/xyz/porphyrins/OFOZAL_0.xyz,topolocial,NOT_SATURATED
3394,/home/shachar/repos/PorCrystalStructures/data/raw_xyz/xyz/porphyrins/OFOZAL_1.xyz,metal,NO_METAL
3395,/home/shachar/repos/PorCrystalStructures/data/raw_xyz/xyz/porphyrins/OFOZEP_0.xyz,metal,NO_METAL
3396,/home/shachar/repos/PorCrystalStructures/data/raw_xyz/xyz/porphyrins/OFOZEP_1.xyz,metal,NO_METAL
3397,/home/shachar/repos/PorCrystalStructures/data/raw_xyz/xyz/porphyrins/OFUQUE_0.xyz,metal,NO_METAL
3398,/home/shachar/repos/PorCrystalStructures/data/raw_xyz/xyz/porphyrins/OGOJID_0.xyz,topolocial,NOT_A_MONOMER
3399,/home/shachar/repos/PorCrystalStructures/data/raw_xyz/xyz/porphyrins/OGOJID_1.xyz,metal,NO_METAL
3400,/home/shachar/repos/PorCrystalStructures/data/raw_xyz/xyz/porphyrins/OGUNIP_0.xyz,topolocial,NOT_A_MONOMER
3401,/home/shachar/repos/PorCrystalStructures/data/raw_xyz/xyz/porphyrins/OGUNIP_1.xyz,metal,NO_METAL
3402,/home/shachar/repos/PorCrystalStructures/data/raw_xyz/xyz/porphyrins/OGUNIP_2.xyz,metal,NO_METAL
3403,/home/shachar/repos/PorCrystalStructures/data/raw_xyz/xyz/porphyrins/OGUNIP_3.xyz,metal,NO_METAL
3404,/home/shachar/repos/PorCrystalStructures/data/raw_xyz/xyz/porphyrins/OHAVUR_0.xyz,metal,NO_METAL
3405,/home/shachar/repos/PorCrystalStructures/data/raw_xyz/xyz/porphyrins/OHAVUR_1.xyz,metal,NO_METAL
3406,/home/shachar/repos/PorCrystalStructures/data/raw_xyz/xyz/porphyrins/OHOLIG_0.xyz,charge,MOL_ODD_NUMBER_OF_ELECTRONS
3407,/home/shachar/repos/PorCrystalStructures/data/raw_xyz/xyz/porphyrins/OHOLIG_1.xyz,metal,NO_METAL
3408,/home/shachar/repos/PorCrystalStructures/data/raw_xyz/xyz/porphyrins/OHUSUH_0.xyz,metal,NO_METAL
3409,/home/shachar/repos/PorCrystalStructures/data/raw_xyz/xyz/porphyrins/OJEBAJ_0.xyz,topolocial,NOT_A_MONOMER
3410,/home/shachar/repos/PorCrystalStructures/data/raw_xyz/xyz/porphyrins/OJISUV_0.xyz,metal,NO_METAL
3411,/home/shachar/repos/PorCrystalStructures/data/raw_xyz/xyz/porphyrins/OJITAC_0.xyz,topolocial,NOT_CONNECTED_MOLECULE
3412,/home/shachar/repos/PorCrystalStructures/data/raw_xyz/xyz/porphyrins/OJITAC_1.xyz,metal,NO_METAL
3413,/home/shachar/repos/PorCrystalStructures/data/raw_xyz/xyz/porphyrins/OJITEG_0.xyz,topolocial,PYRROLE_NOT_BOUND_TO_METAL
3414,/home/shachar/repos/PorCrystalStructures/data/raw_xyz/xyz/porphyrins/OJITEG_1.xyz,metal,NO_METAL
3415,/home/shachar/repos/PorCrystalStructures/data/raw_xyz/xyz/porphyrins/OJIYEN_0.xyz,valid,VALID
3416,/home/shachar/repos/PorCrystalStructures/data/raw_xyz/xyz/porphyrins/OJOTUD_0.xyz,topolocial,NOT_CONNECTED_MOLECULE
3417,/home/shachar/repos/PorCrystalStructures/data/raw_xyz/xyz/porphyrins/OJOTUD_1.xyz,metal,NO_METAL
3418,/home/shachar/repos/PorCrystalStructures/data/raw_xyz/xyz/porphyrins/OJOTUD_2.xyz,metal,NO_METAL
3419,/home/shachar/repos/PorCrystalStructures/data/raw_xyz/xyz/porphyrins/OJUKUC_0.xyz,topolocial,NOT_A_MONOMER
3420,/home/shachar/repos/PorCrystalStructures/data/raw_xyz/xyz/porphyrins/OJUKUC_1.xyz,metal,NO_METAL
3421,/home/shachar/repos/PorCrystalStructures/data/raw_xyz/xyz/porphyrins/OKOQIO_0.xyz,charge,TOO_LARGE_COUNTER_MOL
3422,/home/shachar/repos/PorCrystalStructures/data/raw_xyz/xyz/porphyrins/OKOQIO_1.xyz,metal,NO_METAL
3423,/home/shachar/repos/PorCrystalStructures/data/raw_xyz/xyz/porphyrins/OKOQIO_2.xyz,metal,NO_METAL
3424,/home/shachar/repos/PorCrystalStructures/data/raw_xyz/xyz/porphyrins/OKOSIQ_0.xyz,topolocial,NOT_SATURATED
3425,/home/shachar/repos/PorCrystalStructures/data/raw_xyz/xyz/porphyrins/OKOSIQ_1.xyz,metal,NO_METAL
3426,/home/shachar/repos/PorCrystalStructures/data/raw_xyz/xyz/porphyrins/OKOSOW_0.xyz,topolocial,NOT_SATURATED
3427,/home/shachar/repos/PorCrystalStructures/data/raw_xyz/xyz/porphyrins/OKOSOW_1.xyz,metal,NO_METAL
3428,/home/shachar/repos/PorCrystalStructures/data/raw_xyz/xyz/porphyrins/OKOSUC_0.xyz,topolocial,NOT_SATURATED
3429,/home/shachar/repos/PorCrystalStructures/data/raw_xyz/xyz/porphyrins/OKOSUC_1.xyz,metal,NO_METAL
3430,/home/shachar/repos/PorCrystalStructures/data/raw_xyz/xyz/porphyrins/OLAZOR_0.xyz,metal,NO_METAL
3431,/home/shachar/repos/PorCrystalStructures/data/raw_xyz/xyz/porphyrins/OLIMAX_0.xyz,valence,BAD VALENCE
3432,/home/shachar/repos/PorCrystalStructures/data/raw_xyz/xyz/porphyrins/OLIMAX_1.xyz,metal,NO_METAL
3433,/home/shachar/repos/PorCrystalStructures/data/raw_xyz/xyz/porphyrins/OLUJOW_0.xyz,topolocial,NOT_A_MONOMER
3434,/home/shachar/repos/PorCrystalStructures/data/raw_xyz/xyz/porphyrins/OLUJOW_1.xyz,metal,NO_METAL
3435,/home/shachar/repos/PorCrystalStructures/data/raw_xyz/xyz/porphyrins/OLUJOW_2.xyz,metal,NO_METAL
3436,/home/shachar/repos/PorCrystalStructures/data/raw_xyz/xyz/porphyrins/OLUJUC_0.xyz,topolocial,NOT_CONNECTED_MOLECULE
3437,/home/shachar/repos/PorCrystalStructures/data/raw_xyz/xyz/porphyrins/OMEJUO_0.xyz,topolocial,NOT_A_MONOMER
3438,/home/shachar/repos/PorCrystalStructures/data/raw_xyz/xyz/porphyrins/OMEYOU_0.xyz,topolocial,NOT_CONNECTED_MOLECULE
3439,/home/shachar/repos/PorCrystalStructures/data/raw_xyz/xyz/porphyrins/OMEYOU_1.xyz,topolocial,BIDENTATE_MACROCYCLE_SUBS
3440,/home/shachar/repos/PorCrystalStructures/data/raw_xyz/xyz/porphyrins/OMEYOU_2.xyz,metal,NO_METAL
3441,/home/shachar/repos/PorCrystalStructures/data/raw_xyz/xyz/porphyrins/OMEYOU_3.xyz,metal,NO_METAL
3442,/home/shachar/repos/PorCrystalStructures/data/raw_xyz/xyz/porphyrins/OMEYOU_4.xyz,metal,NO_METAL
3443,/home/shachar/repos/PorCrystalStructures/data/raw_xyz/xyz/porphyrins/OMEYOU_5.xyz,metal,NO_METAL
3444,/home/shachar/repos/PorCrystalStructures/data/raw_xyz/xyz/porphyrins/OMEYUA_0.xyz,topolocial,BIDENTATE_MACROCYCLE_SUBS
3445,/home/shachar/repos/PorCrystalStructures/data/raw_xyz/xyz/porphyrins/OMEYUA_1.xyz,metal,NO_METAL
3446,/home/shachar/repos/PorCrystalStructures/data/raw_xyz/xyz/porphyrins/ONIGEZ_0.xyz,topolocial,NOT_CONNECTED_MOLECULE
3447,/home/shachar/repos/PorCrystalStructures/data/raw_xyz/xyz/porphyrins/ONIYUG_0.xyz,metal,NO_METAL
3448,/home/shachar/repos/PorCrystalStructures/data/raw_xyz/xyz/porphyrins/ONIYUG_1.xyz,metal,NO_METAL
3449,/home/shachar/repos/PorCrystalStructures/data/raw_xyz/xyz/porphyrins/ONOHOQ_0.xyz,topolocial,NOT_CONNECTED_MOLECULE
3450,/home/shachar/repos/PorCrystalStructures/data/raw_xyz/xyz/porphyrins/ONOHOQ_1.xyz,metal,NO_METAL
3451,/home/shachar/repos/PorCrystalStructures/data/raw_xyz/xyz/porphyrins/ONOHOQ_2.xyz,metal,NO_METAL
3452,/home/shachar/repos/PorCrystalStructures/data/raw_xyz/xyz/porphyrins/ONOHOQ_3.xyz,metal,NO_METAL
3453,/home/shachar/repos/PorCrystalStructures/data/raw_xyz/xyz/porphyrins/ONOHOQ_4.xyz,metal,NO_METAL
3454,/home/shachar/repos/PorCrystalStructures/data/raw_xyz/xyz/porphyrins/ONOHOQ_5.xyz,metal,NO_METAL
3455,/home/shachar/repos/PorCrystalStructures/data/raw_xyz/xyz/porphyrins/ONOHOQ_6.xyz,metal,NO_METAL
3456,/home/shachar/repos/PorCrystalStructures/data/raw_xyz/xyz/porphyrins/ONOHOQ_7.xyz,metal,NO_METAL
3457,/home/shachar/repos/PorCrystalStructures/data/raw_xyz/xyz/porphyrins/OQAZAI_0.xyz,metal,NO_METAL
3458,/home/shachar/repos/PorCrystalStructures/data/raw_xyz/xyz/porphyrins/OQAZAI_1.xyz,metal,NO_METAL
3459,/home/shachar/repos/PorCrystalStructures/data/raw_xyz/xyz/porphyrins/OQAZAI_2.xyz,metal,NO_METAL
3460,/home/shachar/repos/PorCrystalStructures/data/raw_xyz/xyz/porphyrins/OQINOU_0.xyz,topolocial,DOESNT_HAVE_METAL
3461,/home/shachar/repos/PorCrystalStructures/data/raw_xyz/xyz/porphyrins/OQINOU_1.xyz,metal,NO_METAL
3462,/home/shachar/repos/PorCrystalStructures/data/raw_xyz/xyz/porphyrins/OQINOU_2.xyz,metal,NO_METAL
3463,/home/shachar/repos/PorCrystalStructures/data/raw_xyz/xyz/porphyrins/OQINUA_0.xyz,topolocial,DOESNT_HAVE_METAL
3464,/home/shachar/repos/PorCrystalStructures/data/raw_xyz/xyz/porphyrins/OQINUA_1.xyz,metal,NO_METAL
3465,/home/shachar/repos/PorCrystalStructures/data/raw_xyz/xyz/porphyrins/OQOQAN_0.xyz,metal,NO_METAL
3466,/home/shachar/repos/PorCrystalStructures/data/raw_xyz/xyz/porphyrins/OQOQER_0.xyz,metal,NO_METAL
3467,/home/shachar/repos/PorCrystalStructures/data/raw_xyz/xyz/porphyrins/OQOQER_1.xyz,metal,NO_METAL
3468,/home/shachar/repos/PorCrystalStructures/data/raw_xyz/xyz/porphyrins/OQOQER_2.xyz,metal,NO_METAL
3469,/home/shachar/repos/PorCrystalStructures/data/raw_xyz/xyz/porphyrins/OQOQIV_0.xyz,metal,NO_METAL
3470,/home/shachar/repos/PorCrystalStructures/data/raw_xyz/xyz/porphyrins/OQOQIV_1.xyz,metal,NO_METAL
3471,/home/shachar/repos/PorCrystalStructures/data/raw_xyz/xyz/porphyrins/OQOQOB_0.xyz,charge,MOL_ODD_NUMBER_OF_ELECTRONS
3472,/home/shachar/repos/PorCrystalStructures/data/raw_xyz/xyz/porphyrins/OQOQOB_1.xyz,metal,NO_METAL
3473,/home/shachar/repos/PorCrystalStructures/data/raw_xyz/xyz/porphyrins/OQUVIH_0.xyz,topolocial,NOT_CONNECTED_MOLECULE
3474,/home/shachar/repos/PorCrystalStructures/data/raw_xyz/xyz/porphyrins/OQUVIH_1.xyz,metal,NO_METAL
3475,/home/shachar/repos/PorCrystalStructures/data/raw_xyz/xyz/porphyrins/OQUVIH_2.xyz,metal,NO_METAL
3476,/home/shachar/repos/PorCrystalStructures/data/raw_xyz/xyz/porphyrins/OROJOV_0.xyz,valid,VALID
3477,/home/shachar/repos/PorCrystalStructures/data/raw_xyz/xyz/porphyrins/OROKAI01_0.xyz,charge,MOL_ODD_NUMBER_OF_ELECTRONS
3478,/home/shachar/repos/PorCrystalStructures/data/raw_xyz/xyz/porphyrins/OROKAI_0.xyz,charge,MOL_ODD_NUMBER_OF_ELECTRONS
3479,/home/shachar/repos/PorCrystalStructures/data/raw_xyz/xyz/porphyrins/OROKEM01_0.xyz,charge,MOL_ODD_NUMBER_OF_ELECTRONS
3480,/home/shachar/repos/PorCrystalStructures/data/raw_xyz/xyz/porphyrins/OROKEM_0.xyz,charge,MOL_ODD_NUMBER_OF_ELECTRONS
3481,/home/shachar/repos/PorCrystalStructures/data/raw_xyz/xyz/porphyrins/OSUWUW_0.xyz,topolocial,BIDENTATE_MACROCYCLE_SUBS
3482,/home/shachar/repos/PorCrystalStructures/data/raw_xyz/xyz/porphyrins/OSUWUW_1.xyz,metal,NO_METAL
3483,/home/shachar/repos/PorCrystalStructures/data/raw_xyz/xyz/porphyrins/OSUWUW_2.xyz,metal,NO_METAL
3484,/home/shachar/repos/PorCrystalStructures/data/raw_xyz/xyz/porphyrins/OSUXAD_0.xyz,topolocial,NOT_CONNECTED_MOLECULE
3485,/home/shachar/repos/PorCrystalStructures/data/raw_xyz/xyz/porphyrins/OSUXAD_1.xyz,metal,NO_METAL
3486,/home/shachar/repos/PorCrystalStructures/data/raw_xyz/xyz/porphyrins/OSUXEH_0.xyz,topolocial,BIDENTATE_MACROCYCLE_SUBS
3487,/home/shachar/repos/PorCrystalStructures/data/raw_xyz/xyz/porphyrins/OSUXEH_1.xyz,metal,NO_METAL
3488,/home/shachar/repos/PorCrystalStructures/data/raw_xyz/xyz/porphyrins/OSUXEH_2.xyz,metal,NO_METAL
3489,/home/shachar/repos/PorCrystalStructures/data/raw_xyz/xyz/porphyrins/OTPHMO_0.xyz,valence,BAD VALENCE
3490,/home/shachar/repos/PorCrystalStructures/data/raw_xyz/xyz/porphyrins/OTPHMO_1.xyz,metal,NO_METAL
3491,/home/shachar/repos/PorCrystalStructures/data/raw_xyz/xyz/porphyrins/OTUZOV_0.xyz,topolocial,NOT_CONNECTED_MOLECULE
3492,/home/shachar/repos/PorCrystalStructures/data/raw_xyz/xyz/porphyrins/OTUZOV_1.xyz,metal,NO_METAL
3493,/home/shachar/repos/PorCrystalStructures/data/raw_xyz/xyz/porphyrins/OTUZUB_0.xyz,topolocial,NOT_A_MONOMER
3494,/home/shachar/repos/PorCrystalStructures/data/raw_xyz/xyz/porphyrins/OTUZUB_1.xyz,metal,NO_METAL
3495,/home/shachar/repos/PorCrystalStructures/data/raw_xyz/xyz/porphyrins/OWIYID_0.xyz,valid,VALID
3496,/home/shachar/repos/PorCrystalStructures/data/raw_xyz/xyz/porphyrins/OWIYID_1.xyz,metal,NO_METAL
3497,/home/shachar/repos/PorCrystalStructures/data/raw_xyz/xyz/porphyrins/OWIYID_2.xyz,metal,NO_METAL
3498,/home/shachar/repos/PorCrystalStructures/data/raw_xyz/xyz/porphyrins/OXEQOY_0.xyz,topolocial,NOT_CONNECTED_MOLECULE
3499,/home/shachar/repos/PorCrystalStructures/data/raw_xyz/xyz/porphyrins/OXEQOY_1.xyz,metal,NO_METAL
3500,/home/shachar/repos/PorCrystalStructures/data/raw_xyz/xyz/porphyrins/OXERAL_0.xyz,topolocial,NOT_SATURATED
3501,/home/shachar/repos/PorCrystalStructures/data/raw_xyz/xyz/porphyrins/OXODAH_0.xyz,topolocial,NOT_CONNECTED_MOLECULE
3502,/home/shachar/repos/PorCrystalStructures/data/raw_xyz/xyz/porphyrins/OXODAH_1.xyz,metal,NO_METAL
3503,/home/shachar/repos/PorCrystalStructures/data/raw_xyz/xyz/porphyrins/OXODEL_0.xyz,topolocial,NOT_CONNECTED_MOLECULE
3504,/home/shachar/repos/PorCrystalStructures/data/raw_xyz/xyz/porphyrins/OYIHUB02_0.xyz,topolocial,DOESNT_HAVE_METAL
3505,/home/shachar/repos/PorCrystalStructures/data/raw_xyz/xyz/porphyrins/OYIHUB02_1.xyz,metal,NO_METAL
3506,/home/shachar/repos/PorCrystalStructures/data/raw_xyz/xyz/porphyrins/OZUBAN_0.xyz,topolocial,NOT_CONNECTED_MOLECULE
3507,/home/shachar/repos/PorCrystalStructures/data/raw_xyz/xyz/porphyrins/OZUBER_0.xyz,topolocial,NOT_CONNECTED_MOLECULE
3508,/home/shachar/repos/PorCrystalStructures/data/raw_xyz/xyz/porphyrins/OZUBER_1.xyz,metal,NO_METAL
3509,/home/shachar/repos/PorCrystalStructures/data/raw_xyz/xyz/porphyrins/OZUBIV_0.xyz,topolocial,NOT_CONNECTED_MOLECULE
3510,/home/shachar/repos/PorCrystalStructures/data/raw_xyz/xyz/porphyrins/OZUBIV_1.xyz,metal,NO_METAL
3511,/home/shachar/repos/PorCrystalStructures/data/raw_xyz/xyz/porphyrins/OZUBIV_2.xyz,metal,NO_METAL
3512,/home/shachar/repos/PorCrystalStructures/data/raw_xyz/xyz/porphyrins/OZUBOB_0.xyz,topolocial,NOT_CONNECTED_MOLECULE
3513,/home/shachar/repos/PorCrystalStructures/data/raw_xyz/xyz/porphyrins/OZUBOB_1.xyz,metal,NO_METAL
3514,/home/shachar/repos/PorCrystalStructures/data/raw_xyz/xyz/porphyrins/OZUBOB_2.xyz,metal,NO_METAL
3515,/home/shachar/repos/PorCrystalStructures/data/raw_xyz/xyz/porphyrins/OZUYIS_0.xyz,metal,NO_METAL
3516,/home/shachar/repos/PorCrystalStructures/data/raw_xyz/xyz/porphyrins/OZUYOY_0.xyz,topolocial,NOT_A_MONOMER
3517,/home/shachar/repos/PorCrystalStructures/data/raw_xyz/xyz/porphyrins/OZUYOY_1.xyz,metal,NO_METAL
3518,/home/shachar/repos/PorCrystalStructures/data/raw_xyz/xyz/porphyrins/OZUYUE_0.xyz,topolocial,NOT_A_MONOMER
3519,/home/shachar/repos/PorCrystalStructures/data/raw_xyz/xyz/porphyrins/OZUYUE_1.xyz,metal,NO_METAL
3520,/home/shachar/repos/PorCrystalStructures/data/raw_xyz/xyz/porphyrins/OZUZAL_0.xyz,metal,NO_METAL
3521,/home/shachar/repos/PorCrystalStructures/data/raw_xyz/xyz/porphyrins/OZUZAL_1.xyz,metal,NO_METAL
3522,/home/shachar/repos/PorCrystalStructures/data/raw_xyz/xyz/porphyrins/PACRES_0.xyz,metal,NO_METAL
3523,/home/shachar/repos/PorCrystalStructures/data/raw_xyz/xyz/porphyrins/PACRIW_0.xyz,metal,NO_METAL
3524,/home/shachar/repos/PorCrystalStructures/data/raw_xyz/xyz/porphyrins/PACROC_0.xyz,metal,NO_METAL
3525,/home/shachar/repos/PorCrystalStructures/data/raw_xyz/xyz/porphyrins/PAFFOV_0.xyz,topolocial,NOT_CONNECTED_MOLECULE
3526,/home/shachar/repos/PorCrystalStructures/data/raw_xyz/xyz/porphyrins/PAFFOV_1.xyz,metal,NO_METAL
3527,/home/shachar/repos/PorCrystalStructures/data/raw_xyz/xyz/porphyrins/PAFFOV_2.xyz,metal,NO_METAL
3528,/home/shachar/repos/PorCrystalStructures/data/raw_xyz/xyz/porphyrins/PAFLIU02_0.xyz,topolocial,NOT_CONNECTED_MOLECULE
3529,/home/shachar/repos/PorCrystalStructures/data/raw_xyz/xyz/porphyrins/PAFLOA_0.xyz,metal,NO_METAL
3530,/home/shachar/repos/PorCrystalStructures/data/raw_xyz/xyz/porphyrins/PAGLUE_0.xyz,valid,VALID
3531,/home/shachar/repos/PorCrystalStructures/data/raw_xyz/xyz/porphyrins/PAGLUE_1.xyz,metal,NO_METAL
3532,/home/shachar/repos/PorCrystalStructures/data/raw_xyz/xyz/porphyrins/PAGWEZ_0.xyz,charge,MOL_ODD_NUMBER_OF_ELECTRONS
3533,/home/shachar/repos/PorCrystalStructures/data/raw_xyz/xyz/porphyrins/PAGWEZ_1.xyz,metal,NO_METAL
3534,/home/shachar/repos/PorCrystalStructures/data/raw_xyz/xyz/porphyrins/PAHLIX_0.xyz,topolocial,NOT_A_MONOMER
3535,/home/shachar/repos/PorCrystalStructures/data/raw_xyz/xyz/porphyrins/PAHLIX_1.xyz,metal,NO_METAL
3536,/home/shachar/repos/PorCrystalStructures/data/raw_xyz/xyz/porphyrins/PAHWUS_0.xyz,metal,NO_METAL
3537,/home/shachar/repos/PorCrystalStructures/data/raw_xyz/xyz/porphyrins/PAHWUS_1.xyz,metal,NO_METAL
3538,/home/shachar/repos/PorCrystalStructures/data/raw_xyz/xyz/porphyrins/PAHWUS_2.xyz,metal,NO_METAL
3539,/home/shachar/repos/PorCrystalStructures/data/raw_xyz/xyz/porphyrins/PAHXIH01_0.xyz,metal,NO_METAL
3540,/home/shachar/repos/PorCrystalStructures/data/raw_xyz/xyz/porphyrins/PAHXIH_0.xyz,metal,NO_METAL
3541,/home/shachar/repos/PorCrystalStructures/data/raw_xyz/xyz/porphyrins/PAHXIH_1.xyz,metal,NO_METAL
3542,/home/shachar/repos/PorCrystalStructures/data/raw_xyz/xyz/porphyrins/PAHXUT_0.xyz,metal,NO_METAL
3543,/home/shachar/repos/PorCrystalStructures/data/raw_xyz/xyz/porphyrins/PAHXUT_1.xyz,metal,NO_METAL
3544,/home/shachar/repos/PorCrystalStructures/data/raw_xyz/xyz/porphyrins/PAHXUT_2.xyz,metal,NO_METAL
3545,/home/shachar/repos/PorCrystalStructures/data/raw_xyz/xyz/porphyrins/PAHXUT_3.xyz,metal,NO_METAL
3546,/home/shachar/repos/PorCrystalStructures/data/raw_xyz/xyz/porphyrins/PAHXUT_4.xyz,metal,NO_METAL
3547,/home/shachar/repos/PorCrystalStructures/data/raw_xyz/xyz/porphyrins/PAKQIC_0.xyz,topolocial,NOT_A_MONOMER
3548,/home/shachar/repos/PorCrystalStructures/data/raw_xyz/xyz/porphyrins/PALFAL_0.xyz,valid,VALID
3549,/home/shachar/repos/PorCrystalStructures/data/raw_xyz/xyz/porphyrins/PALKAO10_0.xyz,metal,NO_METAL
3550,/home/shachar/repos/PorCrystalStructures/data/raw_xyz/xyz/porphyrins/PALKAO10_1.xyz,metal,NO_METAL
3551,/home/shachar/repos/PorCrystalStructures/data/raw_xyz/xyz/porphyrins/PALKAO10_2.xyz,metal,NO_METAL
3552,/home/shachar/repos/PorCrystalStructures/data/raw_xyz/xyz/porphyrins/PALKAO10_3.xyz,metal,NO_METAL
3553,/home/shachar/repos/PorCrystalStructures/data/raw_xyz/xyz/porphyrins/PALKAO_0.xyz,metal,NO_METAL
3554,/home/shachar/repos/PorCrystalStructures/data/raw_xyz/xyz/porphyrins/PALKAO_1.xyz,metal,NO_METAL
3555,/home/shachar/repos/PorCrystalStructures/data/raw_xyz/xyz/porphyrins/PALKAO_2.xyz,metal,NO_METAL
3556,/home/shachar/repos/PorCrystalStructures/data/raw_xyz/xyz/porphyrins/PALKAO_3.xyz,metal,NO_METAL
3557,/home/shachar/repos/PorCrystalStructures/data/raw_xyz/xyz/porphyrins/PALKES10_0.xyz,topolocial,NOT_A_MONOMER
3558,/home/shachar/repos/PorCrystalStructures/data/raw_xyz/xyz/porphyrins/PALKES_0.xyz,topolocial,NOT_A_MONOMER
3559,/home/shachar/repos/PorCrystalStructures/data/raw_xyz/xyz/porphyrins/PAMDEN_0.xyz,topolocial,NOT_CONNECTED_MOLECULE
3560,/home/shachar/repos/PorCrystalStructures/data/raw_xyz/xyz/porphyrins/PAMDIR_0.xyz,metal,NO_METAL
3561,/home/shachar/repos/PorCrystalStructures/data/raw_xyz/xyz/porphyrins/PAMZIO_0.xyz,metal,NO_METAL
3562,/home/shachar/repos/PorCrystalStructures/data/raw_xyz/xyz/porphyrins/PAPFAO_0.xyz,topolocial,NOT_CONNECTED_MOLECULE
3563,/home/shachar/repos/PorCrystalStructures/data/raw_xyz/xyz/porphyrins/PAPFAO_1.xyz,metal,NO_METAL
3564,/home/shachar/repos/PorCrystalStructures/data/raw_xyz/xyz/porphyrins/PAPPAY_0.xyz,topolocial,NOT_SATURATED
3565,/home/shachar/repos/PorCrystalStructures/data/raw_xyz/xyz/porphyrins/PAPPAY_1.xyz,metal,NO_METAL
3566,/home/shachar/repos/PorCrystalStructures/data/raw_xyz/xyz/porphyrins/PAPPAY_2.xyz,topolocial,NOT_A_MONOMER
3567,/home/shachar/repos/PorCrystalStructures/data/raw_xyz/xyz/porphyrins/PAPPIG_0.xyz,topolocial,NOT_SATURATED
3568,/home/shachar/repos/PorCrystalStructures/data/raw_xyz/xyz/porphyrins/PAPPIG_1.xyz,metal,NO_METAL
3569,/home/shachar/repos/PorCrystalStructures/data/raw_xyz/xyz/porphyrins/PAPPIG_2.xyz,metal,NO_METAL
3570,/home/shachar/repos/PorCrystalStructures/data/raw_xyz/xyz/porphyrins/PAPPIG_3.xyz,topolocial,NOT_A_MONOMER
3571,/home/shachar/repos/PorCrystalStructures/data/raw_xyz/xyz/porphyrins/PAPVUB_0.xyz,topolocial,NOT_CONNECTED_MOLECULE
3572,/home/shachar/repos/PorCrystalStructures/data/raw_xyz/xyz/porphyrins/PAQBAK_0.xyz,charge,TOO_LARGE_COUNTER_MOL
3573,/home/shachar/repos/PorCrystalStructures/data/raw_xyz/xyz/porphyrins/PAQBAK_1.xyz,metal,NO_METAL
3574,/home/shachar/repos/PorCrystalStructures/data/raw_xyz/xyz/porphyrins/PAQBAK_2.xyz,metal,NO_METAL
3575,/home/shachar/repos/PorCrystalStructures/data/raw_xyz/xyz/porphyrins/PAQBAK_3.xyz,metal,NO_METAL
3576,/home/shachar/repos/PorCrystalStructures/data/raw_xyz/xyz/porphyrins/PAVLON_0.xyz,topolocial,PYRROLE_NOT_BOUND_TO_METAL
3577,/home/shachar/repos/PorCrystalStructures/data/raw_xyz/xyz/porphyrins/PAZQUG_0.xyz,topolocial,NOT_CONNECTED_MOLECULE
3578,/home/shachar/repos/PorCrystalStructures/data/raw_xyz/xyz/porphyrins/PAZQUG_1.xyz,metal,NO_METAL
3579,/home/shachar/repos/PorCrystalStructures/data/raw_xyz/xyz/porphyrins/PAZRAJ_0.xyz,topolocial,NOT_CONNECTED_MOLECULE
3580,/home/shachar/repos/PorCrystalStructures/data/raw_xyz/xyz/porphyrins/PAZRAJ_1.xyz,metal,NO_METAL
3581,/home/shachar/repos/PorCrystalStructures/data/raw_xyz/xyz/porphyrins/PAZRAN_0.xyz,valid,VALID
3582,/home/shachar/repos/PorCrystalStructures/data/raw_xyz/xyz/porphyrins/PEBMUG_0.xyz,topolocial,NOT_CONNECTED_MOLECULE
3583,/home/shachar/repos/PorCrystalStructures/data/raw_xyz/xyz/porphyrins/PEBMUG_1.xyz,metal,NO_METAL
3584,/home/shachar/repos/PorCrystalStructures/data/raw_xyz/xyz/porphyrins/PEBQAR_0.xyz,topolocial,NOT_CONNECTED_MOLECULE
3585,/home/shachar/repos/PorCrystalStructures/data/raw_xyz/xyz/porphyrins/PEDJEQ_0.xyz,topolocial,NOT_CONNECTED_MOLECULE
3586,/home/shachar/repos/PorCrystalStructures/data/raw_xyz/xyz/porphyrins/PEDJUG_0.xyz,topolocial,NOT_SATURATED
3587,/home/shachar/repos/PorCrystalStructures/data/raw_xyz/xyz/porphyrins/PEDKER_0.xyz,topolocial,NOT_CONNECTED_MOLECULE
3588,/home/shachar/repos/PorCrystalStructures/data/raw_xyz/xyz/porphyrins/PEDLES_0.xyz,topolocial,NOT_SATURATED
3589,/home/shachar/repos/PorCrystalStructures/data/raw_xyz/xyz/porphyrins/PEDLES_1.xyz,metal,NO_METAL
3590,/home/shachar/repos/PorCrystalStructures/data/raw_xyz/xyz/porphyrins/PEDNAQ_0.xyz,metal,NO_METAL
3591,/home/shachar/repos/PorCrystalStructures/data/raw_xyz/xyz/porphyrins/PEDNAQ_1.xyz,metal,NO_METAL
3592,/home/shachar/repos/PorCrystalStructures/data/raw_xyz/xyz/porphyrins/PEDNIY_0.xyz,charge,COUNTER_MOL_ODD_NUMBER_OF_ELECTRONS
3593,/home/shachar/repos/PorCrystalStructures/data/raw_xyz/xyz/porphyrins/PEDNIY_1.xyz,metal,NO_METAL
3594,/home/shachar/repos/PorCrystalStructures/data/raw_xyz/xyz/porphyrins/PEDNIY_2.xyz,metal,NO_METAL
3595,/home/shachar/repos/PorCrystalStructures/data/raw_xyz/xyz/porphyrins/PEFYOP_0.xyz,topolocial,NOT_CONNECTED_MOLECULE
3596,/home/shachar/repos/PorCrystalStructures/data/raw_xyz/xyz/porphyrins/PEFYOP_1.xyz,metal,NO_METAL
3597,/home/shachar/repos/PorCrystalStructures/data/raw_xyz/xyz/porphyrins/PEFZOP_0.xyz,topolocial,NOT_CONNECTED_MOLECULE
3598,/home/shachar/repos/PorCrystalStructures/data/raw_xyz/xyz/porphyrins/PEFZOP_1.xyz,metal,NO_METAL
3599,/home/shachar/repos/PorCrystalStructures/data/raw_xyz/xyz/porphyrins/PEGJAM10_0.xyz,topolocial,NOT_A_MONOMER
3600,/home/shachar/repos/PorCrystalStructures/data/raw_xyz/xyz/porphyrins/PEGJIU10_0.xyz,topolocial,NOT_A_MONOMER
3601,/home/shachar/repos/PorCrystalStructures/data/raw_xyz/xyz/porphyrins/PEGJIU_0.xyz,topolocial,NOT_A_MONOMER
3602,/home/shachar/repos/PorCrystalStructures/data/raw_xyz/xyz/porphyrins/PEGJIU_1.xyz,metal,NO_METAL
3603,/home/shachar/repos/PorCrystalStructures/data/raw_xyz/xyz/porphyrins/PEGSUQ_0.xyz,charge,MOL_ODD_NUMBER_OF_ELECTRONS
3604,/home/shachar/repos/PorCrystalStructures/data/raw_xyz/xyz/porphyrins/PEMQEF_0.xyz,topolocial,NOT_CONNECTED_MOLECULE
3605,/home/shachar/repos/PorCrystalStructures/data/raw_xyz/xyz/porphyrins/PEMQEF_1.xyz,metal,NO_METAL
3606,/home/shachar/repos/PorCrystalStructures/data/raw_xyz/xyz/porphyrins/PEMQEF_2.xyz,metal,NO_METAL
3607,/home/shachar/repos/PorCrystalStructures/data/raw_xyz/xyz/porphyrins/PEMQEF_3.xyz,metal,NO_METAL
3608,/home/shachar/repos/PorCrystalStructures/data/raw_xyz/xyz/porphyrins/PENNAX01_0.xyz,topolocial,NOT_SATURATED
3609,/home/shachar/repos/PorCrystalStructures/data/raw_xyz/xyz/porphyrins/PENNAX_0.xyz,topolocial,NOT_SATURATED
3610,/home/shachar/repos/PorCrystalStructures/data/raw_xyz/xyz/porphyrins/PEQWUH_0.xyz,topolocial,NOT_CONNECTED_MOLECULE
3611,/home/shachar/repos/PorCrystalStructures/data/raw_xyz/xyz/porphyrins/PEQWUH_1.xyz,metal,NO_METAL
3612,/home/shachar/repos/PorCrystalStructures/data/raw_xyz/xyz/porphyrins/PEQWUH_2.xyz,metal,NO_METAL
3613,/home/shachar/repos/PorCrystalStructures/data/raw_xyz/xyz/porphyrins/PEQXAO_0.xyz,topolocial,NOT_A_MONOMER
3614,/home/shachar/repos/PorCrystalStructures/data/raw_xyz/xyz/porphyrins/PEQXAO_1.xyz,metal,NO_METAL
3615,/home/shachar/repos/PorCrystalStructures/data/raw_xyz/xyz/porphyrins/PERNUW_0.xyz,metal,NO_METAL
3616,/home/shachar/repos/PorCrystalStructures/data/raw_xyz/xyz/porphyrins/PESRIO_0.xyz,topolocial,NOT_CONNECTED_MOLECULE
3617,/home/shachar/repos/PorCrystalStructures/data/raw_xyz/xyz/porphyrins/PESRIO_1.xyz,metal,NO_METAL
3618,/home/shachar/repos/PorCrystalStructures/data/raw_xyz/xyz/porphyrins/PEVFII_0.xyz,metal,NO_METAL
3619,/home/shachar/repos/PorCrystalStructures/data/raw_xyz/xyz/porphyrins/PEWCEB_0.xyz,topolocial,NOT_CONNECTED_MOLECULE
3620,/home/shachar/repos/PorCrystalStructures/data/raw_xyz/xyz/porphyrins/PEWCEB_1.xyz,metal,NO_METAL
3621,/home/shachar/repos/PorCrystalStructures/data/raw_xyz/xyz/porphyrins/PEYVUL_0.xyz,topolocial,NOT_CONNECTED_MOLECULE
3622,/home/shachar/repos/PorCrystalStructures/data/raw_xyz/xyz/porphyrins/PEYVUL_1.xyz,metal,NO_METAL
3623,/home/shachar/repos/PorCrystalStructures/data/raw_xyz/xyz/porphyrins/PEYVUL_2.xyz,metal,NO_METAL
3624,/home/shachar/repos/PorCrystalStructures/data/raw_xyz/xyz/porphyrins/PEYVUL_3.xyz,metal,NO_METAL
3625,/home/shachar/repos/PorCrystalStructures/data/raw_xyz/xyz/porphyrins/PEYVUL_4.xyz,metal,NO_METAL
3626,/home/shachar/repos/PorCrystalStructures/data/raw_xyz/xyz/porphyrins/PEYVUL_5.xyz,metal,NO_METAL
3627,/home/shachar/repos/PorCrystalStructures/data/raw_xyz/xyz/porphyrins/PEYVUL_6.xyz,metal,NO_METAL
3628,/home/shachar/repos/PorCrystalStructures/data/raw_xyz/xyz/porphyrins/PEYVUL_7.xyz,metal,NO_METAL
3629,/home/shachar/repos/PorCrystalStructures/data/raw_xyz/xyz/porphyrins/PEZBOL01_0.xyz,metal,NO_METAL
3630,/home/shachar/repos/PorCrystalStructures/data/raw_xyz/xyz/porphyrins/PEZBOL_0.xyz,metal,NO_METAL
3631,/home/shachar/repos/PorCrystalStructures/data/raw_xyz/xyz/porphyrins/PEZWUP_0.xyz,metal,NO_METAL
3632,/home/shachar/repos/PorCrystalStructures/data/raw_xyz/xyz/porphyrins/PEZWUP_1.xyz,metal,NO_METAL
3633,/home/shachar/repos/PorCrystalStructures/data/raw_xyz/xyz/porphyrins/PEZWUP_2.xyz,metal,NO_METAL
3634,/home/shachar/repos/PorCrystalStructures/data/raw_xyz/xyz/porphyrins/PEZXEA_0.xyz,metal,NO_METAL
3635,/home/shachar/repos/PorCrystalStructures/data/raw_xyz/xyz/porphyrins/PEZXEA_1.xyz,metal,NO_METAL
3636,/home/shachar/repos/PorCrystalStructures/data/raw_xyz/xyz/porphyrins/PEZXIE_0.xyz,metal,NO_METAL
3637,/home/shachar/repos/PorCrystalStructures/data/raw_xyz/xyz/porphyrins/PEZXIE_1.xyz,metal,NO_METAL
3638,/home/shachar/repos/PorCrystalStructures/data/raw_xyz/xyz/porphyrins/PIBNUJ_0.xyz,charge,MOL_ODD_NUMBER_OF_ELECTRONS
3639,/home/shachar/repos/PorCrystalStructures/data/raw_xyz/xyz/porphyrins/PIBNUJ_1.xyz,metal,NO_METAL
3640,/home/shachar/repos/PorCrystalStructures/data/raw_xyz/xyz/porphyrins/PIBPAR_0.xyz,topolocial,NOT_CONNECTED_MOLECULE
3641,/home/shachar/repos/PorCrystalStructures/data/raw_xyz/xyz/porphyrins/PIBPAR_1.xyz,topolocial,NOT_SATURATED
3642,/home/shachar/repos/PorCrystalStructures/data/raw_xyz/xyz/porphyrins/PIBROH_0.xyz,charge,MOL_ODD_NUMBER_OF_ELECTRONS
3643,/home/shachar/repos/PorCrystalStructures/data/raw_xyz/xyz/porphyrins/PIBROH_1.xyz,metal,NO_METAL
3644,/home/shachar/repos/PorCrystalStructures/data/raw_xyz/xyz/porphyrins/PIBROH_2.xyz,metal,NO_METAL
3645,/home/shachar/repos/PorCrystalStructures/data/raw_xyz/xyz/porphyrins/PIFWEH01_0.xyz,topolocial,NOT_A_MONOMER
3646,/home/shachar/repos/PorCrystalStructures/data/raw_xyz/xyz/porphyrins/PIFWEH02_0.xyz,topolocial,NOT_CONNECTED_MOLECULE
3647,/home/shachar/repos/PorCrystalStructures/data/raw_xyz/xyz/porphyrins/PIFWEH_0.xyz,topolocial,NOT_A_MONOMER
3648,/home/shachar/repos/PorCrystalStructures/data/raw_xyz/xyz/porphyrins/PIFWEH_1.xyz,metal,NO_METAL
3649,/home/shachar/repos/PorCrystalStructures/data/raw_xyz/xyz/porphyrins/PIFWEH_2.xyz,metal,NO_METAL
3650,/home/shachar/repos/PorCrystalStructures/data/raw_xyz/xyz/porphyrins/PIFWIL_0.xyz,topolocial,NOT_CONNECTED_MOLECULE
3651,/home/shachar/repos/PorCrystalStructures/data/raw_xyz/xyz/porphyrins/PIHSOP_0.xyz,topolocial,NOT_A_MONOMER
3652,/home/shachar/repos/PorCrystalStructures/data/raw_xyz/xyz/porphyrins/PIHSOP_1.xyz,metal,NO_METAL
3653,/home/shachar/repos/PorCrystalStructures/data/raw_xyz/xyz/porphyrins/PIJWEK_0.xyz,topolocial,BIDENTATE_MACROCYCLE_SUBS
3654,/home/shachar/repos/PorCrystalStructures/data/raw_xyz/xyz/porphyrins/PILWUC_0.xyz,valence,BAD VALENCE
3655,/home/shachar/repos/PorCrystalStructures/data/raw_xyz/xyz/porphyrins/PILXAJ_0.xyz,topolocial,NOT_A_MONOMER
3656,/home/shachar/repos/PorCrystalStructures/data/raw_xyz/xyz/porphyrins/PIMCAP_0.xyz,topolocial,NOT_SATURATED
3657,/home/shachar/repos/PorCrystalStructures/data/raw_xyz/xyz/porphyrins/PIMCAP_1.xyz,metal,NO_METAL
3658,/home/shachar/repos/PorCrystalStructures/data/raw_xyz/xyz/porphyrins/PIMSEJ_0.xyz,valence,BAD VALENCE
3659,/home/shachar/repos/PorCrystalStructures/data/raw_xyz/xyz/porphyrins/PIMSEJ_1.xyz,metal,NO_METAL
3660,/home/shachar/repos/PorCrystalStructures/data/raw_xyz/xyz/porphyrins/PIMSEJ_2.xyz,metal,NO_METAL
3661,/home/shachar/repos/PorCrystalStructures/data/raw_xyz/xyz/porphyrins/PINXOB_0.xyz,charge,COUNTER_MOL_ODD_NUMBER_OF_ELECTRONS
3662,/home/shachar/repos/PorCrystalStructures/data/raw_xyz/xyz/porphyrins/PINXOB_1.xyz,metal,NO_METAL
3663,/home/shachar/repos/PorCrystalStructures/data/raw_xyz/xyz/porphyrins/PINXOB_2.xyz,metal,NO_METAL
3664,/home/shachar/repos/PorCrystalStructures/data/raw_xyz/xyz/porphyrins/PINXOB_3.xyz,metal,NO_METAL
3665,/home/shachar/repos/PorCrystalStructures/data/raw_xyz/xyz/porphyrins/PINXOB_4.xyz,metal,NO_METAL
3666,/home/shachar/repos/PorCrystalStructures/data/raw_xyz/xyz/porphyrins/PIPNUZ_0.xyz,charge,MOL_ODD_NUMBER_OF_ELECTRONS
3667,/home/shachar/repos/PorCrystalStructures/data/raw_xyz/xyz/porphyrins/PIPNUZ_1.xyz,metal,NO_METAL
3668,/home/shachar/repos/PorCrystalStructures/data/raw_xyz/xyz/porphyrins/PIRCIC_0.xyz,metal,NO_METAL
3669,/home/shachar/repos/PorCrystalStructures/data/raw_xyz/xyz/porphyrins/PIRCOI_0.xyz,metal,NO_METAL
3670,/home/shachar/repos/PorCrystalStructures/data/raw_xyz/xyz/porphyrins/PITROZ_0.xyz,topolocial,NOT_A_MONOMER
3671,/home/shachar/repos/PorCrystalStructures/data/raw_xyz/xyz/porphyrins/PIYLER_0.xyz,metal,NO_METAL
3672,/home/shachar/repos/PorCrystalStructures/data/raw_xyz/xyz/porphyrins/PIYLER_1.xyz,metal,NO_METAL
3673,/home/shachar/repos/PorCrystalStructures/data/raw_xyz/xyz/porphyrins/PIYLER_2.xyz,metal,NO_METAL
3674,/home/shachar/repos/PorCrystalStructures/data/raw_xyz/xyz/porphyrins/PIYLER_3.xyz,metal,NO_METAL
3675,/home/shachar/repos/PorCrystalStructures/data/raw_xyz/xyz/porphyrins/PIYLER_4.xyz,metal,NO_METAL
3676,/home/shachar/repos/PorCrystalStructures/data/raw_xyz/xyz/porphyrins/PIZGEN_0.xyz,valid,VALID
3677,/home/shachar/repos/PorCrystalStructures/data/raw_xyz/xyz/porphyrins/PIZGOX_0.xyz,topolocial,NOT_CONNECTED_MOLECULE
3678,/home/shachar/repos/PorCrystalStructures/data/raw_xyz/xyz/porphyrins/PIZGOX_1.xyz,charge,TOO_LARGE_COUNTER_MOL
3679,/home/shachar/repos/PorCrystalStructures/data/raw_xyz/xyz/porphyrins/PIZGOX_2.xyz,metal,NO_METAL
3680,/home/shachar/repos/PorCrystalStructures/data/raw_xyz/xyz/porphyrins/POBXIN_0.xyz,topolocial,NOT_A_MONOMER
3681,/home/shachar/repos/PorCrystalStructures/data/raw_xyz/xyz/porphyrins/POBXIN_1.xyz,metal,NO_METAL
3682,/home/shachar/repos/PorCrystalStructures/data/raw_xyz/xyz/porphyrins/POBXIN_2.xyz,metal,NO_METAL
3683,/home/shachar/repos/PorCrystalStructures/data/raw_xyz/xyz/porphyrins/POBXIN_3.xyz,metal,NO_METAL
3684,/home/shachar/repos/PorCrystalStructures/data/raw_xyz/xyz/porphyrins/POBXUZ_0.xyz,topolocial,NOT_A_MONOMER
3685,/home/shachar/repos/PorCrystalStructures/data/raw_xyz/xyz/porphyrins/POBXUZ_1.xyz,metal,NO_METAL
3686,/home/shachar/repos/PorCrystalStructures/data/raw_xyz/xyz/porphyrins/PODSOQ_0.xyz,metal,NO_METAL
3687,/home/shachar/repos/PorCrystalStructures/data/raw_xyz/xyz/porphyrins/PODSOQ_1.xyz,metal,NO_METAL
3688,/home/shachar/repos/PorCrystalStructures/data/raw_xyz/xyz/porphyrins/PODTIL01_0.xyz,metal,NO_METAL
3689,/home/shachar/repos/PorCrystalStructures/data/raw_xyz/xyz/porphyrins/PODTIL01_1.xyz,metal,NO_METAL
3690,/home/shachar/repos/PorCrystalStructures/data/raw_xyz/xyz/porphyrins/PODZEO_0.xyz,valid,VALID
3691,/home/shachar/repos/PorCrystalStructures/data/raw_xyz/xyz/porphyrins/POFJAV_0.xyz,charge,MOL_ODD_NUMBER_OF_ELECTRONS
3692,/home/shachar/repos/PorCrystalStructures/data/raw_xyz/xyz/porphyrins/POFJEZ_0.xyz,topolocial,NOT_SATURATED
3693,/home/shachar/repos/PorCrystalStructures/data/raw_xyz/xyz/porphyrins/POFJEZ_1.xyz,metal,NO_METAL
3694,/home/shachar/repos/PorCrystalStructures/data/raw_xyz/xyz/porphyrins/POFJID_0.xyz,charge,MOL_ODD_NUMBER_OF_ELECTRONS
3695,/home/shachar/repos/PorCrystalStructures/data/raw_xyz/xyz/porphyrins/POFJID_1.xyz,metal,NO_METAL
3696,/home/shachar/repos/PorCrystalStructures/data/raw_xyz/xyz/porphyrins/POFJID_2.xyz,metal,NO_METAL
3697,/home/shachar/repos/PorCrystalStructures/data/raw_xyz/xyz/porphyrins/POFPIL_0.xyz,topolocial,NOT_CONNECTED_MOLECULE
3698,/home/shachar/repos/PorCrystalStructures/data/raw_xyz/xyz/porphyrins/POFPIL_1.xyz,metal,NO_METAL
3699,/home/shachar/repos/PorCrystalStructures/data/raw_xyz/xyz/porphyrins/POGYEQ_0.xyz,metal,NO_METAL
3700,/home/shachar/repos/PorCrystalStructures/data/raw_xyz/xyz/porphyrins/POGYEQ_1.xyz,metal,NO_METAL
3701,/home/shachar/repos/PorCrystalStructures/data/raw_xyz/xyz/porphyrins/POGYEQ_2.xyz,metal,NO_METAL
3702,/home/shachar/repos/PorCrystalStructures/data/raw_xyz/xyz/porphyrins/POKWIY_0.xyz,metal,NO_METAL
3703,/home/shachar/repos/PorCrystalStructures/data/raw_xyz/xyz/porphyrins/POKWIY_1.xyz,metal,NO_METAL
3704,/home/shachar/repos/PorCrystalStructures/data/raw_xyz/xyz/porphyrins/POKWIY_2.xyz,metal,NO_METAL
3705,/home/shachar/repos/PorCrystalStructures/data/raw_xyz/xyz/porphyrins/POLFUS_0.xyz,topolocial,NOT_CONNECTED_MOLECULE
3706,/home/shachar/repos/PorCrystalStructures/data/raw_xyz/xyz/porphyrins/POLFUS_1.xyz,metal,NO_METAL
3707,/home/shachar/repos/PorCrystalStructures/data/raw_xyz/xyz/porphyrins/POLGAZ_0.xyz,topolocial,NOT_CONNECTED_MOLECULE
3708,/home/shachar/repos/PorCrystalStructures/data/raw_xyz/xyz/porphyrins/POLGAZ_1.xyz,topolocial,NOT_CONNECTED_MOLECULE
3709,/home/shachar/repos/PorCrystalStructures/data/raw_xyz/xyz/porphyrins/POLGAZ_2.xyz,metal,NO_METAL
3710,/home/shachar/repos/PorCrystalStructures/data/raw_xyz/xyz/porphyrins/POLGED_0.xyz,topolocial,NOT_CONNECTED_MOLECULE
3711,/home/shachar/repos/PorCrystalStructures/data/raw_xyz/xyz/porphyrins/POLGED_1.xyz,metal,NO_METAL
3712,/home/shachar/repos/PorCrystalStructures/data/raw_xyz/xyz/porphyrins/POLPEN_0.xyz,valid,VALID
3713,/home/shachar/repos/PorCrystalStructures/data/raw_xyz/xyz/porphyrins/POLPIR_0.xyz,valid,VALID
3714,/home/shachar/repos/PorCrystalStructures/data/raw_xyz/xyz/porphyrins/POPNEO_0.xyz,topolocial,NOT_CONNECTED_MOLECULE
3715,/home/shachar/repos/PorCrystalStructures/data/raw_xyz/xyz/porphyrins/POPNEO_1.xyz,topolocial,NOT_CONNECTED_MOLECULE
3716,/home/shachar/repos/PorCrystalStructures/data/raw_xyz/xyz/porphyrins/POPZAV_0.xyz,topolocial,NOT_SATURATED
3717,/home/shachar/repos/PorCrystalStructures/data/raw_xyz/xyz/porphyrins/POPZAV_1.xyz,metal,NO_METAL
3718,/home/shachar/repos/PorCrystalStructures/data/raw_xyz/xyz/porphyrins/POPZAV_2.xyz,metal,NO_METAL
3719,/home/shachar/repos/PorCrystalStructures/data/raw_xyz/xyz/porphyrins/PORPIN01_0.xyz,metal,NO_METAL
3720,/home/shachar/repos/PorCrystalStructures/data/raw_xyz/xyz/porphyrins/PORPIN01_1.xyz,metal,NO_METAL
3721,/home/shachar/repos/PorCrystalStructures/data/raw_xyz/xyz/porphyrins/PORPIN02_0.xyz,metal,NO_METAL
3722,/home/shachar/repos/PorCrystalStructures/data/raw_xyz/xyz/porphyrins/PORPIN02_1.xyz,metal,NO_METAL
3723,/home/shachar/repos/PorCrystalStructures/data/raw_xyz/xyz/porphyrins/PORPIN_0.xyz,metal,NO_METAL
3724,/home/shachar/repos/PorCrystalStructures/data/raw_xyz/xyz/porphyrins/PORPIN_1.xyz,metal,NO_METAL
3725,/home/shachar/repos/PorCrystalStructures/data/raw_xyz/xyz/porphyrins/POSXOL_0.xyz,charge,MOL_ODD_NUMBER_OF_ELECTRONS
3726,/home/shachar/repos/PorCrystalStructures/data/raw_xyz/xyz/porphyrins/POSXOL_1.xyz,metal,NO_METAL
3727,/home/shachar/repos/PorCrystalStructures/data/raw_xyz/xyz/porphyrins/POXFUG_0.xyz,charge,MOL_ODD_NUMBER_OF_ELECTRONS
3728,/home/shachar/repos/PorCrystalStructures/data/raw_xyz/xyz/porphyrins/POYPUO_0.xyz,topolocial,NOT_CONNECTED_MOLECULE
3729,/home/shachar/repos/PorCrystalStructures/data/raw_xyz/xyz/porphyrins/POYPUO_1.xyz,metal,NO_METAL
3730,/home/shachar/repos/PorCrystalStructures/data/raw_xyz/xyz/porphyrins/PPORFE12_0.xyz,topolocial,NOT_CONNECTED_MOLECULE
3731,/home/shachar/repos/PorCrystalStructures/data/raw_xyz/xyz/porphyrins/PROTDM_0.xyz,metal,NO_METAL
3732,/home/shachar/repos/PorCrystalStructures/data/raw_xyz/xyz/porphyrins/PUBNAC01_0.xyz,topolocial,NOT_CONNECTED_MOLECULE
3733,/home/shachar/repos/PorCrystalStructures/data/raw_xyz/xyz/porphyrins/PUBNAC01_1.xyz,metal,NO_METAL
3734,/home/shachar/repos/PorCrystalStructures/data/raw_xyz/xyz/porphyrins/PUBNAC_0.xyz,topolocial,NOT_CONNECTED_MOLECULE
3735,/home/shachar/repos/PorCrystalStructures/data/raw_xyz/xyz/porphyrins/PUCPIM_0.xyz,valid,VALID
3736,/home/shachar/repos/PorCrystalStructures/data/raw_xyz/xyz/porphyrins/PUCREM_0.xyz,topolocial,NOT_A_MONOMER
3737,/home/shachar/repos/PorCrystalStructures/data/raw_xyz/xyz/porphyrins/PUCREM_1.xyz,metal,NO_METAL
3738,/home/shachar/repos/PorCrystalStructures/data/raw_xyz/xyz/porphyrins/PUGXOE_0.xyz,topolocial,NOT_CONNECTED_MOLECULE
3739,/home/shachar/repos/PorCrystalStructures/data/raw_xyz/xyz/porphyrins/PUNMIW_0.xyz,charge,MOL_ODD_NUMBER_OF_ELECTRONS
3740,/home/shachar/repos/PorCrystalStructures/data/raw_xyz/xyz/porphyrins/PUPKOC_0.xyz,charge,MOL_ODD_NUMBER_OF_ELECTRONS
3741,/home/shachar/repos/PorCrystalStructures/data/raw_xyz/xyz/porphyrins/PURXAB_0.xyz,topolocial,NOT_CONNECTED_MOLECULE
3742,/home/shachar/repos/PorCrystalStructures/data/raw_xyz/xyz/porphyrins/PURXAB_1.xyz,metal,NO_METAL
3743,/home/shachar/repos/PorCrystalStructures/data/raw_xyz/xyz/porphyrins/PURXAB_2.xyz,metal,NO_METAL
3744,/home/shachar/repos/PorCrystalStructures/data/raw_xyz/xyz/porphyrins/PUVCAK01_0.xyz,charge,MOL_ODD_NUMBER_OF_ELECTRONS
3745,/home/shachar/repos/PorCrystalStructures/data/raw_xyz/xyz/porphyrins/PUVCAK01_1.xyz,metal,NO_METAL
3746,/home/shachar/repos/PorCrystalStructures/data/raw_xyz/xyz/porphyrins/PUVCAK01_2.xyz,metal,NO_METAL
3747,/home/shachar/repos/PorCrystalStructures/data/raw_xyz/xyz/porphyrins/PUZDUK_0.xyz,metal,NO_METAL
3748,/home/shachar/repos/PorCrystalStructures/data/raw_xyz/xyz/porphyrins/PUZDUK_1.xyz,topolocial,NOT_CONNECTED_MOLECULE
3749,/home/shachar/repos/PorCrystalStructures/data/raw_xyz/xyz/porphyrins/PUZFAS_0.xyz,metal,NO_METAL
3750,/home/shachar/repos/PorCrystalStructures/data/raw_xyz/xyz/porphyrins/PUZFAS_1.xyz,topolocial,NOT_CONNECTED_MOLECULE
3751,/home/shachar/repos/PorCrystalStructures/data/raw_xyz/xyz/porphyrins/PUZFAS_2.xyz,metal,NO_METAL
3752,/home/shachar/repos/PorCrystalStructures/data/raw_xyz/xyz/porphyrins/PUZFEW_0.xyz,metal,NO_METAL
3753,/home/shachar/repos/PorCrystalStructures/data/raw_xyz/xyz/porphyrins/PUZFEW_1.xyz,topolocial,NOT_CONNECTED_MOLECULE
3754,/home/shachar/repos/PorCrystalStructures/data/raw_xyz/xyz/porphyrins/PUZFEW_2.xyz,metal,NO_METAL
3755,/home/shachar/repos/PorCrystalStructures/data/raw_xyz/xyz/porphyrins/PYROPR_0.xyz,metal,NO_METAL
3756,/home/shachar/repos/PorCrystalStructures/data/raw_xyz/xyz/porphyrins/PYROPR_1.xyz,metal,NO_METAL
3757,/home/shachar/repos/PorCrystalStructures/data/raw_xyz/xyz/porphyrins/PYROPR_2.xyz,metal,NO_METAL
3758,/home/shachar/repos/PorCrystalStructures/data/raw_xyz/xyz/porphyrins/PYROPR_3.xyz,metal,NO_METAL
3759,/home/shachar/repos/PorCrystalStructures/data/raw_xyz/xyz/porphyrins/QAFJOW_0.xyz,topolocial,NOT_CONNECTED_MOLECULE
3760,/home/shachar/repos/PorCrystalStructures/data/raw_xyz/xyz/porphyrins/QAFJOW_1.xyz,metal,NO_METAL
3761,/home/shachar/repos/PorCrystalStructures/data/raw_xyz/xyz/porphyrins/QAHHEP_0.xyz,topolocial,NOT_CONNECTED_MOLECULE
3762,/home/shachar/repos/PorCrystalStructures/data/raw_xyz/xyz/porphyrins/QAHHEP_1.xyz,metal,NO_METAL
3763,/home/shachar/repos/PorCrystalStructures/data/raw_xyz/xyz/porphyrins/QAHHEP_2.xyz,metal,NO_METAL
3764,/home/shachar/repos/PorCrystalStructures/data/raw_xyz/xyz/porphyrins/QAHHEP_3.xyz,metal,NO_METAL
3765,/home/shachar/repos/PorCrystalStructures/data/raw_xyz/xyz/porphyrins/QAHHEP_4.xyz,metal,NO_METAL
3766,/home/shachar/repos/PorCrystalStructures/data/raw_xyz/xyz/porphyrins/QAHHUF_0.xyz,topolocial,NOT_CONNECTED_MOLECULE
3767,/home/shachar/repos/PorCrystalStructures/data/raw_xyz/xyz/porphyrins/QAHHUF_1.xyz,metal,NO_METAL
3768,/home/shachar/repos/PorCrystalStructures/data/raw_xyz/xyz/porphyrins/QAHHUF_2.xyz,metal,NO_METAL
3769,/home/shachar/repos/PorCrystalStructures/data/raw_xyz/xyz/porphyrins/QAKGAK_0.xyz,topolocial,NOT_CONNECTED_MOLECULE
3770,/home/shachar/repos/PorCrystalStructures/data/raw_xyz/xyz/porphyrins/QAKJAN_0.xyz,metal,NO_METAL
3771,/home/shachar/repos/PorCrystalStructures/data/raw_xyz/xyz/porphyrins/QAKJER_0.xyz,valid,VALID
3772,/home/shachar/repos/PorCrystalStructures/data/raw_xyz/xyz/porphyrins/QAKJIV_0.xyz,valid,VALID
3773,/home/shachar/repos/PorCrystalStructures/data/raw_xyz/xyz/porphyrins/QAKJOB_0.xyz,metal,NO_METAL
3774,/home/shachar/repos/PorCrystalStructures/data/raw_xyz/xyz/porphyrins/QAKJOB_1.xyz,metal,NO_METAL
3775,/home/shachar/repos/PorCrystalStructures/data/raw_xyz/xyz/porphyrins/QAKJUH_0.xyz,valid,VALID
3776,/home/shachar/repos/PorCrystalStructures/data/raw_xyz/xyz/porphyrins/QAKKAO_0.xyz,metal,NO_METAL
3777,/home/shachar/repos/PorCrystalStructures/data/raw_xyz/xyz/porphyrins/QAKKES_0.xyz,topolocial,NOT_CONNECTED_MOLECULE
3778,/home/shachar/repos/PorCrystalStructures/data/raw_xyz/xyz/porphyrins/QAKKES_1.xyz,topolocial,NOT_CONNECTED_MOLECULE
3779,/home/shachar/repos/PorCrystalStructures/data/raw_xyz/xyz/porphyrins/QAKKOC_0.xyz,topolocial,NOT_CONNECTED_MOLECULE
3780,/home/shachar/repos/PorCrystalStructures/data/raw_xyz/xyz/porphyrins/QAKTOL_0.xyz,metal,NO_METAL
3781,/home/shachar/repos/PorCrystalStructures/data/raw_xyz/xyz/porphyrins/QALHET_0.xyz,topolocial,NOT_CONNECTED_MOLECULE
3782,/home/shachar/repos/PorCrystalStructures/data/raw_xyz/xyz/porphyrins/QALJAS_0.xyz,valid,VALID
3783,/home/shachar/repos/PorCrystalStructures/data/raw_xyz/xyz/porphyrins/QALMUM_0.xyz,topolocial,HAS_MORE_THAN_4_PYRROLES
3784,/home/shachar/repos/PorCrystalStructures/data/raw_xyz/xyz/porphyrins/QAMVUY_0.xyz,metal,NO_METAL
3785,/home/shachar/repos/PorCrystalStructures/data/raw_xyz/xyz/porphyrins/QAMWAF_0.xyz,topolocial,NOT_A_MONOMER
3786,/home/shachar/repos/PorCrystalStructures/data/raw_xyz/xyz/porphyrins/QAMWAF_1.xyz,metal,NO_METAL
3787,/home/shachar/repos/PorCrystalStructures/data/raw_xyz/xyz/porphyrins/QANVAC_0.xyz,metal,NO_METAL
3788,/home/shachar/repos/PorCrystalStructures/data/raw_xyz/xyz/porphyrins/QANVAC_1.xyz,metal,NO_METAL
3789,/home/shachar/repos/PorCrystalStructures/data/raw_xyz/xyz/porphyrins/QANVIK_0.xyz,metal,NO_METAL
3790,/home/shachar/repos/PorCrystalStructures/data/raw_xyz/xyz/porphyrins/QANVIK_1.xyz,metal,NO_METAL
3791,/home/shachar/repos/PorCrystalStructures/data/raw_xyz/xyz/porphyrins/QANVOQ_0.xyz,metal,NO_METAL
3792,/home/shachar/repos/PorCrystalStructures/data/raw_xyz/xyz/porphyrins/QANVOQ_1.xyz,metal,NO_METAL
3793,/home/shachar/repos/PorCrystalStructures/data/raw_xyz/xyz/porphyrins/QANVUW_0.xyz,metal,NO_METAL
3794,/home/shachar/repos/PorCrystalStructures/data/raw_xyz/xyz/porphyrins/QANVUW_1.xyz,metal,NO_METAL
3795,/home/shachar/repos/PorCrystalStructures/data/raw_xyz/xyz/porphyrins/QAPWOX_0.xyz,valid,VALID
3796,/home/shachar/repos/PorCrystalStructures/data/raw_xyz/xyz/porphyrins/QAPWOX_1.xyz,metal,NO_METAL
3797,/home/shachar/repos/PorCrystalStructures/data/raw_xyz/xyz/porphyrins/QAPWUD_0.xyz,valid,VALID
3798,/home/shachar/repos/PorCrystalStructures/data/raw_xyz/xyz/porphyrins/QAPWUD_1.xyz,metal,NO_METAL
3799,/home/shachar/repos/PorCrystalStructures/data/raw_xyz/xyz/porphyrins/QAPWUD_2.xyz,metal,NO_METAL
3800,/home/shachar/repos/PorCrystalStructures/data/raw_xyz/xyz/porphyrins/QAPXAK_0.xyz,charge,COUNTER_MOL_ODD_NUMBER_OF_ELECTRONS
3801,/home/shachar/repos/PorCrystalStructures/data/raw_xyz/xyz/porphyrins/QAPXAK_1.xyz,metal,NO_METAL
3802,/home/shachar/repos/PorCrystalStructures/data/raw_xyz/xyz/porphyrins/QAPXAK_2.xyz,metal,NO_METAL
3803,/home/shachar/repos/PorCrystalStructures/data/raw_xyz/xyz/porphyrins/QAPXEO_0.xyz,valid,VALID
3804,/home/shachar/repos/PorCrystalStructures/data/raw_xyz/xyz/porphyrins/QAPXEO_1.xyz,metal,NO_METAL
3805,/home/shachar/repos/PorCrystalStructures/data/raw_xyz/xyz/porphyrins/QAPXIS_0.xyz,valid,VALID
3806,/home/shachar/repos/PorCrystalStructures/data/raw_xyz/xyz/porphyrins/QAPXIS_1.xyz,metal,NO_METAL
3807,/home/shachar/repos/PorCrystalStructures/data/raw_xyz/xyz/porphyrins/QAPXOY_0.xyz,valid,VALID
3808,/home/shachar/repos/PorCrystalStructures/data/raw_xyz/xyz/porphyrins/QAPXOY_1.xyz,metal,NO_METAL
3809,/home/shachar/repos/PorCrystalStructures/data/raw_xyz/xyz/porphyrins/QAPXUE_0.xyz,charge,TOO_LARGE_COUNTER_MOL
3810,/home/shachar/repos/PorCrystalStructures/data/raw_xyz/xyz/porphyrins/QAPXUE_1.xyz,metal,NO_METAL
3811,/home/shachar/repos/PorCrystalStructures/data/raw_xyz/xyz/porphyrins/QAPXUE_2.xyz,metal,NO_METAL
3812,/home/shachar/repos/PorCrystalStructures/data/raw_xyz/xyz/porphyrins/QAQVOU_0.xyz,topolocial,NOT_A_MONOMER
3813,/home/shachar/repos/PorCrystalStructures/data/raw_xyz/xyz/porphyrins/QAQVOU_1.xyz,metal,NO_METAL
3814,/home/shachar/repos/PorCrystalStructures/data/raw_xyz/xyz/porphyrins/QAQVOU_2.xyz,metal,NO_METAL
3815,/home/shachar/repos/PorCrystalStructures/data/raw_xyz/xyz/porphyrins/QARCOD_0.xyz,valid,VALID
3816,/home/shachar/repos/PorCrystalStructures/data/raw_xyz/xyz/porphyrins/QARCUJ_0.xyz,topolocial,NOT_CONNECTED_MOLECULE
3817,/home/shachar/repos/PorCrystalStructures/data/raw_xyz/xyz/porphyrins/QARCUJ_1.xyz,metal,NO_METAL
3818,/home/shachar/repos/PorCrystalStructures/data/raw_xyz/xyz/porphyrins/QARPUU02_0.xyz,metal,NO_METAL
3819,/home/shachar/repos/PorCrystalStructures/data/raw_xyz/xyz/porphyrins/QARPUU02_1.xyz,topolocial,NOT_SATURATED
3820,/home/shachar/repos/PorCrystalStructures/data/raw_xyz/xyz/porphyrins/QARPUU02_2.xyz,metal,NO_METAL
3821,/home/shachar/repos/PorCrystalStructures/data/raw_xyz/xyz/porphyrins/QARPUU02_3.xyz,metal,NO_METAL
3822,/home/shachar/repos/PorCrystalStructures/data/raw_xyz/xyz/porphyrins/QARPUU_0.xyz,charge,TOO_LARGE_COUNTER_MOL
3823,/home/shachar/repos/PorCrystalStructures/data/raw_xyz/xyz/porphyrins/QARPUU_1.xyz,metal,NO_METAL
3824,/home/shachar/repos/PorCrystalStructures/data/raw_xyz/xyz/porphyrins/QARPUU_2.xyz,metal,NO_METAL
3825,/home/shachar/repos/PorCrystalStructures/data/raw_xyz/xyz/porphyrins/QARQAB_0.xyz,charge,MOL_ODD_NUMBER_OF_ELECTRONS
3826,/home/shachar/repos/PorCrystalStructures/data/raw_xyz/xyz/porphyrins/QARQAB_1.xyz,metal,NO_METAL
3827,/home/shachar/repos/PorCrystalStructures/data/raw_xyz/xyz/porphyrins/QARQAB_2.xyz,metal,NO_METAL
3828,/home/shachar/repos/PorCrystalStructures/data/raw_xyz/xyz/porphyrins/QARQIJ_0.xyz,topolocial,NOT_CONNECTED_MOLECULE
3829,/home/shachar/repos/PorCrystalStructures/data/raw_xyz/xyz/porphyrins/QARQIJ_1.xyz,metal,NO_METAL
3830,/home/shachar/repos/PorCrystalStructures/data/raw_xyz/xyz/porphyrins/QARQIJ_2.xyz,metal,NO_METAL
3831,/home/shachar/repos/PorCrystalStructures/data/raw_xyz/xyz/porphyrins/QARQIJ_3.xyz,metal,NO_METAL
3832,/home/shachar/repos/PorCrystalStructures/data/raw_xyz/xyz/porphyrins/QARQIJ_4.xyz,metal,NO_METAL
3833,/home/shachar/repos/PorCrystalStructures/data/raw_xyz/xyz/porphyrins/QASPAC_0.xyz,valid,VALID
3834,/home/shachar/repos/PorCrystalStructures/data/raw_xyz/xyz/porphyrins/QASPAC_1.xyz,metal,NO_METAL
3835,/home/shachar/repos/PorCrystalStructures/data/raw_xyz/xyz/porphyrins/QASWEN_0.xyz,topolocial,NOT_A_MONOMER
3836,/home/shachar/repos/PorCrystalStructures/data/raw_xyz/xyz/porphyrins/QASWEN_1.xyz,metal,NO_METAL
3837,/home/shachar/repos/PorCrystalStructures/data/raw_xyz/xyz/porphyrins/QASWEN_2.xyz,metal,NO_METAL
3838,/home/shachar/repos/PorCrystalStructures/data/raw_xyz/xyz/porphyrins/QAYCEC_0.xyz,metal,NO_METAL
3839,/home/shachar/repos/PorCrystalStructures/data/raw_xyz/xyz/porphyrins/QAYCEC_1.xyz,metal,NO_METAL
3840,/home/shachar/repos/PorCrystalStructures/data/raw_xyz/xyz/porphyrins/QAYCEC_2.xyz,metal,NO_METAL
3841,/home/shachar/repos/PorCrystalStructures/data/raw_xyz/xyz/porphyrins/QAYRIS01_0.xyz,valid,VALID
3842,/home/shachar/repos/PorCrystalStructures/data/raw_xyz/xyz/porphyrins/QAYRIS02_0.xyz,valid,VALID
3843,/home/shachar/repos/PorCrystalStructures/data/raw_xyz/xyz/porphyrins/QAYRIS_0.xyz,valid,VALID
3844,/home/shachar/repos/PorCrystalStructures/data/raw_xyz/xyz/porphyrins/QEGLEV_0.xyz,topolocial,NOT_A_MONOMER
3845,/home/shachar/repos/PorCrystalStructures/data/raw_xyz/xyz/porphyrins/QEGLIZ_0.xyz,topolocial,NOT_CONNECTED_MOLECULE
3846,/home/shachar/repos/PorCrystalStructures/data/raw_xyz/xyz/porphyrins/QEHFUF01_0.xyz,metal,NO_METAL
3847,/home/shachar/repos/PorCrystalStructures/data/raw_xyz/xyz/porphyrins/QEHFUF01_1.xyz,metal,NO_METAL
3848,/home/shachar/repos/PorCrystalStructures/data/raw_xyz/xyz/porphyrins/QEHFUF_0.xyz,metal,NO_METAL
3849,/home/shachar/repos/PorCrystalStructures/data/raw_xyz/xyz/porphyrins/QEHFUF_1.xyz,metal,NO_METAL
3850,/home/shachar/repos/PorCrystalStructures/data/raw_xyz/xyz/porphyrins/QEJPIG_0.xyz,metal,NO_METAL
3851,/home/shachar/repos/PorCrystalStructures/data/raw_xyz/xyz/porphyrins/QEJPIG_1.xyz,metal,NO_METAL
3852,/home/shachar/repos/PorCrystalStructures/data/raw_xyz/xyz/porphyrins/QEJPIG_2.xyz,metal,NO_METAL
3853,/home/shachar/repos/PorCrystalStructures/data/raw_xyz/xyz/porphyrins/QEJPIG_3.xyz,metal,NO_METAL
3854,/home/shachar/repos/PorCrystalStructures/data/raw_xyz/xyz/porphyrins/QEJROP_0.xyz,metal,NO_METAL
3855,/home/shachar/repos/PorCrystalStructures/data/raw_xyz/xyz/porphyrins/QEJRUV_0.xyz,metal,NO_METAL
3856,/home/shachar/repos/PorCrystalStructures/data/raw_xyz/xyz/porphyrins/QEJSAC_0.xyz,topolocial,NOT_A_MONOMER
3857,/home/shachar/repos/PorCrystalStructures/data/raw_xyz/xyz/porphyrins/QEJSEG_0.xyz,topolocial,NOT_A_MONOMER
3858,/home/shachar/repos/PorCrystalStructures/data/raw_xyz/xyz/porphyrins/QEJSIK_0.xyz,topolocial,NOT_A_MONOMER
3859,/home/shachar/repos/PorCrystalStructures/data/raw_xyz/xyz/porphyrins/QEKTEI_0.xyz,topolocial,NOT_CONNECTED_MOLECULE
3860,/home/shachar/repos/PorCrystalStructures/data/raw_xyz/xyz/porphyrins/QEKTEI_1.xyz,metal,NO_METAL
3861,/home/shachar/repos/PorCrystalStructures/data/raw_xyz/xyz/porphyrins/QEKTEI_2.xyz,metal,NO_METAL
3862,/home/shachar/repos/PorCrystalStructures/data/raw_xyz/xyz/porphyrins/QEKTIM_0.xyz,topolocial,BIDENTATE_MACROCYCLE_SUBS
3863,/home/shachar/repos/PorCrystalStructures/data/raw_xyz/xyz/porphyrins/QEKTIM_1.xyz,metal,NO_METAL
3864,/home/shachar/repos/PorCrystalStructures/data/raw_xyz/xyz/porphyrins/QENJIC_0.xyz,charge,MOL_ODD_NUMBER_OF_ELECTRONS
3865,/home/shachar/repos/PorCrystalStructures/data/raw_xyz/xyz/porphyrins/QENJOI_0.xyz,valid,VALID
3866,/home/shachar/repos/PorCrystalStructures/data/raw_xyz/xyz/porphyrins/QENLOO_0.xyz,metal,NO_METAL
3867,/home/shachar/repos/PorCrystalStructures/data/raw_xyz/xyz/porphyrins/QENLOO_1.xyz,metal,NO_METAL
3868,/home/shachar/repos/PorCrystalStructures/data/raw_xyz/xyz/porphyrins/QENLOO_2.xyz,metal,NO_METAL
3869,/home/shachar/repos/PorCrystalStructures/data/raw_xyz/xyz/porphyrins/QEPBOD_0.xyz,metal,NO_METAL
3870,/home/shachar/repos/PorCrystalStructures/data/raw_xyz/xyz/porphyrins/QEPBOD_1.xyz,metal,NO_METAL
3871,/home/shachar/repos/PorCrystalStructures/data/raw_xyz/xyz/porphyrins/QEPBOD_2.xyz,metal,NO_METAL
3872,/home/shachar/repos/PorCrystalStructures/data/raw_xyz/xyz/porphyrins/QESHEB_0.xyz,topolocial,NOT_CONNECTED_MOLECULE
3873,/home/shachar/repos/PorCrystalStructures/data/raw_xyz/xyz/porphyrins/QETYUN_0.xyz,metal,NO_METAL
3874,/home/shachar/repos/PorCrystalStructures/data/raw_xyz/xyz/porphyrins/QETYUN_1.xyz,metal,NO_METAL
3875,/home/shachar/repos/PorCrystalStructures/data/raw_xyz/xyz/porphyrins/QEVGEE_0.xyz,topolocial,NOT_CONNECTED_MOLECULE
3876,/home/shachar/repos/PorCrystalStructures/data/raw_xyz/xyz/porphyrins/QEYTEV_0.xyz,charge,MOL_ODD_NUMBER_OF_ELECTRONS
3877,/home/shachar/repos/PorCrystalStructures/data/raw_xyz/xyz/porphyrins/QEZGEI_0.xyz,valid,VALID
3878,/home/shachar/repos/PorCrystalStructures/data/raw_xyz/xyz/porphyrins/QEZGEI_1.xyz,metal,NO_METAL
3879,/home/shachar/repos/PorCrystalStructures/data/raw_xyz/xyz/porphyrins/QEZWUN_0.xyz,topolocial,NOT_CONNECTED_MOLECULE
3880,/home/shachar/repos/PorCrystalStructures/data/raw_xyz/xyz/porphyrins/QEZWUN_1.xyz,metal,NO_METAL
3881,/home/shachar/repos/PorCrystalStructures/data/raw_xyz/xyz/porphyrins/QEZWUN_2.xyz,metal,NO_METAL
3882,/home/shachar/repos/PorCrystalStructures/data/raw_xyz/xyz/porphyrins/QICKIX_0.xyz,charge,TOO_LARGE_COUNTER_MOL
3883,/home/shachar/repos/PorCrystalStructures/data/raw_xyz/xyz/porphyrins/QICKIX_1.xyz,metal,NO_METAL
3884,/home/shachar/repos/PorCrystalStructures/data/raw_xyz/xyz/porphyrins/QICKIX_2.xyz,metal,NO_METAL
3885,/home/shachar/repos/PorCrystalStructures/data/raw_xyz/xyz/porphyrins/QICKIX_3.xyz,metal,NO_METAL
3886,/home/shachar/repos/PorCrystalStructures/data/raw_xyz/xyz/porphyrins/QIHYAJ_0.xyz,valid,VALID
3887,/home/shachar/repos/PorCrystalStructures/data/raw_xyz/xyz/porphyrins/QIJJUR_0.xyz,topolocial,NOT_CONNECTED_MOLECULE
3888,/home/shachar/repos/PorCrystalStructures/data/raw_xyz/xyz/porphyrins/QIJJUR_1.xyz,metal,NO_METAL
3889,/home/shachar/repos/PorCrystalStructures/data/raw_xyz/xyz/porphyrins/QIJJUR_2.xyz,metal,NO_METAL
3890,/home/shachar/repos/PorCrystalStructures/data/raw_xyz/xyz/porphyrins/QIJKOM_0.xyz,topolocial,NOT_CONNECTED_MOLECULE
3891,/home/shachar/repos/PorCrystalStructures/data/raw_xyz/xyz/porphyrins/QIJXEM_0.xyz,valid,VALID
3892,/home/shachar/repos/PorCrystalStructures/data/raw_xyz/xyz/porphyrins/QILMEG_0.xyz,topolocial,NOT_A_MONOMER
3893,/home/shachar/repos/PorCrystalStructures/data/raw_xyz/xyz/porphyrins/QILMEG_1.xyz,metal,NO_METAL
3894,/home/shachar/repos/PorCrystalStructures/data/raw_xyz/xyz/porphyrins/QILMEG_2.xyz,metal,NO_METAL
3895,/home/shachar/repos/PorCrystalStructures/data/raw_xyz/xyz/porphyrins/QILNAD_0.xyz,charge,MOL_ODD_NUMBER_OF_ELECTRONS
3896,/home/shachar/repos/PorCrystalStructures/data/raw_xyz/xyz/porphyrins/QILTOX_0.xyz,topolocial,NOT_CONNECTED_MOLECULE
3897,/home/shachar/repos/PorCrystalStructures/data/raw_xyz/xyz/porphyrins/QILTUD_0.xyz,topolocial,NOT_CONNECTED_MOLECULE
3898,/home/shachar/repos/PorCrystalStructures/data/raw_xyz/xyz/porphyrins/QILVAL_0.xyz,topolocial,NOT_CONNECTED_MOLECULE
3899,/home/shachar/repos/PorCrystalStructures/data/raw_xyz/xyz/porphyrins/QIMNIJ_0.xyz,topolocial,NOT_CONNECTED_MOLECULE
3900,/home/shachar/repos/PorCrystalStructures/data/raw_xyz/xyz/porphyrins/QIMNIJ_1.xyz,metal,NO_METAL
3901,/home/shachar/repos/PorCrystalStructures/data/raw_xyz/xyz/porphyrins/QIMNIJ_2.xyz,metal,NO_METAL
3902,/home/shachar/repos/PorCrystalStructures/data/raw_xyz/xyz/porphyrins/QIPCOJ_0.xyz,charge,MOL_ODD_NUMBER_OF_ELECTRONS
3903,/home/shachar/repos/PorCrystalStructures/data/raw_xyz/xyz/porphyrins/QIPCOJ_1.xyz,metal,NO_METAL
3904,/home/shachar/repos/PorCrystalStructures/data/raw_xyz/xyz/porphyrins/QIPCOJ_2.xyz,metal,NO_METAL
3905,/home/shachar/repos/PorCrystalStructures/data/raw_xyz/xyz/porphyrins/QIPPEK_0.xyz,charge,MOL_ODD_NUMBER_OF_ELECTRONS
3906,/home/shachar/repos/PorCrystalStructures/data/raw_xyz/xyz/porphyrins/QIPPEK_1.xyz,metal,NO_METAL
3907,/home/shachar/repos/PorCrystalStructures/data/raw_xyz/xyz/porphyrins/QIPPEK_2.xyz,metal,NO_METAL
3908,/home/shachar/repos/PorCrystalStructures/data/raw_xyz/xyz/porphyrins/QIVDOP_0.xyz,topolocial,NOT_CONNECTED_MOLECULE
3909,/home/shachar/repos/PorCrystalStructures/data/raw_xyz/xyz/porphyrins/QIVDOP_1.xyz,metal,NO_METAL
3910,/home/shachar/repos/PorCrystalStructures/data/raw_xyz/xyz/porphyrins/QIVDOP_2.xyz,metal,NO_METAL
3911,/home/shachar/repos/PorCrystalStructures/data/raw_xyz/xyz/porphyrins/QIXTAV_0.xyz,metal,NO_METAL
3912,/home/shachar/repos/PorCrystalStructures/data/raw_xyz/xyz/porphyrins/QIXTAV_1.xyz,topolocial,BIDENTATE_MACROCYCLE_SUBS
3913,/home/shachar/repos/PorCrystalStructures/data/raw_xyz/xyz/porphyrins/QIXTAV_2.xyz,metal,NO_METAL
3914,/home/shachar/repos/PorCrystalStructures/data/raw_xyz/xyz/porphyrins/QIYSEZ_0.xyz,topolocial,DOESNT_HAVE_METAL
3915,/home/shachar/repos/PorCrystalStructures/data/raw_xyz/xyz/porphyrins/QIYSEZ_1.xyz,metal,NO_METAL
3916,/home/shachar/repos/PorCrystalStructures/data/raw_xyz/xyz/porphyrins/QIYSOJ_0.xyz,metal,NO_METAL
3917,/home/shachar/repos/PorCrystalStructures/data/raw_xyz/xyz/porphyrins/QOBXUA_0.xyz,charge,MOL_ODD_NUMBER_OF_ELECTRONS
3918,/home/shachar/repos/PorCrystalStructures/data/raw_xyz/xyz/porphyrins/QOBXUA_1.xyz,metal,NO_METAL
3919,/home/shachar/repos/PorCrystalStructures/data/raw_xyz/xyz/porphyrins/QOBXUA_2.xyz,metal,NO_METAL
3920,/home/shachar/repos/PorCrystalStructures/data/raw_xyz/xyz/porphyrins/QOBXUA_3.xyz,metal,NO_METAL
3921,/home/shachar/repos/PorCrystalStructures/data/raw_xyz/xyz/porphyrins/QOBXUA_4.xyz,topolocial,NOT_A_MONOMER
3922,/home/shachar/repos/PorCrystalStructures/data/raw_xyz/xyz/porphyrins/QOHHIE_0.xyz,topolocial,NOT_SATURATED
3923,/home/shachar/repos/PorCrystalStructures/data/raw_xyz/xyz/porphyrins/QOHHIE_1.xyz,metal,NO_METAL
3924,/home/shachar/repos/PorCrystalStructures/data/raw_xyz/xyz/porphyrins/QOHHIE_2.xyz,metal,NO_METAL
3925,/home/shachar/repos/PorCrystalStructures/data/raw_xyz/xyz/porphyrins/QOHSOW_0.xyz,metal,NO_METAL
3926,/home/shachar/repos/PorCrystalStructures/data/raw_xyz/xyz/porphyrins/QOHSUC_0.xyz,metal,NO_METAL
3927,/home/shachar/repos/PorCrystalStructures/data/raw_xyz/xyz/porphyrins/QOHSUC_1.xyz,metal,NO_METAL
3928,/home/shachar/repos/PorCrystalStructures/data/raw_xyz/xyz/porphyrins/QOKQIR_0.xyz,metal,NO_METAL
3929,/home/shachar/repos/PorCrystalStructures/data/raw_xyz/xyz/porphyrins/QOKQOX_0.xyz,metal,NO_METAL
3930,/home/shachar/repos/PorCrystalStructures/data/raw_xyz/xyz/porphyrins/QOKQOX_1.xyz,metal,NO_METAL
3931,/home/shachar/repos/PorCrystalStructures/data/raw_xyz/xyz/porphyrins/QOLPAK_0.xyz,metal,NO_METAL
3932,/home/shachar/repos/PorCrystalStructures/data/raw_xyz/xyz/porphyrins/QOLPAK_1.xyz,metal,NO_METAL
3933,/home/shachar/repos/PorCrystalStructures/data/raw_xyz/xyz/porphyrins/QOLYIZ_0.xyz,valence,BAD VALENCE
3934,/home/shachar/repos/PorCrystalStructures/data/raw_xyz/xyz/porphyrins/QOLYIZ_1.xyz,metal,NO_METAL
3935,/home/shachar/repos/PorCrystalStructures/data/raw_xyz/xyz/porphyrins/QOLYIZ_2.xyz,metal,NO_METAL
3936,/home/shachar/repos/PorCrystalStructures/data/raw_xyz/xyz/porphyrins/QOLZEW_0.xyz,charge,MOL_ODD_NUMBER_OF_ELECTRONS
3937,/home/shachar/repos/PorCrystalStructures/data/raw_xyz/xyz/porphyrins/QOLZEW_1.xyz,metal,NO_METAL
3938,/home/shachar/repos/PorCrystalStructures/data/raw_xyz/xyz/porphyrins/QOLZEW_2.xyz,metal,NO_METAL
3939,/home/shachar/repos/PorCrystalStructures/data/raw_xyz/xyz/porphyrins/QOLZIA_0.xyz,charge,TOO_LARGE_COUNTER_MOL
3940,/home/shachar/repos/PorCrystalStructures/data/raw_xyz/xyz/porphyrins/QOLZIA_1.xyz,metal,NO_METAL
3941,/home/shachar/repos/PorCrystalStructures/data/raw_xyz/xyz/porphyrins/QOLZIA_2.xyz,metal,NO_METAL
3942,/home/shachar/repos/PorCrystalStructures/data/raw_xyz/xyz/porphyrins/QOLZOG_0.xyz,topolocial,NOT_CONNECTED_MOLECULE
3943,/home/shachar/repos/PorCrystalStructures/data/raw_xyz/xyz/porphyrins/QOLZOG_1.xyz,metal,NO_METAL
3944,/home/shachar/repos/PorCrystalStructures/data/raw_xyz/xyz/porphyrins/QOLZOG_2.xyz,metal,NO_METAL
3945,/home/shachar/repos/PorCrystalStructures/data/raw_xyz/xyz/porphyrins/QONBIF_0.xyz,metal,NO_METAL
3946,/home/shachar/repos/PorCrystalStructures/data/raw_xyz/xyz/porphyrins/QONBIF_1.xyz,metal,NO_METAL
3947,/home/shachar/repos/PorCrystalStructures/data/raw_xyz/xyz/porphyrins/QONBIF_2.xyz,metal,NO_METAL
3948,/home/shachar/repos/PorCrystalStructures/data/raw_xyz/xyz/porphyrins/QONBOL_0.xyz,metal,NO_METAL
3949,/home/shachar/repos/PorCrystalStructures/data/raw_xyz/xyz/porphyrins/QONCAY_0.xyz,metal,NO_METAL
3950,/home/shachar/repos/PorCrystalStructures/data/raw_xyz/xyz/porphyrins/QONXIA_0.xyz,topolocial,NOT_A_MONOMER
3951,/home/shachar/repos/PorCrystalStructures/data/raw_xyz/xyz/porphyrins/QONXIA_1.xyz,metal,NO_METAL
3952,/home/shachar/repos/PorCrystalStructures/data/raw_xyz/xyz/porphyrins/QOPLOX_0.xyz,topolocial,NOT_CONNECTED_MOLECULE
3953,/home/shachar/repos/PorCrystalStructures/data/raw_xyz/xyz/porphyrins/QOPLOX_1.xyz,metal,NO_METAL
3954,/home/shachar/repos/PorCrystalStructures/data/raw_xyz/xyz/porphyrins/QOQGOS_0.xyz,metal,NO_METAL
3955,/home/shachar/repos/PorCrystalStructures/data/raw_xyz/xyz/porphyrins/QOQGUY_0.xyz,valid,VALID
3956,/home/shachar/repos/PorCrystalStructures/data/raw_xyz/xyz/porphyrins/QOQGUY_1.xyz,metal,NO_METAL
3957,/home/shachar/repos/PorCrystalStructures/data/raw_xyz/xyz/porphyrins/QOQHAF_0.xyz,charge,MOL_ODD_NUMBER_OF_ELECTRONS
3958,/home/shachar/repos/PorCrystalStructures/data/raw_xyz/xyz/porphyrins/QOQHEJ_0.xyz,valid,VALID
3959,/home/shachar/repos/PorCrystalStructures/data/raw_xyz/xyz/porphyrins/QOQHIN_0.xyz,charge,TOO_LARGE_COUNTER_MOL
3960,/home/shachar/repos/PorCrystalStructures/data/raw_xyz/xyz/porphyrins/QOQHIN_1.xyz,metal,NO_METAL
3961,/home/shachar/repos/PorCrystalStructures/data/raw_xyz/xyz/porphyrins/QOQHOT_0.xyz,topolocial,NOT_CONNECTED_MOLECULE
3962,/home/shachar/repos/PorCrystalStructures/data/raw_xyz/xyz/porphyrins/QOQHOT_1.xyz,valence,BAD VALENCE
3963,/home/shachar/repos/PorCrystalStructures/data/raw_xyz/xyz/porphyrins/QOQHUZ_0.xyz,metal,NO_METAL
3964,/home/shachar/repos/PorCrystalStructures/data/raw_xyz/xyz/porphyrins/QOQHUZ_1.xyz,metal,NO_METAL
3965,/home/shachar/repos/PorCrystalStructures/data/raw_xyz/xyz/porphyrins/QOQJAH_0.xyz,valid,VALID
3966,/home/shachar/repos/PorCrystalStructures/data/raw_xyz/xyz/porphyrins/QOQJAH_1.xyz,metal,NO_METAL
3967,/home/shachar/repos/PorCrystalStructures/data/raw_xyz/xyz/porphyrins/QORBII_0.xyz,metal,NO_METAL
3968,/home/shachar/repos/PorCrystalStructures/data/raw_xyz/xyz/porphyrins/QORBII_1.xyz,metal,NO_METAL
3969,/home/shachar/repos/PorCrystalStructures/data/raw_xyz/xyz/porphyrins/QOSBAB_0.xyz,valid,VALID
3970,/home/shachar/repos/PorCrystalStructures/data/raw_xyz/xyz/porphyrins/QOSBEF_0.xyz,topolocial,NOT_CONNECTED_MOLECULE
3971,/home/shachar/repos/PorCrystalStructures/data/raw_xyz/xyz/porphyrins/QOSREW_0.xyz,topolocial,NOT_A_MONOMER
3972,/home/shachar/repos/PorCrystalStructures/data/raw_xyz/xyz/porphyrins/QOTXAA_0.xyz,charge,MOL_ODD_NUMBER_OF_ELECTRONS
3973,/home/shachar/repos/PorCrystalStructures/data/raw_xyz/xyz/porphyrins/QOTXAA_1.xyz,metal,NO_METAL
3974,/home/shachar/repos/PorCrystalStructures/data/raw_xyz/xyz/porphyrins/QOWHOZ_0.xyz,metal,NO_METAL
3975,/home/shachar/repos/PorCrystalStructures/data/raw_xyz/xyz/porphyrins/QOYWAC_0.xyz,valid,VALID
3976,/home/shachar/repos/PorCrystalStructures/data/raw_xyz/xyz/porphyrins/QOYWAC_1.xyz,metal,NO_METAL
3977,/home/shachar/repos/PorCrystalStructures/data/raw_xyz/xyz/porphyrins/QOYWAC_2.xyz,metal,NO_METAL
3978,/home/shachar/repos/PorCrystalStructures/data/raw_xyz/xyz/porphyrins/QOZROM_0.xyz,topolocial,PYRROLE_NOT_BOUND_TO_METAL
3979,/home/shachar/repos/PorCrystalStructures/data/raw_xyz/xyz/porphyrins/QOZRUS_0.xyz,topolocial,NOT_CONNECTED_MOLECULE
3980,/home/shachar/repos/PorCrystalStructures/data/raw_xyz/xyz/porphyrins/QQQFQG01_0.xyz,valid,VALID
3981,/home/shachar/repos/PorCrystalStructures/data/raw_xyz/xyz/porphyrins/QUBDOI_0.xyz,topolocial,NOT_CONNECTED_MOLECULE
3982,/home/shachar/repos/PorCrystalStructures/data/raw_xyz/xyz/porphyrins/QUBDOI_1.xyz,metal,NO_METAL
3983,/home/shachar/repos/PorCrystalStructures/data/raw_xyz/xyz/porphyrins/QUBWIW_0.xyz,metal,NO_METAL
3984,/home/shachar/repos/PorCrystalStructures/data/raw_xyz/xyz/porphyrins/QUBWUI_0.xyz,metal,NO_METAL
3985,/home/shachar/repos/PorCrystalStructures/data/raw_xyz/xyz/porphyrins/QUBWUI_1.xyz,metal,NO_METAL
3986,/home/shachar/repos/PorCrystalStructures/data/raw_xyz/xyz/porphyrins/QUBXET_0.xyz,metal,NO_METAL
3987,/home/shachar/repos/PorCrystalStructures/data/raw_xyz/xyz/porphyrins/QUBXET_1.xyz,metal,NO_METAL
3988,/home/shachar/repos/PorCrystalStructures/data/raw_xyz/xyz/porphyrins/QUCYOD_0.xyz,topolocial,BIDENTATE_MACROCYCLE_SUBS
3989,/home/shachar/repos/PorCrystalStructures/data/raw_xyz/xyz/porphyrins/QUFDAZ_0.xyz,metal,NO_METAL
3990,/home/shachar/repos/PorCrystalStructures/data/raw_xyz/xyz/porphyrins/QUFDAZ_1.xyz,metal,NO_METAL
3991,/home/shachar/repos/PorCrystalStructures/data/raw_xyz/xyz/porphyrins/QUFDON_0.xyz,topolocial,NOT_CONNECTED_MOLECULE
3992,/home/shachar/repos/PorCrystalStructures/data/raw_xyz/xyz/porphyrins/QUFDON_1.xyz,topolocial,NOT_A_MONOMER
3993,/home/shachar/repos/PorCrystalStructures/data/raw_xyz/xyz/porphyrins/QUFDON_2.xyz,metal,NO_METAL
3994,/home/shachar/repos/PorCrystalStructures/data/raw_xyz/xyz/porphyrins/QUGMAI_0.xyz,topolocial,NOT_A_MONOMER
3995,/home/shachar/repos/PorCrystalStructures/data/raw_xyz/xyz/porphyrins/QUGMAI_1.xyz,metal,NO_METAL
3996,/home/shachar/repos/PorCrystalStructures/data/raw_xyz/xyz/porphyrins/QUGMAI_2.xyz,metal,NO_METAL
3997,/home/shachar/repos/PorCrystalStructures/data/raw_xyz/xyz/porphyrins/QUGMEM_0.xyz,metal,NO_METAL
3998,/home/shachar/repos/PorCrystalStructures/data/raw_xyz/xyz/porphyrins/QUGMEM_1.xyz,metal,NO_METAL
3999,/home/shachar/repos/PorCrystalStructures/data/raw_xyz/xyz/porphyrins/QUGMEM_2.xyz,metal,NO_METAL
4000,/home/shachar/repos/PorCrystalStructures/data/raw_xyz/xyz/porphyrins/QUGMEM_3.xyz,metal,NO_METAL
4001,/home/shachar/repos/PorCrystalStructures/data/raw_xyz/xyz/porphyrins/QUGRAN_0.xyz,metal,NO_METAL
4002,/home/shachar/repos/PorCrystalStructures/data/raw_xyz/xyz/porphyrins/QUGRAN_1.xyz,metal,NO_METAL
4003,/home/shachar/repos/PorCrystalStructures/data/raw_xyz/xyz/porphyrins/QUGRAN_2.xyz,metal,NO_METAL
4004,/home/shachar/repos/PorCrystalStructures/data/raw_xyz/xyz/porphyrins/QUGRUH_0.xyz,metal,NO_METAL
4005,/home/shachar/repos/PorCrystalStructures/data/raw_xyz/xyz/porphyrins/QUGRUH_1.xyz,metal,NO_METAL
4006,/home/shachar/repos/PorCrystalStructures/data/raw_xyz/xyz/porphyrins/QUHXOH_0.xyz,topolocial,PYRROLE_NOT_BOUND_TO_METAL
4007,/home/shachar/repos/PorCrystalStructures/data/raw_xyz/xyz/porphyrins/QUHXOH_1.xyz,metal,NO_METAL
4008,/home/shachar/repos/PorCrystalStructures/data/raw_xyz/xyz/porphyrins/QUHXUN_0.xyz,topolocial,PYRROLE_NOT_BOUND_TO_METAL
4009,/home/shachar/repos/PorCrystalStructures/data/raw_xyz/xyz/porphyrins/QUHXUN_1.xyz,metal,NO_METAL
4010,/home/shachar/repos/PorCrystalStructures/data/raw_xyz/xyz/porphyrins/QUHYAU_0.xyz,topolocial,PYRROLE_NOT_BOUND_TO_METAL
4011,/home/shachar/repos/PorCrystalStructures/data/raw_xyz/xyz/porphyrins/QUHYAU_1.xyz,metal,NO_METAL
4012,/home/shachar/repos/PorCrystalStructures/data/raw_xyz/xyz/porphyrins/QUHYAU_2.xyz,metal,NO_METAL
4013,/home/shachar/repos/PorCrystalStructures/data/raw_xyz/xyz/porphyrins/QUHYEY_0.xyz,topolocial,NOT_SATURATED
4014,/home/shachar/repos/PorCrystalStructures/data/raw_xyz/xyz/porphyrins/QUHYEY_1.xyz,metal,NO_METAL
4015,/home/shachar/repos/PorCrystalStructures/data/raw_xyz/xyz/porphyrins/QUHYEY_2.xyz,metal,NO_METAL
4016,/home/shachar/repos/PorCrystalStructures/data/raw_xyz/xyz/porphyrins/QUJJOV_0.xyz,topolocial,HAS_MORE_THAN_4_PYRROLES
4017,/home/shachar/repos/PorCrystalStructures/data/raw_xyz/xyz/porphyrins/QUJJOV_1.xyz,metal,NO_METAL
4018,/home/shachar/repos/PorCrystalStructures/data/raw_xyz/xyz/porphyrins/QUJJOV_2.xyz,metal,NO_METAL
4019,/home/shachar/repos/PorCrystalStructures/data/raw_xyz/xyz/porphyrins/QUJZUQ_0.xyz,topolocial,NOT_SATURATED
4020,/home/shachar/repos/PorCrystalStructures/data/raw_xyz/xyz/porphyrins/QUJZUQ_1.xyz,metal,NO_METAL
4021,/home/shachar/repos/PorCrystalStructures/data/raw_xyz/xyz/porphyrins/QUKNEP_0.xyz,valence,BAD VALENCE
4022,/home/shachar/repos/PorCrystalStructures/data/raw_xyz/xyz/porphyrins/QUKNEP_1.xyz,metal,NO_METAL
4023,/home/shachar/repos/PorCrystalStructures/data/raw_xyz/xyz/porphyrins/QUKSAT_0.xyz,metal,NO_METAL
4024,/home/shachar/repos/PorCrystalStructures/data/raw_xyz/xyz/porphyrins/QUKSAT_1.xyz,metal,NO_METAL
4025,/home/shachar/repos/PorCrystalStructures/data/raw_xyz/xyz/porphyrins/QUNDUA_0.xyz,valid,VALID
4026,/home/shachar/repos/PorCrystalStructures/data/raw_xyz/xyz/porphyrins/QUNDUA_1.xyz,metal,NO_METAL
4027,/home/shachar/repos/PorCrystalStructures/data/raw_xyz/xyz/porphyrins/QUQDEN_0.xyz,topolocial,NOT_CONNECTED_MOLECULE
4028,/home/shachar/repos/PorCrystalStructures/data/raw_xyz/xyz/porphyrins/QUQYAC01_0.xyz,topolocial,BIDENTATE_MACROCYCLE_SUBS
4029,/home/shachar/repos/PorCrystalStructures/data/raw_xyz/xyz/porphyrins/QUQYAC_0.xyz,topolocial,BIDENTATE_MACROCYCLE_SUBS
4030,/home/shachar/repos/PorCrystalStructures/data/raw_xyz/xyz/porphyrins/QURQEB_0.xyz,metal,NO_METAL
4031,/home/shachar/repos/PorCrystalStructures/data/raw_xyz/xyz/porphyrins/QURQEB_1.xyz,metal,NO_METAL
4032,/home/shachar/repos/PorCrystalStructures/data/raw_xyz/xyz/porphyrins/QURQEB_2.xyz,metal,NO_METAL
4033,/home/shachar/repos/PorCrystalStructures/data/raw_xyz/xyz/porphyrins/QUSDIT_0.xyz,metal,NO_METAL
4034,/home/shachar/repos/PorCrystalStructures/data/raw_xyz/xyz/porphyrins/QUSDOZ_0.xyz,topolocial,NOT_A_MONOMER
4035,/home/shachar/repos/PorCrystalStructures/data/raw_xyz/xyz/porphyrins/QUSDUF_0.xyz,topolocial,NOT_A_MONOMER
4036,/home/shachar/repos/PorCrystalStructures/data/raw_xyz/xyz/porphyrins/QUSQEC_0.xyz,metal,NO_METAL
4037,/home/shachar/repos/PorCrystalStructures/data/raw_xyz/xyz/porphyrins/QUTFAO_0.xyz,topolocial,NOT_CONNECTED_MOLECULE
4038,/home/shachar/repos/PorCrystalStructures/data/raw_xyz/xyz/porphyrins/QUTQII_0.xyz,topolocial,NOT_SATURATED
4039,/home/shachar/repos/PorCrystalStructures/data/raw_xyz/xyz/porphyrins/QUTQII_1.xyz,metal,NO_METAL
4040,/home/shachar/repos/PorCrystalStructures/data/raw_xyz/xyz/porphyrins/QUTQII_2.xyz,metal,NO_METAL
4041,/home/shachar/repos/PorCrystalStructures/data/raw_xyz/xyz/porphyrins/QUTQII_3.xyz,metal,NO_METAL
4042,/home/shachar/repos/PorCrystalStructures/data/raw_xyz/xyz/porphyrins/QUWTAF_0.xyz,topolocial,NOT_CONNECTED_MOLECULE
4043,/home/shachar/repos/PorCrystalStructures/data/raw_xyz/xyz/porphyrins/QUWTEJ_0.xyz,valid,VALID
4044,/home/shachar/repos/PorCrystalStructures/data/raw_xyz/xyz/porphyrins/QUWWEM_0.xyz,topolocial,NOT_SATURATED
4045,/home/shachar/repos/PorCrystalStructures/data/raw_xyz/xyz/porphyrins/QUWYOY_0.xyz,topolocial,NOT_CONNECTED_MOLECULE
4046,/home/shachar/repos/PorCrystalStructures/data/raw_xyz/xyz/porphyrins/QUWYOY_1.xyz,metal,NO_METAL
4047,/home/shachar/repos/PorCrystalStructures/data/raw_xyz/xyz/porphyrins/QUXFIZ_0.xyz,charge,MOL_ODD_NUMBER_OF_ELECTRONS
4048,/home/shachar/repos/PorCrystalStructures/data/raw_xyz/xyz/porphyrins/QUXFIZ_1.xyz,metal,NO_METAL
4049,/home/shachar/repos/PorCrystalStructures/data/raw_xyz/xyz/porphyrins/QUXFIZ_2.xyz,metal,NO_METAL
4050,/home/shachar/repos/PorCrystalStructures/data/raw_xyz/xyz/porphyrins/QUYCUK_0.xyz,topolocial,NOT_A_MONOMER
4051,/home/shachar/repos/PorCrystalStructures/data/raw_xyz/xyz/porphyrins/QUYCUK_1.xyz,metal,NO_METAL
4052,/home/shachar/repos/PorCrystalStructures/data/raw_xyz/xyz/porphyrins/RALMUO_0.xyz,topolocial,NOT_A_MONOMER
4053,/home/shachar/repos/PorCrystalStructures/data/raw_xyz/xyz/porphyrins/RALMUO_1.xyz,metal,NO_METAL
4054,/home/shachar/repos/PorCrystalStructures/data/raw_xyz/xyz/porphyrins/RALNAV_0.xyz,topolocial,NOT_A_MONOMER
4055,/home/shachar/repos/PorCrystalStructures/data/raw_xyz/xyz/porphyrins/RALNEZ_0.xyz,topolocial,NOT_A_MONOMER
4056,/home/shachar/repos/PorCrystalStructures/data/raw_xyz/xyz/porphyrins/RALTON_0.xyz,topolocial,NOT_CONNECTED_MOLECULE
4057,/home/shachar/repos/PorCrystalStructures/data/raw_xyz/xyz/porphyrins/RALTON_1.xyz,metal,NO_METAL
4058,/home/shachar/repos/PorCrystalStructures/data/raw_xyz/xyz/porphyrins/RALTON_2.xyz,metal,NO_METAL
4059,/home/shachar/repos/PorCrystalStructures/data/raw_xyz/xyz/porphyrins/RALTON_3.xyz,metal,NO_METAL
4060,/home/shachar/repos/PorCrystalStructures/data/raw_xyz/xyz/porphyrins/RALTON_4.xyz,metal,NO_METAL
4061,/home/shachar/repos/PorCrystalStructures/data/raw_xyz/xyz/porphyrins/RALTUT_0.xyz,topolocial,NOT_A_MONOMER
4062,/home/shachar/repos/PorCrystalStructures/data/raw_xyz/xyz/porphyrins/RALTUT_1.xyz,metal,NO_METAL
4063,/home/shachar/repos/PorCrystalStructures/data/raw_xyz/xyz/porphyrins/RALVAB_0.xyz,topolocial,NOT_A_MONOMER
4064,/home/shachar/repos/PorCrystalStructures/data/raw_xyz/xyz/porphyrins/RALVAB_1.xyz,metal,NO_METAL
4065,/home/shachar/repos/PorCrystalStructures/data/raw_xyz/xyz/porphyrins/RAMSUW_0.xyz,metal,NO_METAL
4066,/home/shachar/repos/PorCrystalStructures/data/raw_xyz/xyz/porphyrins/RAMSUW_1.xyz,metal,NO_METAL
4067,/home/shachar/repos/PorCrystalStructures/data/raw_xyz/xyz/porphyrins/RAMSUW_2.xyz,metal,NO_METAL
4068,/home/shachar/repos/PorCrystalStructures/data/raw_xyz/xyz/porphyrins/RAMZOX_0.xyz,topolocial,NOT_CONNECTED_MOLECULE
4069,/home/shachar/repos/PorCrystalStructures/data/raw_xyz/xyz/porphyrins/RAMZOX_1.xyz,metal,NO_METAL
4070,/home/shachar/repos/PorCrystalStructures/data/raw_xyz/xyz/porphyrins/RAMZOX_2.xyz,metal,NO_METAL
4071,/home/shachar/repos/PorCrystalStructures/data/raw_xyz/xyz/porphyrins/RANLOK_0.xyz,charge,MOL_ODD_NUMBER_OF_ELECTRONS
4072,/home/shachar/repos/PorCrystalStructures/data/raw_xyz/xyz/porphyrins/RANLOK_1.xyz,metal,NO_METAL
4073,/home/shachar/repos/PorCrystalStructures/data/raw_xyz/xyz/porphyrins/RANLUQ_0.xyz,charge,MOL_ODD_NUMBER_OF_ELECTRONS
4074,/home/shachar/repos/PorCrystalStructures/data/raw_xyz/xyz/porphyrins/RANMUR_0.xyz,topolocial,NOT_CONNECTED_MOLECULE
4075,/home/shachar/repos/PorCrystalStructures/data/raw_xyz/xyz/porphyrins/RAPDOF01_0.xyz,topolocial,NOT_CONNECTED_MOLECULE
4076,/home/shachar/repos/PorCrystalStructures/data/raw_xyz/xyz/porphyrins/RAPDOF_0.xyz,topolocial,NOT_CONNECTED_MOLECULE
4077,/home/shachar/repos/PorCrystalStructures/data/raw_xyz/xyz/porphyrins/RAPNOL_0.xyz,metal,NO_METAL
4078,/home/shachar/repos/PorCrystalStructures/data/raw_xyz/xyz/porphyrins/RAPNOL_1.xyz,metal,NO_METAL
4079,/home/shachar/repos/PorCrystalStructures/data/raw_xyz/xyz/porphyrins/RAPNOL_2.xyz,metal,NO_METAL
4080,/home/shachar/repos/PorCrystalStructures/data/raw_xyz/xyz/porphyrins/RAPNUR_0.xyz,metal,NO_METAL
4081,/home/shachar/repos/PorCrystalStructures/data/raw_xyz/xyz/porphyrins/RAPNUR_1.xyz,metal,NO_METAL
4082,/home/shachar/repos/PorCrystalStructures/data/raw_xyz/xyz/porphyrins/RAPRIK_0.xyz,metal,NO_METAL
4083,/home/shachar/repos/PorCrystalStructures/data/raw_xyz/xyz/porphyrins/RAPRIK_1.xyz,metal,NO_METAL
4084,/home/shachar/repos/PorCrystalStructures/data/raw_xyz/xyz/porphyrins/RAPZEQ_0.xyz,metal,NO_METAL
4085,/home/shachar/repos/PorCrystalStructures/data/raw_xyz/xyz/porphyrins/RAPZEQ_1.xyz,metal,NO_METAL
4086,/home/shachar/repos/PorCrystalStructures/data/raw_xyz/xyz/porphyrins/RAPZEQ_2.xyz,metal,NO_METAL
4087,/home/shachar/repos/PorCrystalStructures/data/raw_xyz/xyz/porphyrins/RAPZEQ_3.xyz,metal,NO_METAL
4088,/home/shachar/repos/PorCrystalStructures/data/raw_xyz/xyz/porphyrins/RASGID_0.xyz,topolocial,NOT_A_MONOMER
4089,/home/shachar/repos/PorCrystalStructures/data/raw_xyz/xyz/porphyrins/RASGOJ_0.xyz,topolocial,NOT_CONNECTED_MOLECULE
4090,/home/shachar/repos/PorCrystalStructures/data/raw_xyz/xyz/porphyrins/RASGUP_0.xyz,topolocial,NOT_CONNECTED_MOLECULE
4091,/home/shachar/repos/PorCrystalStructures/data/raw_xyz/xyz/porphyrins/RASYIW_0.xyz,metal,NO_METAL
4092,/home/shachar/repos/PorCrystalStructures/data/raw_xyz/xyz/porphyrins/RASYUI_0.xyz,metal,NO_METAL
4093,/home/shachar/repos/PorCrystalStructures/data/raw_xyz/xyz/porphyrins/RATQUB_0.xyz,metal,NO_METAL
4094,/home/shachar/repos/PorCrystalStructures/data/raw_xyz/xyz/porphyrins/RATSEN_0.xyz,metal,NO_METAL
4095,/home/shachar/repos/PorCrystalStructures/data/raw_xyz/xyz/porphyrins/RATSEN_1.xyz,metal,NO_METAL
4096,/home/shachar/repos/PorCrystalStructures/data/raw_xyz/xyz/porphyrins/RAXJEH_0.xyz,topolocial,NOT_CONNECTED_MOLECULE
4097,/home/shachar/repos/PorCrystalStructures/data/raw_xyz/xyz/porphyrins/RAXJIL_0.xyz,topolocial,NOT_CONNECTED_MOLECULE
4098,/home/shachar/repos/PorCrystalStructures/data/raw_xyz/xyz/porphyrins/RAXJIL_1.xyz,topolocial,NOT_CONNECTED_MOLECULE
4099,/home/shachar/repos/PorCrystalStructures/data/raw_xyz/xyz/porphyrins/RAXJIL_2.xyz,metal,NO_METAL
4100,/home/shachar/repos/PorCrystalStructures/data/raw_xyz/xyz/porphyrins/RAXJIL_3.xyz,metal,NO_METAL
4101,/home/shachar/repos/PorCrystalStructures/data/raw_xyz/xyz/porphyrins/RAYDUR_0.xyz,charge,TOO_LARGE_COUNTER_MOL
4102,/home/shachar/repos/PorCrystalStructures/data/raw_xyz/xyz/porphyrins/RAYDUR_1.xyz,metal,NO_METAL
4103,/home/shachar/repos/PorCrystalStructures/data/raw_xyz/xyz/porphyrins/REBFOV_0.xyz,metal,NO_METAL
4104,/home/shachar/repos/PorCrystalStructures/data/raw_xyz/xyz/porphyrins/REBFUB_0.xyz,metal,NO_METAL
4105,/home/shachar/repos/PorCrystalStructures/data/raw_xyz/xyz/porphyrins/RECPOE_0.xyz,metal,NO_METAL
4106,/home/shachar/repos/PorCrystalStructures/data/raw_xyz/xyz/porphyrins/RECPOE_1.xyz,metal,NO_METAL
4107,/home/shachar/repos/PorCrystalStructures/data/raw_xyz/xyz/porphyrins/REDJIT_0.xyz,topolocial,NOT_A_MONOMER
4108,/home/shachar/repos/PorCrystalStructures/data/raw_xyz/xyz/porphyrins/REFPOH_0.xyz,valid,VALID
4109,/home/shachar/repos/PorCrystalStructures/data/raw_xyz/xyz/porphyrins/REHGOB_0.xyz,valid,VALID
4110,/home/shachar/repos/PorCrystalStructures/data/raw_xyz/xyz/porphyrins/REHGOB_1.xyz,metal,NO_METAL
4111,/home/shachar/repos/PorCrystalStructures/data/raw_xyz/xyz/porphyrins/REHVIJ_0.xyz,metal,NO_METAL
4112,/home/shachar/repos/PorCrystalStructures/data/raw_xyz/xyz/porphyrins/REHXAE_0.xyz,metal,NO_METAL
4113,/home/shachar/repos/PorCrystalStructures/data/raw_xyz/xyz/porphyrins/REHXAE_1.xyz,metal,NO_METAL
4114,/home/shachar/repos/PorCrystalStructures/data/raw_xyz/xyz/porphyrins/REHXAE_2.xyz,metal,NO_METAL
4115,/home/shachar/repos/PorCrystalStructures/data/raw_xyz/xyz/porphyrins/REHXAE_3.xyz,metal,NO_METAL
4116,/home/shachar/repos/PorCrystalStructures/data/raw_xyz/xyz/porphyrins/REJXAG_0.xyz,charge,TOO_LARGE_COUNTER_MOL
4117,/home/shachar/repos/PorCrystalStructures/data/raw_xyz/xyz/porphyrins/REJXAG_1.xyz,topolocial,NOT_A_MONOMER
4118,/home/shachar/repos/PorCrystalStructures/data/raw_xyz/xyz/porphyrins/REJXAG_2.xyz,metal,NO_METAL
4119,/home/shachar/repos/PorCrystalStructures/data/raw_xyz/xyz/porphyrins/REKMAW_0.xyz,topolocial,NOT_CONNECTED_MOLECULE
4120,/home/shachar/repos/PorCrystalStructures/data/raw_xyz/xyz/porphyrins/REKMEA_0.xyz,topolocial,NOT_CONNECTED_MOLECULE
4121,/home/shachar/repos/PorCrystalStructures/data/raw_xyz/xyz/porphyrins/REKMIE_0.xyz,topolocial,NOT_SATURATED
4122,/home/shachar/repos/PorCrystalStructures/data/raw_xyz/xyz/porphyrins/REKMIE_1.xyz,metal,NO_METAL
4123,/home/shachar/repos/PorCrystalStructures/data/raw_xyz/xyz/porphyrins/REKMIE_2.xyz,metal,NO_METAL
4124,/home/shachar/repos/PorCrystalStructures/data/raw_xyz/xyz/porphyrins/REKSIJ_0.xyz,topolocial,NOT_CONNECTED_MOLECULE
4125,/home/shachar/repos/PorCrystalStructures/data/raw_xyz/xyz/porphyrins/REKSIJ_1.xyz,metal,NO_METAL
4126,/home/shachar/repos/PorCrystalStructures/data/raw_xyz/xyz/porphyrins/REKSIJ_2.xyz,metal,NO_METAL
4127,/home/shachar/repos/PorCrystalStructures/data/raw_xyz/xyz/porphyrins/REKSIJ_3.xyz,metal,NO_METAL
4128,/home/shachar/repos/PorCrystalStructures/data/raw_xyz/xyz/porphyrins/REKSIJ_4.xyz,metal,NO_METAL
4129,/home/shachar/repos/PorCrystalStructures/data/raw_xyz/xyz/porphyrins/RELHEV_0.xyz,topolocial,DOESNT_HAVE_METAL
4130,/home/shachar/repos/PorCrystalStructures/data/raw_xyz/xyz/porphyrins/RENJOK_0.xyz,topolocial,NOT_CONNECTED_MOLECULE
4131,/home/shachar/repos/PorCrystalStructures/data/raw_xyz/xyz/porphyrins/RENJOK_1.xyz,topolocial,NOT_CONNECTED_MOLECULE
4132,/home/shachar/repos/PorCrystalStructures/data/raw_xyz/xyz/porphyrins/RENJOK_2.xyz,metal,NO_METAL
4133,/home/shachar/repos/PorCrystalStructures/data/raw_xyz/xyz/porphyrins/RENJOK_3.xyz,metal,NO_METAL
4134,/home/shachar/repos/PorCrystalStructures/data/raw_xyz/xyz/porphyrins/RENJOK_4.xyz,metal,NO_METAL
4135,/home/shachar/repos/PorCrystalStructures/data/raw_xyz/xyz/porphyrins/RENJOK_5.xyz,metal,NO_METAL
4136,/home/shachar/repos/PorCrystalStructures/data/raw_xyz/xyz/porphyrins/RENLOO_0.xyz,topolocial,NOT_A_MONOMER
4137,/home/shachar/repos/PorCrystalStructures/data/raw_xyz/xyz/porphyrins/RENLOO_1.xyz,metal,NO_METAL
4138,/home/shachar/repos/PorCrystalStructures/data/raw_xyz/xyz/porphyrins/RENLOO_2.xyz,metal,NO_METAL
4139,/home/shachar/repos/PorCrystalStructures/data/raw_xyz/xyz/porphyrins/RENSUZ_0.xyz,topolocial,NOT_A_MONOMER
4140,/home/shachar/repos/PorCrystalStructures/data/raw_xyz/xyz/porphyrins/RENSUZ_1.xyz,metal,NO_METAL
4141,/home/shachar/repos/PorCrystalStructures/data/raw_xyz/xyz/porphyrins/RENTAG_0.xyz,topolocial,NOT_CONNECTED_MOLECULE
4142,/home/shachar/repos/PorCrystalStructures/data/raw_xyz/xyz/porphyrins/RENTAG_1.xyz,metal,NO_METAL
4143,/home/shachar/repos/PorCrystalStructures/data/raw_xyz/xyz/porphyrins/REVMEN_0.xyz,topolocial,NOT_CONNECTED_MOLECULE
4144,/home/shachar/repos/PorCrystalStructures/data/raw_xyz/xyz/porphyrins/REVMEN_1.xyz,topolocial,NOT_CONNECTED_MOLECULE
4145,/home/shachar/repos/PorCrystalStructures/data/raw_xyz/xyz/porphyrins/REVMEN_2.xyz,topolocial,NOT_CONNECTED_MOLECULE
4146,/home/shachar/repos/PorCrystalStructures/data/raw_xyz/xyz/porphyrins/REVMEN_3.xyz,metal,NO_METAL
4147,/home/shachar/repos/PorCrystalStructures/data/raw_xyz/xyz/porphyrins/RICKOF_0.xyz,topolocial,NOT_A_MONOMER
4148,/home/shachar/repos/PorCrystalStructures/data/raw_xyz/xyz/porphyrins/RICKOF_1.xyz,metal,NO_METAL
4149,/home/shachar/repos/PorCrystalStructures/data/raw_xyz/xyz/porphyrins/RICKOF_2.xyz,metal,NO_METAL
4150,/home/shachar/repos/PorCrystalStructures/data/raw_xyz/xyz/porphyrins/RICKOF_3.xyz,metal,NO_METAL
4151,/home/shachar/repos/PorCrystalStructures/data/raw_xyz/xyz/porphyrins/RICVIK_0.xyz,topolocial,NOT_A_MONOMER
4152,/home/shachar/repos/PorCrystalStructures/data/raw_xyz/xyz/porphyrins/RICVIK_1.xyz,metal,NO_METAL
4153,/home/shachar/repos/PorCrystalStructures/data/raw_xyz/xyz/porphyrins/RICVIK_2.xyz,metal,NO_METAL
4154,/home/shachar/repos/PorCrystalStructures/data/raw_xyz/xyz/porphyrins/RIGKUO_0.xyz,metal,NO_METAL
4155,/home/shachar/repos/PorCrystalStructures/data/raw_xyz/xyz/porphyrins/RIGKUO_1.xyz,metal,NO_METAL
4156,/home/shachar/repos/PorCrystalStructures/data/raw_xyz/xyz/porphyrins/RIGKUO_2.xyz,metal,NO_METAL
4157,/home/shachar/repos/PorCrystalStructures/data/raw_xyz/xyz/porphyrins/RIGLAV_0.xyz,metal,NO_METAL
4158,/home/shachar/repos/PorCrystalStructures/data/raw_xyz/xyz/porphyrins/RIGLAV_1.xyz,metal,NO_METAL
4159,/home/shachar/repos/PorCrystalStructures/data/raw_xyz/xyz/porphyrins/RIGROO_0.xyz,topolocial,NOT_CONNECTED_MOLECULE
4160,/home/shachar/repos/PorCrystalStructures/data/raw_xyz/xyz/porphyrins/RIGROO_1.xyz,metal,NO_METAL
4161,/home/shachar/repos/PorCrystalStructures/data/raw_xyz/xyz/porphyrins/RIGWUC_0.xyz,valid,VALID
4162,/home/shachar/repos/PorCrystalStructures/data/raw_xyz/xyz/porphyrins/RIGWUC_1.xyz,metal,NO_METAL
4163,/home/shachar/repos/PorCrystalStructures/data/raw_xyz/xyz/porphyrins/RIHWUA_0.xyz,metal,NO_METAL
4164,/home/shachar/repos/PorCrystalStructures/data/raw_xyz/xyz/porphyrins/RIHXEL_0.xyz,valid,VALID
4165,/home/shachar/repos/PorCrystalStructures/data/raw_xyz/xyz/porphyrins/RIHXIP_0.xyz,valence,BAD VALENCE
4166,/home/shachar/repos/PorCrystalStructures/data/raw_xyz/xyz/porphyrins/RIHXOV_0.xyz,valid,VALID
4167,/home/shachar/repos/PorCrystalStructures/data/raw_xyz/xyz/porphyrins/RIJMIG_0.xyz,topolocial,NOT_CONNECTED_MOLECULE
4168,/home/shachar/repos/PorCrystalStructures/data/raw_xyz/xyz/porphyrins/RIPWET_0.xyz,metal,NO_METAL
4169,/home/shachar/repos/PorCrystalStructures/data/raw_xyz/xyz/porphyrins/RIPWET_1.xyz,metal,NO_METAL
4170,/home/shachar/repos/PorCrystalStructures/data/raw_xyz/xyz/porphyrins/RIQJEG_0.xyz,metal,NO_METAL
4171,/home/shachar/repos/PorCrystalStructures/data/raw_xyz/xyz/porphyrins/RIQJIK_0.xyz,metal,NO_METAL
4172,/home/shachar/repos/PorCrystalStructures/data/raw_xyz/xyz/porphyrins/RIQJOQ_0.xyz,topolocial,HAS_MORE_THAN_4_PYRROLES
4173,/home/shachar/repos/PorCrystalStructures/data/raw_xyz/xyz/porphyrins/RIQJOQ_1.xyz,metal,NO_METAL
4174,/home/shachar/repos/PorCrystalStructures/data/raw_xyz/xyz/porphyrins/RIQJOQ_2.xyz,metal,NO_METAL
4175,/home/shachar/repos/PorCrystalStructures/data/raw_xyz/xyz/porphyrins/RIQJOQ_3.xyz,metal,NO_METAL
4176,/home/shachar/repos/PorCrystalStructures/data/raw_xyz/xyz/porphyrins/RIQJUW_0.xyz,topolocial,BIDENTATE_MACROCYCLE_SUBS
4177,/home/shachar/repos/PorCrystalStructures/data/raw_xyz/xyz/porphyrins/RIQJUW_1.xyz,metal,NO_METAL
4178,/home/shachar/repos/PorCrystalStructures/data/raw_xyz/xyz/porphyrins/RIQKAD_0.xyz,topolocial,BIDENTATE_MACROCYCLE_SUBS
4179,/home/shachar/repos/PorCrystalStructures/data/raw_xyz/xyz/porphyrins/RIQKAD_1.xyz,metal,NO_METAL
4180,/home/shachar/repos/PorCrystalStructures/data/raw_xyz/xyz/porphyrins/RIQPAL_0.xyz,charge,MOL_ODD_NUMBER_OF_ELECTRONS
4181,/home/shachar/repos/PorCrystalStructures/data/raw_xyz/xyz/porphyrins/RIQSAL_0.xyz,valence,BAD VALENCE
4182,/home/shachar/repos/PorCrystalStructures/data/raw_xyz/xyz/porphyrins/RIQSAL_1.xyz,metal,NO_METAL
4183,/home/shachar/repos/PorCrystalStructures/data/raw_xyz/xyz/porphyrins/RIQSAL_2.xyz,metal,NO_METAL
4184,/home/shachar/repos/PorCrystalStructures/data/raw_xyz/xyz/porphyrins/RIQSUF01_0.xyz,charge,MOL_ODD_NUMBER_OF_ELECTRONS
4185,/home/shachar/repos/PorCrystalStructures/data/raw_xyz/xyz/porphyrins/RIQSUF01_1.xyz,metal,NO_METAL
4186,/home/shachar/repos/PorCrystalStructures/data/raw_xyz/xyz/porphyrins/RIQSUF01_2.xyz,metal,NO_METAL
4187,/home/shachar/repos/PorCrystalStructures/data/raw_xyz/xyz/porphyrins/RIQSUF_0.xyz,charge,MOL_ODD_NUMBER_OF_ELECTRONS
4188,/home/shachar/repos/PorCrystalStructures/data/raw_xyz/xyz/porphyrins/RIRNUB_0.xyz,valid,VALID
4189,/home/shachar/repos/PorCrystalStructures/data/raw_xyz/xyz/porphyrins/RIRROZ_0.xyz,metal,NO_METAL
4190,/home/shachar/repos/PorCrystalStructures/data/raw_xyz/xyz/porphyrins/RIRROZ_1.xyz,metal,NO_METAL
4191,/home/shachar/repos/PorCrystalStructures/data/raw_xyz/xyz/porphyrins/RISRAM_0.xyz,topolocial,NOT_CONNECTED_MOLECULE
4192,/home/shachar/repos/PorCrystalStructures/data/raw_xyz/xyz/porphyrins/RISRAM_1.xyz,metal,NO_METAL
4193,/home/shachar/repos/PorCrystalStructures/data/raw_xyz/xyz/porphyrins/RISRAM_2.xyz,metal,NO_METAL
4194,/home/shachar/repos/PorCrystalStructures/data/raw_xyz/xyz/porphyrins/RISRAM_3.xyz,topolocial,NOT_A_MONOMER
4195,/home/shachar/repos/PorCrystalStructures/data/raw_xyz/xyz/porphyrins/RIVLIT_0.xyz,topolocial,NOT_CONNECTED_MOLECULE
4196,/home/shachar/repos/PorCrystalStructures/data/raw_xyz/xyz/porphyrins/RIVLOZ_0.xyz,topolocial,NOT_CONNECTED_MOLECULE
4197,/home/shachar/repos/PorCrystalStructures/data/raw_xyz/xyz/porphyrins/RIVLOZ_1.xyz,metal,NO_METAL
4198,/home/shachar/repos/PorCrystalStructures/data/raw_xyz/xyz/porphyrins/RIVLUF_0.xyz,topolocial,NOT_CONNECTED_MOLECULE
4199,/home/shachar/repos/PorCrystalStructures/data/raw_xyz/xyz/porphyrins/RIVMAM_0.xyz,topolocial,NOT_CONNECTED_MOLECULE
4200,/home/shachar/repos/PorCrystalStructures/data/raw_xyz/xyz/porphyrins/RIVMEQ_0.xyz,topolocial,NOT_CONNECTED_MOLECULE
4201,/home/shachar/repos/PorCrystalStructures/data/raw_xyz/xyz/porphyrins/RIVMOA_0.xyz,topolocial,NOT_CONNECTED_MOLECULE
4202,/home/shachar/repos/PorCrystalStructures/data/raw_xyz/xyz/porphyrins/RIWNOA_0.xyz,metal,NO_METAL
4203,/home/shachar/repos/PorCrystalStructures/data/raw_xyz/xyz/porphyrins/RIYGUD_0.xyz,topolocial,NOT_A_MONOMER
4204,/home/shachar/repos/PorCrystalStructures/data/raw_xyz/xyz/porphyrins/RIYGUD_1.xyz,metal,NO_METAL
4205,/home/shachar/repos/PorCrystalStructures/data/raw_xyz/xyz/porphyrins/RIYPUL_0.xyz,metal,NO_METAL
4206,/home/shachar/repos/PorCrystalStructures/data/raw_xyz/xyz/porphyrins/RIYPUL_1.xyz,metal,NO_METAL
4207,/home/shachar/repos/PorCrystalStructures/data/raw_xyz/xyz/porphyrins/ROBMEB_0.xyz,topolocial,NOT_CONNECTED_MOLECULE
4208,/home/shachar/repos/PorCrystalStructures/data/raw_xyz/xyz/porphyrins/ROBMEB_1.xyz,topolocial,NOT_A_MONOMER
4209,/home/shachar/repos/PorCrystalStructures/data/raw_xyz/xyz/porphyrins/ROBMEB_2.xyz,metal,NO_METAL
4210,/home/shachar/repos/PorCrystalStructures/data/raw_xyz/xyz/porphyrins/ROBYEN_0.xyz,topolocial,NOT_SATURATED
4211,/home/shachar/repos/PorCrystalStructures/data/raw_xyz/xyz/porphyrins/ROBYEN_1.xyz,metal,NO_METAL
4212,/home/shachar/repos/PorCrystalStructures/data/raw_xyz/xyz/porphyrins/ROCHOG_0.xyz,topolocial,NOT_A_MONOMER
4213,/home/shachar/repos/PorCrystalStructures/data/raw_xyz/xyz/porphyrins/ROCHOG_1.xyz,metal,NO_METAL
4214,/home/shachar/repos/PorCrystalStructures/data/raw_xyz/xyz/porphyrins/ROCWAH_0.xyz,topolocial,NOT_CONNECTED_MOLECULE
4215,/home/shachar/repos/PorCrystalStructures/data/raw_xyz/xyz/porphyrins/ROCWAH_1.xyz,metal,NO_METAL
4216,/home/shachar/repos/PorCrystalStructures/data/raw_xyz/xyz/porphyrins/ROCWAH_2.xyz,metal,NO_METAL
4217,/home/shachar/repos/PorCrystalStructures/data/raw_xyz/xyz/porphyrins/ROCWAH_3.xyz,metal,NO_METAL
4218,/home/shachar/repos/PorCrystalStructures/data/raw_xyz/xyz/porphyrins/ROGBIY_0.xyz,topolocial,PYRROLE_NOT_BOUND_TO_METAL
4219,/home/shachar/repos/PorCrystalStructures/data/raw_xyz/xyz/porphyrins/ROGBIY_1.xyz,metal,NO_METAL
4220,/home/shachar/repos/PorCrystalStructures/data/raw_xyz/xyz/porphyrins/ROGRUD_0.xyz,topolocial,HAS_MORE_THAN_4_PYRROLES
4221,/home/shachar/repos/PorCrystalStructures/data/raw_xyz/xyz/porphyrins/ROGRUD_1.xyz,metal,NO_METAL
4222,/home/shachar/repos/PorCrystalStructures/data/raw_xyz/xyz/porphyrins/ROGSAK_0.xyz,valid,VALID
4223,/home/shachar/repos/PorCrystalStructures/data/raw_xyz/xyz/porphyrins/ROGSAK_1.xyz,metal,NO_METAL
4224,/home/shachar/repos/PorCrystalStructures/data/raw_xyz/xyz/porphyrins/ROGSAK_2.xyz,metal,NO_METAL
4225,/home/shachar/repos/PorCrystalStructures/data/raw_xyz/xyz/porphyrins/ROHDEY_0.xyz,charge,TOO_LARGE_COUNTER_MOL
4226,/home/shachar/repos/PorCrystalStructures/data/raw_xyz/xyz/porphyrins/ROHDEY_1.xyz,metal,NO_METAL
4227,/home/shachar/repos/PorCrystalStructures/data/raw_xyz/xyz/porphyrins/ROHDIC_0.xyz,topolocial,NOT_CONNECTED_MOLECULE
4228,/home/shachar/repos/PorCrystalStructures/data/raw_xyz/xyz/porphyrins/ROHDIC_1.xyz,charge,TOO_LARGE_COUNTER_MOL
4229,/home/shachar/repos/PorCrystalStructures/data/raw_xyz/xyz/porphyrins/ROHDIC_2.xyz,metal,NO_METAL
4230,/home/shachar/repos/PorCrystalStructures/data/raw_xyz/xyz/porphyrins/ROHWOA_0.xyz,topolocial,NOT_CONNECTED_MOLECULE
4231,/home/shachar/repos/PorCrystalStructures/data/raw_xyz/xyz/porphyrins/RONRIV_0.xyz,topolocial,NOT_CONNECTED_MOLECULE
4232,/home/shachar/repos/PorCrystalStructures/data/raw_xyz/xyz/porphyrins/RONRIV_1.xyz,metal,NO_METAL
4233,/home/shachar/repos/PorCrystalStructures/data/raw_xyz/xyz/porphyrins/RONRIV_2.xyz,metal,NO_METAL
4234,/home/shachar/repos/PorCrystalStructures/data/raw_xyz/xyz/porphyrins/ROPGOU_0.xyz,topolocial,NOT_CONNECTED_MOLECULE
4235,/home/shachar/repos/PorCrystalStructures/data/raw_xyz/xyz/porphyrins/ROPGOU_1.xyz,metal,NO_METAL
4236,/home/shachar/repos/PorCrystalStructures/data/raw_xyz/xyz/porphyrins/ROQBAA_0.xyz,topolocial,NOT_SATURATED
4237,/home/shachar/repos/PorCrystalStructures/data/raw_xyz/xyz/porphyrins/ROQBAA_1.xyz,metal,NO_METAL
4238,/home/shachar/repos/PorCrystalStructures/data/raw_xyz/xyz/porphyrins/ROQBAA_2.xyz,metal,NO_METAL
4239,/home/shachar/repos/PorCrystalStructures/data/raw_xyz/xyz/porphyrins/ROQBEE_0.xyz,topolocial,NOT_CONNECTED_MOLECULE
4240,/home/shachar/repos/PorCrystalStructures/data/raw_xyz/xyz/porphyrins/RORWAY_0.xyz,metal,NO_METAL
4241,/home/shachar/repos/PorCrystalStructures/data/raw_xyz/xyz/porphyrins/RORWAY_1.xyz,metal,NO_METAL
4242,/home/shachar/repos/PorCrystalStructures/data/raw_xyz/xyz/porphyrins/ROSQOI_0.xyz,topolocial,NOT_A_MONOMER
4243,/home/shachar/repos/PorCrystalStructures/data/raw_xyz/xyz/porphyrins/ROSQOI_1.xyz,metal,NO_METAL
4244,/home/shachar/repos/PorCrystalStructures/data/raw_xyz/xyz/porphyrins/ROSQOI_2.xyz,metal,NO_METAL
4245,/home/shachar/repos/PorCrystalStructures/data/raw_xyz/xyz/porphyrins/ROSQOI_3.xyz,metal,NO_METAL
4246,/home/shachar/repos/PorCrystalStructures/data/raw_xyz/xyz/porphyrins/ROTJUH_0.xyz,charge,MOL_ODD_NUMBER_OF_ELECTRONS
4247,/home/shachar/repos/PorCrystalStructures/data/raw_xyz/xyz/porphyrins/ROTJUH_1.xyz,metal,NO_METAL
4248,/home/shachar/repos/PorCrystalStructures/data/raw_xyz/xyz/porphyrins/ROTJUH_2.xyz,metal,NO_METAL
4249,/home/shachar/repos/PorCrystalStructures/data/raw_xyz/xyz/porphyrins/ROTKES_0.xyz,topolocial,NOT_CONNECTED_MOLECULE
4250,/home/shachar/repos/PorCrystalStructures/data/raw_xyz/xyz/porphyrins/ROTKES_1.xyz,metal,NO_METAL
4251,/home/shachar/repos/PorCrystalStructures/data/raw_xyz/xyz/porphyrins/ROTKES_2.xyz,metal,NO_METAL
4252,/home/shachar/repos/PorCrystalStructures/data/raw_xyz/xyz/porphyrins/ROVCIQ_0.xyz,valid,VALID
4253,/home/shachar/repos/PorCrystalStructures/data/raw_xyz/xyz/porphyrins/ROWNUP_0.xyz,topolocial,NOT_CONNECTED_MOLECULE
4254,/home/shachar/repos/PorCrystalStructures/data/raw_xyz/xyz/porphyrins/ROXZAI_0.xyz,metal,NO_METAL
4255,/home/shachar/repos/PorCrystalStructures/data/raw_xyz/xyz/porphyrins/ROXZEM_0.xyz,metal,NO_METAL
4256,/home/shachar/repos/PorCrystalStructures/data/raw_xyz/xyz/porphyrins/ROXZIQ_0.xyz,metal,NO_METAL
4257,/home/shachar/repos/PorCrystalStructures/data/raw_xyz/xyz/porphyrins/ROZPOM_0.xyz,metal,NO_METAL
4258,/home/shachar/repos/PorCrystalStructures/data/raw_xyz/xyz/porphyrins/ROZPOM_1.xyz,metal,NO_METAL
4259,/home/shachar/repos/PorCrystalStructures/data/raw_xyz/xyz/porphyrins/RUBGUT_0.xyz,topolocial,NOT_CONNECTED_MOLECULE
4260,/home/shachar/repos/PorCrystalStructures/data/raw_xyz/xyz/porphyrins/RUBGUT_1.xyz,metal,NO_METAL
4261,/home/shachar/repos/PorCrystalStructures/data/raw_xyz/xyz/porphyrins/RUBYOF_0.xyz,metal,NO_METAL
4262,/home/shachar/repos/PorCrystalStructures/data/raw_xyz/xyz/porphyrins/RUBYOF_1.xyz,metal,NO_METAL
4263,/home/shachar/repos/PorCrystalStructures/data/raw_xyz/xyz/porphyrins/RUFMUC_0.xyz,topolocial,BIDENTATE_MACROCYCLE_SUBS
4264,/home/shachar/repos/PorCrystalStructures/data/raw_xyz/xyz/porphyrins/RUJPAN_0.xyz,metal,NO_METAL
4265,/home/shachar/repos/PorCrystalStructures/data/raw_xyz/xyz/porphyrins/RUJPAN_1.xyz,metal,NO_METAL
4266,/home/shachar/repos/PorCrystalStructures/data/raw_xyz/xyz/porphyrins/RUJPAN_2.xyz,metal,NO_METAL
4267,/home/shachar/repos/PorCrystalStructures/data/raw_xyz/xyz/porphyrins/RUJPAN_3.xyz,metal,NO_METAL
4268,/home/shachar/repos/PorCrystalStructures/data/raw_xyz/xyz/porphyrins/RUKZEE_0.xyz,topolocial,NOT_CONNECTED_MOLECULE
4269,/home/shachar/repos/PorCrystalStructures/data/raw_xyz/xyz/porphyrins/RUKZEE_1.xyz,metal,NO_METAL
4270,/home/shachar/repos/PorCrystalStructures/data/raw_xyz/xyz/porphyrins/RUKZEE_2.xyz,metal,NO_METAL
4271,/home/shachar/repos/PorCrystalStructures/data/raw_xyz/xyz/porphyrins/RUKZEE_3.xyz,metal,NO_METAL
4272,/home/shachar/repos/PorCrystalStructures/data/raw_xyz/xyz/porphyrins/RUMFOW_0.xyz,topolocial,NOT_A_MONOMER
4273,/home/shachar/repos/PorCrystalStructures/data/raw_xyz/xyz/porphyrins/RUPFUF_0.xyz,metal,NO_METAL
4274,/home/shachar/repos/PorCrystalStructures/data/raw_xyz/xyz/porphyrins/RUPYIM_0.xyz,topolocial,NOT_CONNECTED_MOLECULE
4275,/home/shachar/repos/PorCrystalStructures/data/raw_xyz/xyz/porphyrins/RUPYIM_1.xyz,metal,NO_METAL
4276,/home/shachar/repos/PorCrystalStructures/data/raw_xyz/xyz/porphyrins/RUPYIM_2.xyz,metal,NO_METAL
4277,/home/shachar/repos/PorCrystalStructures/data/raw_xyz/xyz/porphyrins/RURWIK_0.xyz,topolocial,NOT_SATURATED
4278,/home/shachar/repos/PorCrystalStructures/data/raw_xyz/xyz/porphyrins/RUSLOI_0.xyz,topolocial,NOT_CONNECTED_MOLECULE
4279,/home/shachar/repos/PorCrystalStructures/data/raw_xyz/xyz/porphyrins/RUSLOI_1.xyz,metal,NO_METAL
4280,/home/shachar/repos/PorCrystalStructures/data/raw_xyz/xyz/porphyrins/RUSLOI_2.xyz,metal,NO_METAL
4281,/home/shachar/repos/PorCrystalStructures/data/raw_xyz/xyz/porphyrins/RUSLOI_3.xyz,metal,NO_METAL
4282,/home/shachar/repos/PorCrystalStructures/data/raw_xyz/xyz/porphyrins/RUTMUO_0.xyz,valence,BAD VALENCE
4283,/home/shachar/repos/PorCrystalStructures/data/raw_xyz/xyz/porphyrins/RUTNAV_0.xyz,charge,MOL_ODD_NUMBER_OF_ELECTRONS
4284,/home/shachar/repos/PorCrystalStructures/data/raw_xyz/xyz/porphyrins/RUTNEZ_0.xyz,valid,VALID
4285,/home/shachar/repos/PorCrystalStructures/data/raw_xyz/xyz/porphyrins/RUTNID_0.xyz,charge,MOL_ODD_NUMBER_OF_ELECTRONS
4286,/home/shachar/repos/PorCrystalStructures/data/raw_xyz/xyz/porphyrins/RUTPAX_0.xyz,charge,MOL_ODD_NUMBER_OF_ELECTRONS
4287,/home/shachar/repos/PorCrystalStructures/data/raw_xyz/xyz/porphyrins/RUTPEB_0.xyz,valid,VALID
4288,/home/shachar/repos/PorCrystalStructures/data/raw_xyz/xyz/porphyrins/RUTPUR_0.xyz,charge,MOL_ODD_NUMBER_OF_ELECTRONS
4289,/home/shachar/repos/PorCrystalStructures/data/raw_xyz/xyz/porphyrins/RUTPUR_1.xyz,metal,NO_METAL
4290,/home/shachar/repos/PorCrystalStructures/data/raw_xyz/xyz/porphyrins/RUTQAY_0.xyz,valence,BAD VALENCE
4291,/home/shachar/repos/PorCrystalStructures/data/raw_xyz/xyz/porphyrins/RUTQIG_0.xyz,valid,VALID
4292,/home/shachar/repos/PorCrystalStructures/data/raw_xyz/xyz/porphyrins/RUTQIH_0.xyz,metal,NO_METAL
4293,/home/shachar/repos/PorCrystalStructures/data/raw_xyz/xyz/porphyrins/RUTQIH_1.xyz,metal,NO_METAL
4294,/home/shachar/repos/PorCrystalStructures/data/raw_xyz/xyz/porphyrins/RUTQON_0.xyz,metal,NO_METAL
4295,/home/shachar/repos/PorCrystalStructures/data/raw_xyz/xyz/porphyrins/RUTQON_1.xyz,metal,NO_METAL
4296,/home/shachar/repos/PorCrystalStructures/data/raw_xyz/xyz/porphyrins/RUTQON_2.xyz,metal,NO_METAL
4297,/home/shachar/repos/PorCrystalStructures/data/raw_xyz/xyz/porphyrins/RUTQUT_0.xyz,metal,NO_METAL
4298,/home/shachar/repos/PorCrystalStructures/data/raw_xyz/xyz/porphyrins/RUTQUT_1.xyz,metal,NO_METAL
4299,/home/shachar/repos/PorCrystalStructures/data/raw_xyz/xyz/porphyrins/RUTQUT_2.xyz,metal,NO_METAL
4300,/home/shachar/repos/PorCrystalStructures/data/raw_xyz/xyz/porphyrins/RUTRAZ_0.xyz,valence,BAD VALENCE
4301,/home/shachar/repos/PorCrystalStructures/data/raw_xyz/xyz/porphyrins/RUTTEI_0.xyz,topolocial,NOT_A_MONOMER
4302,/home/shachar/repos/PorCrystalStructures/data/raw_xyz/xyz/porphyrins/RUZPEI_0.xyz,metal,NO_METAL
4303,/home/shachar/repos/PorCrystalStructures/data/raw_xyz/xyz/porphyrins/SABDAB_0.xyz,topolocial,NOT_A_MONOMER
4304,/home/shachar/repos/PorCrystalStructures/data/raw_xyz/xyz/porphyrins/SABDAB_1.xyz,metal,NO_METAL
4305,/home/shachar/repos/PorCrystalStructures/data/raw_xyz/xyz/porphyrins/SAFSOH_0.xyz,topolocial,NOT_SATURATED
4306,/home/shachar/repos/PorCrystalStructures/data/raw_xyz/xyz/porphyrins/SAFSOH_1.xyz,metal,NO_METAL
4307,/home/shachar/repos/PorCrystalStructures/data/raw_xyz/xyz/porphyrins/SAGKUJ_0.xyz,topolocial,BIDENTATE_MACROCYCLE_SUBS
4308,/home/shachar/repos/PorCrystalStructures/data/raw_xyz/xyz/porphyrins/SAGKUJ_1.xyz,metal,NO_METAL
4309,/home/shachar/repos/PorCrystalStructures/data/raw_xyz/xyz/porphyrins/SAGVIF_0.xyz,charge,MOL_ODD_NUMBER_OF_ELECTRONS
4310,/home/shachar/repos/PorCrystalStructures/data/raw_xyz/xyz/porphyrins/SAGVIF_1.xyz,metal,NO_METAL
4311,/home/shachar/repos/PorCrystalStructures/data/raw_xyz/xyz/porphyrins/SAHCAF_0.xyz,topolocial,BIDENTATE_MACROCYCLE_SUBS
4312,/home/shachar/repos/PorCrystalStructures/data/raw_xyz/xyz/porphyrins/SAHCAF_1.xyz,metal,NO_METAL
4313,/home/shachar/repos/PorCrystalStructures/data/raw_xyz/xyz/porphyrins/SAHCAF_2.xyz,metal,NO_METAL
4314,/home/shachar/repos/PorCrystalStructures/data/raw_xyz/xyz/porphyrins/SAHNAR_0.xyz,valid,VALID
4315,/home/shachar/repos/PorCrystalStructures/data/raw_xyz/xyz/porphyrins/SAHNAR_1.xyz,metal,NO_METAL
4316,/home/shachar/repos/PorCrystalStructures/data/raw_xyz/xyz/porphyrins/SAJRON_0.xyz,metal,NO_METAL
4317,/home/shachar/repos/PorCrystalStructures/data/raw_xyz/xyz/porphyrins/SAJRON_1.xyz,metal,NO_METAL
4318,/home/shachar/repos/PorCrystalStructures/data/raw_xyz/xyz/porphyrins/SALNEA01_0.xyz,metal,NO_METAL
4319,/home/shachar/repos/PorCrystalStructures/data/raw_xyz/xyz/porphyrins/SALNEA02_0.xyz,metal,NO_METAL
4320,/home/shachar/repos/PorCrystalStructures/data/raw_xyz/xyz/porphyrins/SALNEA_0.xyz,metal,NO_METAL
4321,/home/shachar/repos/PorCrystalStructures/data/raw_xyz/xyz/porphyrins/SALNUQ_0.xyz,metal,NO_METAL
4322,/home/shachar/repos/PorCrystalStructures/data/raw_xyz/xyz/porphyrins/SALNUQ_1.xyz,metal,NO_METAL
4323,/home/shachar/repos/PorCrystalStructures/data/raw_xyz/xyz/porphyrins/SALNUQ_2.xyz,metal,NO_METAL
4324,/home/shachar/repos/PorCrystalStructures/data/raw_xyz/xyz/porphyrins/SAMFIX_0.xyz,metal,NO_METAL
4325,/home/shachar/repos/PorCrystalStructures/data/raw_xyz/xyz/porphyrins/SAMFIX_1.xyz,metal,NO_METAL
4326,/home/shachar/repos/PorCrystalStructures/data/raw_xyz/xyz/porphyrins/SAMLIB_0.xyz,topolocial,NOT_A_MONOMER
4327,/home/shachar/repos/PorCrystalStructures/data/raw_xyz/xyz/porphyrins/SAMLIB_1.xyz,metal,NO_METAL
4328,/home/shachar/repos/PorCrystalStructures/data/raw_xyz/xyz/porphyrins/SAMLOH_0.xyz,topolocial,NOT_CONNECTED_MOLECULE
4329,/home/shachar/repos/PorCrystalStructures/data/raw_xyz/xyz/porphyrins/SAMLOH_1.xyz,metal,NO_METAL
4330,/home/shachar/repos/PorCrystalStructures/data/raw_xyz/xyz/porphyrins/SAMLUN_0.xyz,topolocial,NOT_A_MONOMER
4331,/home/shachar/repos/PorCrystalStructures/data/raw_xyz/xyz/porphyrins/SAMLUN_1.xyz,metal,NO_METAL
4332,/home/shachar/repos/PorCrystalStructures/data/raw_xyz/xyz/porphyrins/SAMVUX_0.xyz,topolocial,NOT_CONNECTED_MOLECULE
4333,/home/shachar/repos/PorCrystalStructures/data/raw_xyz/xyz/porphyrins/SAPSIN_0.xyz,topolocial,NOT_A_MONOMER
4334,/home/shachar/repos/PorCrystalStructures/data/raw_xyz/xyz/porphyrins/SAPSIN_1.xyz,metal,NO_METAL
4335,/home/shachar/repos/PorCrystalStructures/data/raw_xyz/xyz/porphyrins/SAPVOX_0.xyz,topolocial,NOT_A_MONOMER
4336,/home/shachar/repos/PorCrystalStructures/data/raw_xyz/xyz/porphyrins/SAQQEI_0.xyz,topolocial,NOT_CONNECTED_MOLECULE
4337,/home/shachar/repos/PorCrystalStructures/data/raw_xyz/xyz/porphyrins/SAQQEI_1.xyz,metal,NO_METAL
4338,/home/shachar/repos/PorCrystalStructures/data/raw_xyz/xyz/porphyrins/SAQQEI_2.xyz,metal,NO_METAL
4339,/home/shachar/repos/PorCrystalStructures/data/raw_xyz/xyz/porphyrins/SAQQIM_0.xyz,metal,NO_METAL
4340,/home/shachar/repos/PorCrystalStructures/data/raw_xyz/xyz/porphyrins/SAQTAG_0.xyz,topolocial,HAS_MORE_THAN_4_PYRROLES
4341,/home/shachar/repos/PorCrystalStructures/data/raw_xyz/xyz/porphyrins/SAQTAG_1.xyz,metal,NO_METAL
4342,/home/shachar/repos/PorCrystalStructures/data/raw_xyz/xyz/porphyrins/SAQTAG_2.xyz,metal,NO_METAL
4343,/home/shachar/repos/PorCrystalStructures/data/raw_xyz/xyz/porphyrins/SARROV_0.xyz,valid,VALID
4344,/home/shachar/repos/PorCrystalStructures/data/raw_xyz/xyz/porphyrins/SASVEP_0.xyz,topolocial,BIDENTATE_MACROCYCLE_SUBS
4345,/home/shachar/repos/PorCrystalStructures/data/raw_xyz/xyz/porphyrins/SASVEP_1.xyz,metal,NO_METAL
4346,/home/shachar/repos/PorCrystalStructures/data/raw_xyz/xyz/porphyrins/SASVEP_2.xyz,metal,NO_METAL
4347,/home/shachar/repos/PorCrystalStructures/data/raw_xyz/xyz/porphyrins/SATQOU_0.xyz,metal,NO_METAL
4348,/home/shachar/repos/PorCrystalStructures/data/raw_xyz/xyz/porphyrins/SATQOU_1.xyz,metal,NO_METAL
4349,/home/shachar/repos/PorCrystalStructures/data/raw_xyz/xyz/porphyrins/SATQOU_2.xyz,metal,NO_METAL
4350,/home/shachar/repos/PorCrystalStructures/data/raw_xyz/xyz/porphyrins/SAVLIK01_0.xyz,topolocial,NOT_CONNECTED_MOLECULE
4351,/home/shachar/repos/PorCrystalStructures/data/raw_xyz/xyz/porphyrins/SAVLIK01_1.xyz,metal,NO_METAL
4352,/home/shachar/repos/PorCrystalStructures/data/raw_xyz/xyz/porphyrins/SAVLIK_0.xyz,topolocial,NOT_CONNECTED_MOLECULE
4353,/home/shachar/repos/PorCrystalStructures/data/raw_xyz/xyz/porphyrins/SAVLIK_1.xyz,metal,NO_METAL
4354,/home/shachar/repos/PorCrystalStructures/data/raw_xyz/xyz/porphyrins/SAVLIK_2.xyz,metal,NO_METAL
4355,/home/shachar/repos/PorCrystalStructures/data/raw_xyz/xyz/porphyrins/SAVMAG_0.xyz,charge,MOL_ODD_NUMBER_OF_ELECTRONS
4356,/home/shachar/repos/PorCrystalStructures/data/raw_xyz/xyz/porphyrins/SAWQEM_0.xyz,charge,MOL_ODD_NUMBER_OF_ELECTRONS
4357,/home/shachar/repos/PorCrystalStructures/data/raw_xyz/xyz/porphyrins/SAWQEM_1.xyz,metal,NO_METAL
4358,/home/shachar/repos/PorCrystalStructures/data/raw_xyz/xyz/porphyrins/SAWQEM_2.xyz,metal,NO_METAL
4359,/home/shachar/repos/PorCrystalStructures/data/raw_xyz/xyz/porphyrins/SAXZUN_0.xyz,topolocial,NOT_CONNECTED_MOLECULE
4360,/home/shachar/repos/PorCrystalStructures/data/raw_xyz/xyz/porphyrins/SAYBAW01_0.xyz,charge,TOO_LARGE_COUNTER_MOL
4361,/home/shachar/repos/PorCrystalStructures/data/raw_xyz/xyz/porphyrins/SAYBAW01_1.xyz,metal,NO_METAL
4362,/home/shachar/repos/PorCrystalStructures/data/raw_xyz/xyz/porphyrins/SAYBAW02_0.xyz,charge,TOO_LARGE_COUNTER_MOL
4363,/home/shachar/repos/PorCrystalStructures/data/raw_xyz/xyz/porphyrins/SAYBAW02_1.xyz,metal,NO_METAL
4364,/home/shachar/repos/PorCrystalStructures/data/raw_xyz/xyz/porphyrins/SAYBAW03_0.xyz,charge,TOO_LARGE_COUNTER_MOL
4365,/home/shachar/repos/PorCrystalStructures/data/raw_xyz/xyz/porphyrins/SAYBAW03_1.xyz,metal,NO_METAL
4366,/home/shachar/repos/PorCrystalStructures/data/raw_xyz/xyz/porphyrins/SAYBAW04_0.xyz,charge,TOO_LARGE_COUNTER_MOL
4367,/home/shachar/repos/PorCrystalStructures/data/raw_xyz/xyz/porphyrins/SAYBAW04_1.xyz,metal,NO_METAL
4368,/home/shachar/repos/PorCrystalStructures/data/raw_xyz/xyz/porphyrins/SAYBAW_0.xyz,charge,TOO_LARGE_COUNTER_MOL
4369,/home/shachar/repos/PorCrystalStructures/data/raw_xyz/xyz/porphyrins/SAYBAW_1.xyz,metal,NO_METAL
4370,/home/shachar/repos/PorCrystalStructures/data/raw_xyz/xyz/porphyrins/SAYZAV_0.xyz,topolocial,NOT_A_MONOMER
4371,/home/shachar/repos/PorCrystalStructures/data/raw_xyz/xyz/porphyrins/SAYZAV_1.xyz,metal,NO_METAL
4372,/home/shachar/repos/PorCrystalStructures/data/raw_xyz/xyz/porphyrins/SAZBUS_0.xyz,metal,NO_METAL
4373,/home/shachar/repos/PorCrystalStructures/data/raw_xyz/xyz/porphyrins/SAZDUU_0.xyz,metal,NO_METAL
4374,/home/shachar/repos/PorCrystalStructures/data/raw_xyz/xyz/porphyrins/SAZRIW_0.xyz,metal,NO_METAL
4375,/home/shachar/repos/PorCrystalStructures/data/raw_xyz/xyz/porphyrins/SAZRIW_1.xyz,metal,NO_METAL
4376,/home/shachar/repos/PorCrystalStructures/data/raw_xyz/xyz/porphyrins/SAZRIW_2.xyz,metal,NO_METAL
4377,/home/shachar/repos/PorCrystalStructures/data/raw_xyz/xyz/porphyrins/SAZROC_0.xyz,metal,NO_METAL
4378,/home/shachar/repos/PorCrystalStructures/data/raw_xyz/xyz/porphyrins/SEBDOT_0.xyz,valid,VALID
4379,/home/shachar/repos/PorCrystalStructures/data/raw_xyz/xyz/porphyrins/SEBDOT_1.xyz,metal,NO_METAL
4380,/home/shachar/repos/PorCrystalStructures/data/raw_xyz/xyz/porphyrins/SEBROI_0.xyz,metal,NO_METAL
4381,/home/shachar/repos/PorCrystalStructures/data/raw_xyz/xyz/porphyrins/SEBRUO_0.xyz,topolocial,NOT_A_MONOMER
4382,/home/shachar/repos/PorCrystalStructures/data/raw_xyz/xyz/porphyrins/SEBRUO_1.xyz,metal,NO_METAL
4383,/home/shachar/repos/PorCrystalStructures/data/raw_xyz/xyz/porphyrins/SEBSAV_0.xyz,topolocial,NOT_A_MONOMER
4384,/home/shachar/repos/PorCrystalStructures/data/raw_xyz/xyz/porphyrins/SEBSAV_1.xyz,metal,NO_METAL
4385,/home/shachar/repos/PorCrystalStructures/data/raw_xyz/xyz/porphyrins/SECTAY_0.xyz,topolocial,NOT_A_MONOMER
4386,/home/shachar/repos/PorCrystalStructures/data/raw_xyz/xyz/porphyrins/SEDJOE_0.xyz,metal,NO_METAL
4387,/home/shachar/repos/PorCrystalStructures/data/raw_xyz/xyz/porphyrins/SEDJOE_1.xyz,metal,NO_METAL
4388,/home/shachar/repos/PorCrystalStructures/data/raw_xyz/xyz/porphyrins/SEDJOE_2.xyz,metal,NO_METAL
4389,/home/shachar/repos/PorCrystalStructures/data/raw_xyz/xyz/porphyrins/SEDJOE_3.xyz,metal,NO_METAL
4390,/home/shachar/repos/PorCrystalStructures/data/raw_xyz/xyz/porphyrins/SEDNEW_0.xyz,topolocial,NOT_CONNECTED_MOLECULE
4391,/home/shachar/repos/PorCrystalStructures/data/raw_xyz/xyz/porphyrins/SEDNEW_1.xyz,metal,NO_METAL
4392,/home/shachar/repos/PorCrystalStructures/data/raw_xyz/xyz/porphyrins/SEDNEW_2.xyz,metal,NO_METAL
4393,/home/shachar/repos/PorCrystalStructures/data/raw_xyz/xyz/porphyrins/SEFNAW_0.xyz,metal,NO_METAL
4394,/home/shachar/repos/PorCrystalStructures/data/raw_xyz/xyz/porphyrins/SEFNAW_1.xyz,metal,NO_METAL
4395,/home/shachar/repos/PorCrystalStructures/data/raw_xyz/xyz/porphyrins/SEFNAW_2.xyz,metal,NO_METAL
4396,/home/shachar/repos/PorCrystalStructures/data/raw_xyz/xyz/porphyrins/SEFNEA_0.xyz,metal,NO_METAL
4397,/home/shachar/repos/PorCrystalStructures/data/raw_xyz/xyz/porphyrins/SEFNEA_1.xyz,metal,NO_METAL
4398,/home/shachar/repos/PorCrystalStructures/data/raw_xyz/xyz/porphyrins/SEFNIE_0.xyz,topolocial,NOT_CONNECTED_MOLECULE
4399,/home/shachar/repos/PorCrystalStructures/data/raw_xyz/xyz/porphyrins/SEFNIE_1.xyz,metal,NO_METAL
4400,/home/shachar/repos/PorCrystalStructures/data/raw_xyz/xyz/porphyrins/SEHCER_0.xyz,topolocial,DOESNT_HAVE_METAL
4401,/home/shachar/repos/PorCrystalStructures/data/raw_xyz/xyz/porphyrins/SEHCER_1.xyz,metal,NO_METAL
4402,/home/shachar/repos/PorCrystalStructures/data/raw_xyz/xyz/porphyrins/SEHCER_2.xyz,metal,NO_METAL
4403,/home/shachar/repos/PorCrystalStructures/data/raw_xyz/xyz/porphyrins/SEHCER_3.xyz,metal,NO_METAL
4404,/home/shachar/repos/PorCrystalStructures/data/raw_xyz/xyz/porphyrins/SEHCER_4.xyz,metal,NO_METAL
4405,/home/shachar/repos/PorCrystalStructures/data/raw_xyz/xyz/porphyrins/SEHCIV_0.xyz,topolocial,NOT_CONNECTED_MOLECULE
4406,/home/shachar/repos/PorCrystalStructures/data/raw_xyz/xyz/porphyrins/SEHCIV_1.xyz,metal,NO_METAL
4407,/home/shachar/repos/PorCrystalStructures/data/raw_xyz/xyz/porphyrins/SEHCIV_2.xyz,metal,NO_METAL
4408,/home/shachar/repos/PorCrystalStructures/data/raw_xyz/xyz/porphyrins/SEHDIW_0.xyz,topolocial,NOT_CONNECTED_MOLECULE
4409,/home/shachar/repos/PorCrystalStructures/data/raw_xyz/xyz/porphyrins/SEHDIW_1.xyz,metal,NO_METAL
4410,/home/shachar/repos/PorCrystalStructures/data/raw_xyz/xyz/porphyrins/SEHGIZ_0.xyz,metal,NO_METAL
4411,/home/shachar/repos/PorCrystalStructures/data/raw_xyz/xyz/porphyrins/SEHGOF_0.xyz,topolocial,NOT_CONNECTED_MOLECULE
4412,/home/shachar/repos/PorCrystalStructures/data/raw_xyz/xyz/porphyrins/SEHGOF_1.xyz,metal,NO_METAL
4413,/home/shachar/repos/PorCrystalStructures/data/raw_xyz/xyz/porphyrins/SEHPOL_0.xyz,topolocial,PYRROLE_NOT_BOUND_TO_METAL
4414,/home/shachar/repos/PorCrystalStructures/data/raw_xyz/xyz/porphyrins/SEHPOL_1.xyz,metal,NO_METAL
4415,/home/shachar/repos/PorCrystalStructures/data/raw_xyz/xyz/porphyrins/SEHPUR_0.xyz,topolocial,NOT_CONNECTED_MOLECULE
4416,/home/shachar/repos/PorCrystalStructures/data/raw_xyz/xyz/porphyrins/SEHPUR_1.xyz,metal,NO_METAL
4417,/home/shachar/repos/PorCrystalStructures/data/raw_xyz/xyz/porphyrins/SEJLUQ_0.xyz,topolocial,NOT_CONNECTED_MOLECULE
4418,/home/shachar/repos/PorCrystalStructures/data/raw_xyz/xyz/porphyrins/SEJLUQ_1.xyz,metal,NO_METAL
4419,/home/shachar/repos/PorCrystalStructures/data/raw_xyz/xyz/porphyrins/SEKJOK_0.xyz,metal,NO_METAL
4420,/home/shachar/repos/PorCrystalStructures/data/raw_xyz/xyz/porphyrins/SEKJOK_1.xyz,metal,NO_METAL
4421,/home/shachar/repos/PorCrystalStructures/data/raw_xyz/xyz/porphyrins/SELHEZ_0.xyz,topolocial,NOT_A_MONOMER
4422,/home/shachar/repos/PorCrystalStructures/data/raw_xyz/xyz/porphyrins/SELHEZ_1.xyz,metal,NO_METAL
4423,/home/shachar/repos/PorCrystalStructures/data/raw_xyz/xyz/porphyrins/SELVOW_0.xyz,topolocial,NOT_CONNECTED_MOLECULE
4424,/home/shachar/repos/PorCrystalStructures/data/raw_xyz/xyz/porphyrins/SEMNED_0.xyz,valence,BAD VALENCE
4425,/home/shachar/repos/PorCrystalStructures/data/raw_xyz/xyz/porphyrins/SEMNED_1.xyz,metal,NO_METAL
4426,/home/shachar/repos/PorCrystalStructures/data/raw_xyz/xyz/porphyrins/SENMUU_0.xyz,charge,COUNTER_MOL_ODD_NUMBER_OF_ELECTRONS
4427,/home/shachar/repos/PorCrystalStructures/data/raw_xyz/xyz/porphyrins/SENMUU_1.xyz,metal,NO_METAL
4428,/home/shachar/repos/PorCrystalStructures/data/raw_xyz/xyz/porphyrins/SENSEK_0.xyz,topolocial,NOT_A_MONOMER
4429,/home/shachar/repos/PorCrystalStructures/data/raw_xyz/xyz/porphyrins/SENSEK_1.xyz,charge,TOO_LARGE_COUNTER_MOL
4430,/home/shachar/repos/PorCrystalStructures/data/raw_xyz/xyz/porphyrins/SENSEK_2.xyz,metal,NO_METAL
4431,/home/shachar/repos/PorCrystalStructures/data/raw_xyz/xyz/porphyrins/SEPFUO_0.xyz,topolocial,NOT_SATURATED
4432,/home/shachar/repos/PorCrystalStructures/data/raw_xyz/xyz/porphyrins/SEPGAV_0.xyz,topolocial,NOT_CONNECTED_MOLECULE
4433,/home/shachar/repos/PorCrystalStructures/data/raw_xyz/xyz/porphyrins/SEPGAV_1.xyz,metal,NO_METAL
4434,/home/shachar/repos/PorCrystalStructures/data/raw_xyz/xyz/porphyrins/SEPGEZ_0.xyz,metal,NO_METAL
4435,/home/shachar/repos/PorCrystalStructures/data/raw_xyz/xyz/porphyrins/SEPGID_0.xyz,metal,NO_METAL
4436,/home/shachar/repos/PorCrystalStructures/data/raw_xyz/xyz/porphyrins/SERCOI_0.xyz,charge,TOO_LARGE_COUNTER_MOL
4437,/home/shachar/repos/PorCrystalStructures/data/raw_xyz/xyz/porphyrins/SERCOI_1.xyz,metal,NO_METAL
4438,/home/shachar/repos/PorCrystalStructures/data/raw_xyz/xyz/porphyrins/SERCOI_2.xyz,metal,NO_METAL
4439,/home/shachar/repos/PorCrystalStructures/data/raw_xyz/xyz/porphyrins/SEVCUR_0.xyz,valid,VALID
4440,/home/shachar/repos/PorCrystalStructures/data/raw_xyz/xyz/porphyrins/SEVXAT_0.xyz,topolocial,NOT_A_MONOMER
4441,/home/shachar/repos/PorCrystalStructures/data/raw_xyz/xyz/porphyrins/SEVXAT_1.xyz,metal,NO_METAL
4442,/home/shachar/repos/PorCrystalStructures/data/raw_xyz/xyz/porphyrins/SEVXEX_0.xyz,topolocial,NOT_A_MONOMER
4443,/home/shachar/repos/PorCrystalStructures/data/raw_xyz/xyz/porphyrins/SEWCUT_0.xyz,topolocial,BIDENTATE_MACROCYCLE_SUBS
4444,/home/shachar/repos/PorCrystalStructures/data/raw_xyz/xyz/porphyrins/SEWCUT_1.xyz,metal,NO_METAL
4445,/home/shachar/repos/PorCrystalStructures/data/raw_xyz/xyz/porphyrins/SEWCUT_2.xyz,metal,NO_METAL
4446,/home/shachar/repos/PorCrystalStructures/data/raw_xyz/xyz/porphyrins/SEWCUT_3.xyz,metal,NO_METAL
4447,/home/shachar/repos/PorCrystalStructures/data/raw_xyz/xyz/porphyrins/SICFAL_0.xyz,charge,MOL_ODD_NUMBER_OF_ELECTRONS
4448,/home/shachar/repos/PorCrystalStructures/data/raw_xyz/xyz/porphyrins/SICNIC_0.xyz,topolocial,NOT_A_MONOMER
4449,/home/shachar/repos/PorCrystalStructures/data/raw_xyz/xyz/porphyrins/SICNIC_1.xyz,metal,NO_METAL
4450,/home/shachar/repos/PorCrystalStructures/data/raw_xyz/xyz/porphyrins/SIDDAM_0.xyz,topolocial,NOT_CONNECTED_MOLECULE
4451,/home/shachar/repos/PorCrystalStructures/data/raw_xyz/xyz/porphyrins/SIDDAM_1.xyz,metal,NO_METAL
4452,/home/shachar/repos/PorCrystalStructures/data/raw_xyz/xyz/porphyrins/SIDDEQ_0.xyz,topolocial,NOT_CONNECTED_MOLECULE
4453,/home/shachar/repos/PorCrystalStructures/data/raw_xyz/xyz/porphyrins/SIDDEQ_1.xyz,metal,NO_METAL
4454,/home/shachar/repos/PorCrystalStructures/data/raw_xyz/xyz/porphyrins/SIDFIX_0.xyz,metal,NO_METAL
4455,/home/shachar/repos/PorCrystalStructures/data/raw_xyz/xyz/porphyrins/SIJZUH_0.xyz,topolocial,NOT_A_MONOMER
4456,/home/shachar/repos/PorCrystalStructures/data/raw_xyz/xyz/porphyrins/SIMFAV_0.xyz,valid,VALID
4457,/home/shachar/repos/PorCrystalStructures/data/raw_xyz/xyz/porphyrins/SINBAS_0.xyz,charge,COUNTER_MOL_ODD_NUMBER_OF_ELECTRONS
4458,/home/shachar/repos/PorCrystalStructures/data/raw_xyz/xyz/porphyrins/SINBAS_1.xyz,metal,NO_METAL
4459,/home/shachar/repos/PorCrystalStructures/data/raw_xyz/xyz/porphyrins/SIRMAK_0.xyz,topolocial,NOT_CONNECTED_MOLECULE
4460,/home/shachar/repos/PorCrystalStructures/data/raw_xyz/xyz/porphyrins/SIRMAK_1.xyz,metal,NO_METAL
4461,/home/shachar/repos/PorCrystalStructures/data/raw_xyz/xyz/porphyrins/SIRMAK_2.xyz,metal,NO_METAL
4462,/home/shachar/repos/PorCrystalStructures/data/raw_xyz/xyz/porphyrins/SIRMAK_3.xyz,metal,NO_METAL
4463,/home/shachar/repos/PorCrystalStructures/data/raw_xyz/xyz/porphyrins/SIRMAK_4.xyz,metal,NO_METAL
4464,/home/shachar/repos/PorCrystalStructures/data/raw_xyz/xyz/porphyrins/SIRMAK_5.xyz,metal,NO_METAL
4465,/home/shachar/repos/PorCrystalStructures/data/raw_xyz/xyz/porphyrins/SIRTUL_0.xyz,metal,NO_METAL
4466,/home/shachar/repos/PorCrystalStructures/data/raw_xyz/xyz/porphyrins/SITXIE_0.xyz,topolocial,NOT_CONNECTED_MOLECULE
4467,/home/shachar/repos/PorCrystalStructures/data/raw_xyz/xyz/porphyrins/SITXOK_0.xyz,topolocial,NOT_A_MONOMER
4468,/home/shachar/repos/PorCrystalStructures/data/raw_xyz/xyz/porphyrins/SITXOK_1.xyz,metal,NO_METAL
4469,/home/shachar/repos/PorCrystalStructures/data/raw_xyz/xyz/porphyrins/SITXUQ_0.xyz,topolocial,NOT_CONNECTED_MOLECULE
4470,/home/shachar/repos/PorCrystalStructures/data/raw_xyz/xyz/porphyrins/SITXUQ_1.xyz,metal,NO_METAL
4471,/home/shachar/repos/PorCrystalStructures/data/raw_xyz/xyz/porphyrins/SIVBUX_0.xyz,charge,TOO_LARGE_COUNTER_MOL
4472,/home/shachar/repos/PorCrystalStructures/data/raw_xyz/xyz/porphyrins/SIVBUX_1.xyz,metal,NO_METAL
4473,/home/shachar/repos/PorCrystalStructures/data/raw_xyz/xyz/porphyrins/SIVBUX_2.xyz,metal,NO_METAL
4474,/home/shachar/repos/PorCrystalStructures/data/raw_xyz/xyz/porphyrins/SIVTEX_0.xyz,metal,NO_METAL
4475,/home/shachar/repos/PorCrystalStructures/data/raw_xyz/xyz/porphyrins/SIXRUO_0.xyz,topolocial,NOT_A_MONOMER
4476,/home/shachar/repos/PorCrystalStructures/data/raw_xyz/xyz/porphyrins/SIYHEO_0.xyz,topolocial,BIDENTATE_MACROCYCLE_SUBS
4477,/home/shachar/repos/PorCrystalStructures/data/raw_xyz/xyz/porphyrins/SIYHEO_1.xyz,metal,NO_METAL
4478,/home/shachar/repos/PorCrystalStructures/data/raw_xyz/xyz/porphyrins/SIYSUQ_0.xyz,topolocial,NOT_CONNECTED_MOLECULE
4479,/home/shachar/repos/PorCrystalStructures/data/raw_xyz/xyz/porphyrins/SIYSUQ_1.xyz,metal,NO_METAL
4480,/home/shachar/repos/PorCrystalStructures/data/raw_xyz/xyz/porphyrins/SIYSUQ_2.xyz,metal,NO_METAL
4481,/home/shachar/repos/PorCrystalStructures/data/raw_xyz/xyz/porphyrins/SIYSUQ_3.xyz,metal,NO_METAL
4482,/home/shachar/repos/PorCrystalStructures/data/raw_xyz/xyz/porphyrins/SIYSUQ_4.xyz,metal,NO_METAL
4483,/home/shachar/repos/PorCrystalStructures/data/raw_xyz/xyz/porphyrins/SIYTAX_0.xyz,topolocial,DOESNT_HAVE_METAL
4484,/home/shachar/repos/PorCrystalStructures/data/raw_xyz/xyz/porphyrins/SIYTAX_1.xyz,metal,NO_METAL
4485,/home/shachar/repos/PorCrystalStructures/data/raw_xyz/xyz/porphyrins/SIYWAY_0.xyz,charge,COUNTER_MOL_ODD_NUMBER_OF_ELECTRONS
4486,/home/shachar/repos/PorCrystalStructures/data/raw_xyz/xyz/porphyrins/SIYWAY_1.xyz,metal,NO_METAL
4487,/home/shachar/repos/PorCrystalStructures/data/raw_xyz/xyz/porphyrins/SIYWAY_2.xyz,metal,NO_METAL
4488,/home/shachar/repos/PorCrystalStructures/data/raw_xyz/xyz/porphyrins/SIYWEC_0.xyz,charge,TOO_LARGE_COUNTER_MOL
4489,/home/shachar/repos/PorCrystalStructures/data/raw_xyz/xyz/porphyrins/SIYWEC_1.xyz,metal,NO_METAL
4490,/home/shachar/repos/PorCrystalStructures/data/raw_xyz/xyz/porphyrins/SIYWEC_2.xyz,metal,NO_METAL
4491,/home/shachar/repos/PorCrystalStructures/data/raw_xyz/xyz/porphyrins/SIZCIP_0.xyz,topolocial,DOESNT_HAVE_METAL
4492,/home/shachar/repos/PorCrystalStructures/data/raw_xyz/xyz/porphyrins/SIZFUF_0.xyz,topolocial,NOT_CONNECTED_MOLECULE
4493,/home/shachar/repos/PorCrystalStructures/data/raw_xyz/xyz/porphyrins/SIZFUF_1.xyz,metal,NO_METAL
4494,/home/shachar/repos/PorCrystalStructures/data/raw_xyz/xyz/porphyrins/SIZFUF_2.xyz,metal,NO_METAL
4495,/home/shachar/repos/PorCrystalStructures/data/raw_xyz/xyz/porphyrins/SIZFUF_3.xyz,metal,NO_METAL
4496,/home/shachar/repos/PorCrystalStructures/data/raw_xyz/xyz/porphyrins/SIZFUF_4.xyz,metal,NO_METAL
4497,/home/shachar/repos/PorCrystalStructures/data/raw_xyz/xyz/porphyrins/SIZGEQ_0.xyz,topolocial,NOT_CONNECTED_MOLECULE
4498,/home/shachar/repos/PorCrystalStructures/data/raw_xyz/xyz/porphyrins/SIZGEQ_1.xyz,metal,NO_METAL
4499,/home/shachar/repos/PorCrystalStructures/data/raw_xyz/xyz/porphyrins/SIZGEQ_2.xyz,metal,NO_METAL
4500,/home/shachar/repos/PorCrystalStructures/data/raw_xyz/xyz/porphyrins/SIZGEQ_3.xyz,metal,NO_METAL
4501,/home/shachar/repos/PorCrystalStructures/data/raw_xyz/xyz/porphyrins/SIZGEQ_4.xyz,metal,NO_METAL
4502,/home/shachar/repos/PorCrystalStructures/data/raw_xyz/xyz/porphyrins/SIZGIU_0.xyz,topolocial,DOESNT_HAVE_METAL
4503,/home/shachar/repos/PorCrystalStructures/data/raw_xyz/xyz/porphyrins/SIZGIU_1.xyz,metal,NO_METAL
4504,/home/shachar/repos/PorCrystalStructures/data/raw_xyz/xyz/porphyrins/SIZGIU_2.xyz,metal,NO_METAL
4505,/home/shachar/repos/PorCrystalStructures/data/raw_xyz/xyz/porphyrins/SIZGIU_3.xyz,metal,NO_METAL
4506,/home/shachar/repos/PorCrystalStructures/data/raw_xyz/xyz/porphyrins/SOBCOE_0.xyz,topolocial,NOT_CONNECTED_MOLECULE
4507,/home/shachar/repos/PorCrystalStructures/data/raw_xyz/xyz/porphyrins/SOBCUK_0.xyz,topolocial,NOT_CONNECTED_MOLECULE
4508,/home/shachar/repos/PorCrystalStructures/data/raw_xyz/xyz/porphyrins/SOBDAR_0.xyz,topolocial,NOT_CONNECTED_MOLECULE
4509,/home/shachar/repos/PorCrystalStructures/data/raw_xyz/xyz/porphyrins/SOCLUR_0.xyz,metal,NO_METAL
4510,/home/shachar/repos/PorCrystalStructures/data/raw_xyz/xyz/porphyrins/SOCLUR_1.xyz,metal,NO_METAL
4511,/home/shachar/repos/PorCrystalStructures/data/raw_xyz/xyz/porphyrins/SOCLUR_2.xyz,metal,NO_METAL
4512,/home/shachar/repos/PorCrystalStructures/data/raw_xyz/xyz/porphyrins/SOCLUR_3.xyz,metal,NO_METAL
4513,/home/shachar/repos/PorCrystalStructures/data/raw_xyz/xyz/porphyrins/SOCTIQ_0.xyz,topolocial,NOT_CONNECTED_MOLECULE
4514,/home/shachar/repos/PorCrystalStructures/data/raw_xyz/xyz/porphyrins/SOCTIQ_1.xyz,metal,NO_METAL
4515,/home/shachar/repos/PorCrystalStructures/data/raw_xyz/xyz/porphyrins/SOCTIQ_2.xyz,metal,NO_METAL
4516,/home/shachar/repos/PorCrystalStructures/data/raw_xyz/xyz/porphyrins/SOCTUC_0.xyz,topolocial,NOT_CONNECTED_MOLECULE
4517,/home/shachar/repos/PorCrystalStructures/data/raw_xyz/xyz/porphyrins/SOCTUC_1.xyz,metal,NO_METAL
4518,/home/shachar/repos/PorCrystalStructures/data/raw_xyz/xyz/porphyrins/SOCXOX_0.xyz,topolocial,BIDENTATE_MACROCYCLE_SUBS
4519,/home/shachar/repos/PorCrystalStructures/data/raw_xyz/xyz/porphyrins/SOCXOX_1.xyz,metal,NO_METAL
4520,/home/shachar/repos/PorCrystalStructures/data/raw_xyz/xyz/porphyrins/SOCXUD_0.xyz,metal,NO_METAL
4521,/home/shachar/repos/PorCrystalStructures/data/raw_xyz/xyz/porphyrins/SOCXUD_1.xyz,metal,NO_METAL
4522,/home/shachar/repos/PorCrystalStructures/data/raw_xyz/xyz/porphyrins/SOCXUD_2.xyz,metal,NO_METAL
4523,/home/shachar/repos/PorCrystalStructures/data/raw_xyz/xyz/porphyrins/SOCXUD_3.xyz,metal,NO_METAL
4524,/home/shachar/repos/PorCrystalStructures/data/raw_xyz/xyz/porphyrins/SODBET_0.xyz,metal,NO_METAL
4525,/home/shachar/repos/PorCrystalStructures/data/raw_xyz/xyz/porphyrins/SODKUU_0.xyz,metal,NO_METAL
4526,/home/shachar/repos/PorCrystalStructures/data/raw_xyz/xyz/porphyrins/SODKUU_1.xyz,metal,NO_METAL
4527,/home/shachar/repos/PorCrystalStructures/data/raw_xyz/xyz/porphyrins/SODKUU_2.xyz,metal,NO_METAL
4528,/home/shachar/repos/PorCrystalStructures/data/raw_xyz/xyz/porphyrins/SODKUU_3.xyz,metal,NO_METAL
4529,/home/shachar/repos/PorCrystalStructures/data/raw_xyz/xyz/porphyrins/SOFXUJ_0.xyz,topolocial,NOT_CONNECTED_MOLECULE
4530,/home/shachar/repos/PorCrystalStructures/data/raw_xyz/xyz/porphyrins/SOFXUJ_1.xyz,topolocial,NOT_CONNECTED_MOLECULE
4531,/home/shachar/repos/PorCrystalStructures/data/raw_xyz/xyz/porphyrins/SOFXUJ_2.xyz,metal,NO_METAL
4532,/home/shachar/repos/PorCrystalStructures/data/raw_xyz/xyz/porphyrins/SOFXUJ_3.xyz,metal,NO_METAL
4533,/home/shachar/repos/PorCrystalStructures/data/raw_xyz/xyz/porphyrins/SOFYAQ_0.xyz,topolocial,NOT_CONNECTED_MOLECULE
4534,/home/shachar/repos/PorCrystalStructures/data/raw_xyz/xyz/porphyrins/SOFYAQ_1.xyz,topolocial,NOT_CONNECTED_MOLECULE
4535,/home/shachar/repos/PorCrystalStructures/data/raw_xyz/xyz/porphyrins/SOFYAQ_2.xyz,topolocial,NOT_CONNECTED_MOLECULE
4536,/home/shachar/repos/PorCrystalStructures/data/raw_xyz/xyz/porphyrins/SOFYAQ_3.xyz,charge,TOO_LARGE_COUNTER_MOL
4537,/home/shachar/repos/PorCrystalStructures/data/raw_xyz/xyz/porphyrins/SOFYAQ_4.xyz,metal,NO_METAL
4538,/home/shachar/repos/PorCrystalStructures/data/raw_xyz/xyz/porphyrins/SOFYEU_0.xyz,charge,TOO_LARGE_COUNTER_MOL
4539,/home/shachar/repos/PorCrystalStructures/data/raw_xyz/xyz/porphyrins/SOFYEU_1.xyz,metal,NO_METAL
4540,/home/shachar/repos/PorCrystalStructures/data/raw_xyz/xyz/porphyrins/SOFYIY_0.xyz,valid,VALID
4541,/home/shachar/repos/PorCrystalStructures/data/raw_xyz/xyz/porphyrins/SOMDEF_0.xyz,valid,VALID
4542,/home/shachar/repos/PorCrystalStructures/data/raw_xyz/xyz/porphyrins/SOMDIJ_0.xyz,valid,VALID
4543,/home/shachar/repos/PorCrystalStructures/data/raw_xyz/xyz/porphyrins/SOPTIA_0.xyz,topolocial,NOT_SATURATED
4544,/home/shachar/repos/PorCrystalStructures/data/raw_xyz/xyz/porphyrins/SOPTIA_1.xyz,metal,NO_METAL
4545,/home/shachar/repos/PorCrystalStructures/data/raw_xyz/xyz/porphyrins/SOPTIA_2.xyz,metal,NO_METAL
4546,/home/shachar/repos/PorCrystalStructures/data/raw_xyz/xyz/porphyrins/SOQLAM_0.xyz,charge,MOL_ODD_NUMBER_OF_ELECTRONS
4547,/home/shachar/repos/PorCrystalStructures/data/raw_xyz/xyz/porphyrins/SOQYIG_0.xyz,valid,VALID
4548,/home/shachar/repos/PorCrystalStructures/data/raw_xyz/xyz/porphyrins/SOQYIG_1.xyz,metal,NO_METAL
4549,/home/shachar/repos/PorCrystalStructures/data/raw_xyz/xyz/porphyrins/SOQYOM_0.xyz,topolocial,NOT_CONNECTED_MOLECULE
4550,/home/shachar/repos/PorCrystalStructures/data/raw_xyz/xyz/porphyrins/SOQYOM_1.xyz,metal,NO_METAL
4551,/home/shachar/repos/PorCrystalStructures/data/raw_xyz/xyz/porphyrins/SOTHIT_0.xyz,topolocial,NOT_CONNECTED_MOLECULE
4552,/home/shachar/repos/PorCrystalStructures/data/raw_xyz/xyz/porphyrins/SOTHIT_1.xyz,metal,NO_METAL
4553,/home/shachar/repos/PorCrystalStructures/data/raw_xyz/xyz/porphyrins/SOTZOS_0.xyz,metal,NO_METAL
4554,/home/shachar/repos/PorCrystalStructures/data/raw_xyz/xyz/porphyrins/SOTZUY_0.xyz,topolocial,NOT_A_MONOMER
4555,/home/shachar/repos/PorCrystalStructures/data/raw_xyz/xyz/porphyrins/SOVMUN_0.xyz,topolocial,NOT_A_MONOMER
4556,/home/shachar/repos/PorCrystalStructures/data/raw_xyz/xyz/porphyrins/SOVNAU_0.xyz,topolocial,NOT_CONNECTED_MOLECULE
4557,/home/shachar/repos/PorCrystalStructures/data/raw_xyz/xyz/porphyrins/SOXWUZ_0.xyz,topolocial,NOT_SATURATED
4558,/home/shachar/repos/PorCrystalStructures/data/raw_xyz/xyz/porphyrins/SOXWUZ_1.xyz,metal,NO_METAL
4559,/home/shachar/repos/PorCrystalStructures/data/raw_xyz/xyz/porphyrins/SOZZUE_0.xyz,topolocial,PYRROLE_NOT_BOUND_TO_METAL
4560,/home/shachar/repos/PorCrystalStructures/data/raw_xyz/xyz/porphyrins/SOZZUE_1.xyz,metal,NO_METAL
4561,/home/shachar/repos/PorCrystalStructures/data/raw_xyz/xyz/porphyrins/SUBYAS_0.xyz,metal,NO_METAL
4562,/home/shachar/repos/PorCrystalStructures/data/raw_xyz/xyz/porphyrins/SUBYAS_1.xyz,metal,NO_METAL
4563,/home/shachar/repos/PorCrystalStructures/data/raw_xyz/xyz/porphyrins/SUBYEW_0.xyz,metal,NO_METAL
4564,/home/shachar/repos/PorCrystalStructures/data/raw_xyz/xyz/porphyrins/SUBYEW_1.xyz,metal,NO_METAL
4565,/home/shachar/repos/PorCrystalStructures/data/raw_xyz/xyz/porphyrins/SUCJEH_0.xyz,topolocial,NOT_CONNECTED_MOLECULE
4566,/home/shachar/repos/PorCrystalStructures/data/raw_xyz/xyz/porphyrins/SUCJEH_1.xyz,metal,NO_METAL
4567,/home/shachar/repos/PorCrystalStructures/data/raw_xyz/xyz/porphyrins/SUCJUX_0.xyz,metal,NO_METAL
4568,/home/shachar/repos/PorCrystalStructures/data/raw_xyz/xyz/porphyrins/SUCMEI_0.xyz,topolocial,NOT_SATURATED
4569,/home/shachar/repos/PorCrystalStructures/data/raw_xyz/xyz/porphyrins/SUCMIM01_0.xyz,metal,NO_METAL
4570,/home/shachar/repos/PorCrystalStructures/data/raw_xyz/xyz/porphyrins/SUCMIM_0.xyz,metal,NO_METAL
4571,/home/shachar/repos/PorCrystalStructures/data/raw_xyz/xyz/porphyrins/SUCWES_0.xyz,topolocial,NOT_CONNECTED_MOLECULE
4572,/home/shachar/repos/PorCrystalStructures/data/raw_xyz/xyz/porphyrins/SUCXOG_0.xyz,metal,NO_METAL
4573,/home/shachar/repos/PorCrystalStructures/data/raw_xyz/xyz/porphyrins/SUGSIX_0.xyz,topolocial,NOT_CONNECTED_MOLECULE
4574,/home/shachar/repos/PorCrystalStructures/data/raw_xyz/xyz/porphyrins/SUHWIC_0.xyz,metal,NO_METAL
4575,/home/shachar/repos/PorCrystalStructures/data/raw_xyz/xyz/porphyrins/SUHWUO_0.xyz,metal,NO_METAL
4576,/home/shachar/repos/PorCrystalStructures/data/raw_xyz/xyz/porphyrins/SULCOR_0.xyz,topolocial,NOT_SATURATED
4577,/home/shachar/repos/PorCrystalStructures/data/raw_xyz/xyz/porphyrins/SULCOR_1.xyz,metal,NO_METAL
4578,/home/shachar/repos/PorCrystalStructures/data/raw_xyz/xyz/porphyrins/SULCOR_2.xyz,metal,NO_METAL
4579,/home/shachar/repos/PorCrystalStructures/data/raw_xyz/xyz/porphyrins/SULCOR_3.xyz,topolocial,NOT_A_MONOMER
4580,/home/shachar/repos/PorCrystalStructures/data/raw_xyz/xyz/porphyrins/SULCUX_0.xyz,valence,BAD VALENCE
4581,/home/shachar/repos/PorCrystalStructures/data/raw_xyz/xyz/porphyrins/SULCUX_1.xyz,metal,NO_METAL
4582,/home/shachar/repos/PorCrystalStructures/data/raw_xyz/xyz/porphyrins/SULDAE_0.xyz,valence,BAD VALENCE
4583,/home/shachar/repos/PorCrystalStructures/data/raw_xyz/xyz/porphyrins/SULDEI_0.xyz,topolocial,BIDENTATE_MACROCYCLE_SUBS
4584,/home/shachar/repos/PorCrystalStructures/data/raw_xyz/xyz/porphyrins/SULDEI_1.xyz,metal,NO_METAL
4585,/home/shachar/repos/PorCrystalStructures/data/raw_xyz/xyz/porphyrins/SULLEQ_0.xyz,topolocial,NOT_CONNECTED_MOLECULE
4586,/home/shachar/repos/PorCrystalStructures/data/raw_xyz/xyz/porphyrins/SUNXAB_0.xyz,topolocial,NOT_A_MONOMER
4587,/home/shachar/repos/PorCrystalStructures/data/raw_xyz/xyz/porphyrins/SUNXEF_0.xyz,metal,NO_METAL
4588,/home/shachar/repos/PorCrystalStructures/data/raw_xyz/xyz/porphyrins/SUNXEF_1.xyz,metal,NO_METAL
4589,/home/shachar/repos/PorCrystalStructures/data/raw_xyz/xyz/porphyrins/SUNXEF_2.xyz,metal,NO_METAL
4590,/home/shachar/repos/PorCrystalStructures/data/raw_xyz/xyz/porphyrins/SUNXEF_3.xyz,metal,NO_METAL
4591,/home/shachar/repos/PorCrystalStructures/data/raw_xyz/xyz/porphyrins/SUNXIJ_0.xyz,metal,NO_METAL
4592,/home/shachar/repos/PorCrystalStructures/data/raw_xyz/xyz/porphyrins/SUNXIJ_1.xyz,metal,NO_METAL
4593,/home/shachar/repos/PorCrystalStructures/data/raw_xyz/xyz/porphyrins/SUNXOP_0.xyz,metal,NO_METAL
4594,/home/shachar/repos/PorCrystalStructures/data/raw_xyz/xyz/porphyrins/SUNXOP_1.xyz,metal,NO_METAL
4595,/home/shachar/repos/PorCrystalStructures/data/raw_xyz/xyz/porphyrins/SUNXOP_2.xyz,metal,NO_METAL
4596,/home/shachar/repos/PorCrystalStructures/data/raw_xyz/xyz/porphyrins/SUNXOP_3.xyz,metal,NO_METAL
4597,/home/shachar/repos/PorCrystalStructures/data/raw_xyz/xyz/porphyrins/SUNXOP_4.xyz,metal,NO_METAL
4598,/home/shachar/repos/PorCrystalStructures/data/raw_xyz/xyz/porphyrins/SUNXUV_0.xyz,valid,VALID
4599,/home/shachar/repos/PorCrystalStructures/data/raw_xyz/xyz/porphyrins/SUNXUV_1.xyz,metal,NO_METAL
4600,/home/shachar/repos/PorCrystalStructures/data/raw_xyz/xyz/porphyrins/SUNXUV_2.xyz,metal,NO_METAL
4601,/home/shachar/repos/PorCrystalStructures/data/raw_xyz/xyz/porphyrins/SUNYAC_0.xyz,topolocial,NOT_CONNECTED_MOLECULE
4602,/home/shachar/repos/PorCrystalStructures/data/raw_xyz/xyz/porphyrins/SUNYAC_1.xyz,metal,NO_METAL
4603,/home/shachar/repos/PorCrystalStructures/data/raw_xyz/xyz/porphyrins/SURHAQ_0.xyz,charge,MOL_ODD_NUMBER_OF_ELECTRONS
4604,/home/shachar/repos/PorCrystalStructures/data/raw_xyz/xyz/porphyrins/SURHAQ_1.xyz,metal,NO_METAL
4605,/home/shachar/repos/PorCrystalStructures/data/raw_xyz/xyz/porphyrins/SURMIB_0.xyz,topolocial,NOT_A_MONOMER
4606,/home/shachar/repos/PorCrystalStructures/data/raw_xyz/xyz/porphyrins/SURMOH_0.xyz,metal,NO_METAL
4607,/home/shachar/repos/PorCrystalStructures/data/raw_xyz/xyz/porphyrins/SURMOH_1.xyz,metal,NO_METAL
4608,/home/shachar/repos/PorCrystalStructures/data/raw_xyz/xyz/porphyrins/SURMOH_2.xyz,metal,NO_METAL
4609,/home/shachar/repos/PorCrystalStructures/data/raw_xyz/xyz/porphyrins/SUSMAW_0.xyz,topolocial,PYRROLE_NOT_BOUND_TO_METAL
4610,/home/shachar/repos/PorCrystalStructures/data/raw_xyz/xyz/porphyrins/SUXCEV_0.xyz,metal,NO_METAL
4611,/home/shachar/repos/PorCrystalStructures/data/raw_xyz/xyz/porphyrins/SUXCEV_1.xyz,topolocial,NOT_CONNECTED_MOLECULE
4612,/home/shachar/repos/PorCrystalStructures/data/raw_xyz/xyz/porphyrins/SUXCEV_2.xyz,metal,NO_METAL
4613,/home/shachar/repos/PorCrystalStructures/data/raw_xyz/xyz/porphyrins/SUXCIZ_0.xyz,charge,TOO_LARGE_COUNTER_MOL
4614,/home/shachar/repos/PorCrystalStructures/data/raw_xyz/xyz/porphyrins/SUXCIZ_1.xyz,metal,NO_METAL
4615,/home/shachar/repos/PorCrystalStructures/data/raw_xyz/xyz/porphyrins/SUXCIZ_2.xyz,metal,NO_METAL
4616,/home/shachar/repos/PorCrystalStructures/data/raw_xyz/xyz/porphyrins/TABRIZ_0.xyz,charge,MOL_ODD_NUMBER_OF_ELECTRONS
4617,/home/shachar/repos/PorCrystalStructures/data/raw_xyz/xyz/porphyrins/TABRIZ_1.xyz,metal,NO_METAL
4618,/home/shachar/repos/PorCrystalStructures/data/raw_xyz/xyz/porphyrins/TABRIZ_2.xyz,metal,NO_METAL
4619,/home/shachar/repos/PorCrystalStructures/data/raw_xyz/xyz/porphyrins/TABSIA_0.xyz,topolocial,NOT_CONNECTED_MOLECULE
4620,/home/shachar/repos/PorCrystalStructures/data/raw_xyz/xyz/porphyrins/TABSIA_1.xyz,metal,NO_METAL
4621,/home/shachar/repos/PorCrystalStructures/data/raw_xyz/xyz/porphyrins/TABSIA_2.xyz,metal,NO_METAL
4622,/home/shachar/repos/PorCrystalStructures/data/raw_xyz/xyz/porphyrins/TACJOY_0.xyz,topolocial,NOT_CONNECTED_MOLECULE
4623,/home/shachar/repos/PorCrystalStructures/data/raw_xyz/xyz/porphyrins/TACJOY_1.xyz,metal,NO_METAL
4624,/home/shachar/repos/PorCrystalStructures/data/raw_xyz/xyz/porphyrins/TACJOY_2.xyz,metal,NO_METAL
4625,/home/shachar/repos/PorCrystalStructures/data/raw_xyz/xyz/porphyrins/TACKOY_0.xyz,topolocial,NOT_A_MONOMER
4626,/home/shachar/repos/PorCrystalStructures/data/raw_xyz/xyz/porphyrins/TACKOY_1.xyz,metal,NO_METAL
4627,/home/shachar/repos/PorCrystalStructures/data/raw_xyz/xyz/porphyrins/TACNAO_0.xyz,topolocial,NOT_CONNECTED_MOLECULE
4628,/home/shachar/repos/PorCrystalStructures/data/raw_xyz/xyz/porphyrins/TACNAO_1.xyz,metal,NO_METAL
4629,/home/shachar/repos/PorCrystalStructures/data/raw_xyz/xyz/porphyrins/TACNAO_2.xyz,metal,NO_METAL
4630,/home/shachar/repos/PorCrystalStructures/data/raw_xyz/xyz/porphyrins/TACNAO_3.xyz,metal,NO_METAL
4631,/home/shachar/repos/PorCrystalStructures/data/raw_xyz/xyz/porphyrins/TACNAO_4.xyz,metal,NO_METAL
4632,/home/shachar/repos/PorCrystalStructures/data/raw_xyz/xyz/porphyrins/TACNAO_5.xyz,metal,NO_METAL
4633,/home/shachar/repos/PorCrystalStructures/data/raw_xyz/xyz/porphyrins/TACNAO_6.xyz,metal,NO_METAL
4634,/home/shachar/repos/PorCrystalStructures/data/raw_xyz/xyz/porphyrins/TACNAO_7.xyz,metal,NO_METAL
4635,/home/shachar/repos/PorCrystalStructures/data/raw_xyz/xyz/porphyrins/TACNAO_8.xyz,metal,NO_METAL
4636,/home/shachar/repos/PorCrystalStructures/data/raw_xyz/xyz/porphyrins/TACTID_0.xyz,metal,NO_METAL
4637,/home/shachar/repos/PorCrystalStructures/data/raw_xyz/xyz/porphyrins/TAFTAW_0.xyz,topolocial,NOT_CONNECTED_MOLECULE
4638,/home/shachar/repos/PorCrystalStructures/data/raw_xyz/xyz/porphyrins/TAFTAW_1.xyz,metal,NO_METAL
4639,/home/shachar/repos/PorCrystalStructures/data/raw_xyz/xyz/porphyrins/TAFTAW_2.xyz,metal,NO_METAL
4640,/home/shachar/repos/PorCrystalStructures/data/raw_xyz/xyz/porphyrins/TAHFEO_0.xyz,topolocial,HAS_MORE_THAN_4_PYRROLES
4641,/home/shachar/repos/PorCrystalStructures/data/raw_xyz/xyz/porphyrins/TAHFEO_1.xyz,metal,NO_METAL
4642,/home/shachar/repos/PorCrystalStructures/data/raw_xyz/xyz/porphyrins/TAHFIS_0.xyz,topolocial,NOT_CONNECTED_MOLECULE
4643,/home/shachar/repos/PorCrystalStructures/data/raw_xyz/xyz/porphyrins/TAHFIS_1.xyz,metal,NO_METAL
4644,/home/shachar/repos/PorCrystalStructures/data/raw_xyz/xyz/porphyrins/TAHFIS_2.xyz,metal,NO_METAL
4645,/home/shachar/repos/PorCrystalStructures/data/raw_xyz/xyz/porphyrins/TAHFOY_0.xyz,topolocial,NOT_CONNECTED_MOLECULE
4646,/home/shachar/repos/PorCrystalStructures/data/raw_xyz/xyz/porphyrins/TAHFOY_1.xyz,metal,NO_METAL
4647,/home/shachar/repos/PorCrystalStructures/data/raw_xyz/xyz/porphyrins/TAHFOY_2.xyz,metal,NO_METAL
4648,/home/shachar/repos/PorCrystalStructures/data/raw_xyz/xyz/porphyrins/TAHFUE_0.xyz,topolocial,NOT_CONNECTED_MOLECULE
4649,/home/shachar/repos/PorCrystalStructures/data/raw_xyz/xyz/porphyrins/TAHFUE_1.xyz,metal,NO_METAL
4650,/home/shachar/repos/PorCrystalStructures/data/raw_xyz/xyz/porphyrins/TAJYUC_0.xyz,metal,NO_METAL
4651,/home/shachar/repos/PorCrystalStructures/data/raw_xyz/xyz/porphyrins/TAJYUC_1.xyz,topolocial,NOT_CONNECTED_MOLECULE
4652,/home/shachar/repos/PorCrystalStructures/data/raw_xyz/xyz/porphyrins/TAJYUC_2.xyz,metal,NO_METAL
4653,/home/shachar/repos/PorCrystalStructures/data/raw_xyz/xyz/porphyrins/TAKDUI_0.xyz,metal,NO_METAL
4654,/home/shachar/repos/PorCrystalStructures/data/raw_xyz/xyz/porphyrins/TAKDUI_1.xyz,metal,NO_METAL
4655,/home/shachar/repos/PorCrystalStructures/data/raw_xyz/xyz/porphyrins/TAKDUI_2.xyz,metal,NO_METAL
4656,/home/shachar/repos/PorCrystalStructures/data/raw_xyz/xyz/porphyrins/TAKFAQ_0.xyz,metal,NO_METAL
4657,/home/shachar/repos/PorCrystalStructures/data/raw_xyz/xyz/porphyrins/TAKFEU_0.xyz,topolocial,NOT_A_MONOMER
4658,/home/shachar/repos/PorCrystalStructures/data/raw_xyz/xyz/porphyrins/TAKFEU_1.xyz,metal,NO_METAL
4659,/home/shachar/repos/PorCrystalStructures/data/raw_xyz/xyz/porphyrins/TAKSIH_0.xyz,charge,MOL_ODD_NUMBER_OF_ELECTRONS
4660,/home/shachar/repos/PorCrystalStructures/data/raw_xyz/xyz/porphyrins/TALLAU_0.xyz,topolocial,NOT_CONNECTED_MOLECULE
4661,/home/shachar/repos/PorCrystalStructures/data/raw_xyz/xyz/porphyrins/TALLAU_1.xyz,metal,NO_METAL
4662,/home/shachar/repos/PorCrystalStructures/data/raw_xyz/xyz/porphyrins/TALLAU_2.xyz,metal,NO_METAL
4663,/home/shachar/repos/PorCrystalStructures/data/raw_xyz/xyz/porphyrins/TALLIC_0.xyz,topolocial,NOT_CONNECTED_MOLECULE
4664,/home/shachar/repos/PorCrystalStructures/data/raw_xyz/xyz/porphyrins/TALLIC_1.xyz,metal,NO_METAL
4665,/home/shachar/repos/PorCrystalStructures/data/raw_xyz/xyz/porphyrins/TAMLUP_0.xyz,topolocial,NOT_CONNECTED_MOLECULE
4666,/home/shachar/repos/PorCrystalStructures/data/raw_xyz/xyz/porphyrins/TAMLUP_1.xyz,metal,NO_METAL
4667,/home/shachar/repos/PorCrystalStructures/data/raw_xyz/xyz/porphyrins/TAPVUD_0.xyz,topolocial,NOT_A_MONOMER
4668,/home/shachar/repos/PorCrystalStructures/data/raw_xyz/xyz/porphyrins/TAPVUD_1.xyz,metal,NO_METAL
4669,/home/shachar/repos/PorCrystalStructures/data/raw_xyz/xyz/porphyrins/TAQWUG_0.xyz,valid,VALID
4670,/home/shachar/repos/PorCrystalStructures/data/raw_xyz/xyz/porphyrins/TARJOO_0.xyz,metal,NO_METAL
4671,/home/shachar/repos/PorCrystalStructures/data/raw_xyz/xyz/porphyrins/TARJOO_1.xyz,metal,NO_METAL
4672,/home/shachar/repos/PorCrystalStructures/data/raw_xyz/xyz/porphyrins/TATLIL_0.xyz,metal,NO_METAL
4673,/home/shachar/repos/PorCrystalStructures/data/raw_xyz/xyz/porphyrins/TATLIL_1.xyz,metal,NO_METAL
4674,/home/shachar/repos/PorCrystalStructures/data/raw_xyz/xyz/porphyrins/TATLIL_2.xyz,metal,NO_METAL
4675,/home/shachar/repos/PorCrystalStructures/data/raw_xyz/xyz/porphyrins/TATLIL_3.xyz,metal,NO_METAL
4676,/home/shachar/repos/PorCrystalStructures/data/raw_xyz/xyz/porphyrins/TATLIL_4.xyz,metal,NO_METAL
4677,/home/shachar/repos/PorCrystalStructures/data/raw_xyz/xyz/porphyrins/TATPOT01_0.xyz,metal,NO_METAL
4678,/home/shachar/repos/PorCrystalStructures/data/raw_xyz/xyz/porphyrins/TATPUZ01_0.xyz,metal,NO_METAL
4679,/home/shachar/repos/PorCrystalStructures/data/raw_xyz/xyz/porphyrins/TATPUZ01_1.xyz,metal,NO_METAL
4680,/home/shachar/repos/PorCrystalStructures/data/raw_xyz/xyz/porphyrins/TATQAG01_0.xyz,metal,NO_METAL
4681,/home/shachar/repos/PorCrystalStructures/data/raw_xyz/xyz/porphyrins/TATQAG01_1.xyz,metal,NO_METAL
4682,/home/shachar/repos/PorCrystalStructures/data/raw_xyz/xyz/porphyrins/TATQAG01_2.xyz,metal,NO_METAL
4683,/home/shachar/repos/PorCrystalStructures/data/raw_xyz/xyz/porphyrins/TATQEK01_0.xyz,metal,NO_METAL
4684,/home/shachar/repos/PorCrystalStructures/data/raw_xyz/xyz/porphyrins/TATQEK01_1.xyz,metal,NO_METAL
4685,/home/shachar/repos/PorCrystalStructures/data/raw_xyz/xyz/porphyrins/TATQEK01_2.xyz,metal,NO_METAL
4686,/home/shachar/repos/PorCrystalStructures/data/raw_xyz/xyz/porphyrins/TATXAP_0.xyz,topolocial,NOT_CONNECTED_MOLECULE
4687,/home/shachar/repos/PorCrystalStructures/data/raw_xyz/xyz/porphyrins/TAVMOU_0.xyz,topolocial,NOT_SATURATED
4688,/home/shachar/repos/PorCrystalStructures/data/raw_xyz/xyz/porphyrins/TAVMOU_1.xyz,metal,NO_METAL
4689,/home/shachar/repos/PorCrystalStructures/data/raw_xyz/xyz/porphyrins/TAVYEV_0.xyz,charge,MOL_ODD_NUMBER_OF_ELECTRONS
4690,/home/shachar/repos/PorCrystalStructures/data/raw_xyz/xyz/porphyrins/TAVYEV_1.xyz,metal,NO_METAL
4691,/home/shachar/repos/PorCrystalStructures/data/raw_xyz/xyz/porphyrins/TAVYEV_2.xyz,metal,NO_METAL
4692,/home/shachar/repos/PorCrystalStructures/data/raw_xyz/xyz/porphyrins/TAVYEV_3.xyz,metal,NO_METAL
4693,/home/shachar/repos/PorCrystalStructures/data/raw_xyz/xyz/porphyrins/TAWVIX_0.xyz,charge,MOL_ODD_NUMBER_OF_ELECTRONS
4694,/home/shachar/repos/PorCrystalStructures/data/raw_xyz/xyz/porphyrins/TAWVIX_1.xyz,metal,NO_METAL
4695,/home/shachar/repos/PorCrystalStructures/data/raw_xyz/xyz/porphyrins/TAZDOP_0.xyz,topolocial,HAS_MORE_THAN_4_PYRROLES
4696,/home/shachar/repos/PorCrystalStructures/data/raw_xyz/xyz/porphyrins/TCLNIA10_0.xyz,topolocial,NOT_SATURATED
4697,/home/shachar/repos/PorCrystalStructures/data/raw_xyz/xyz/porphyrins/TECGOZ_0.xyz,metal,NO_METAL
4698,/home/shachar/repos/PorCrystalStructures/data/raw_xyz/xyz/porphyrins/TECGOZ_1.xyz,metal,NO_METAL
4699,/home/shachar/repos/PorCrystalStructures/data/raw_xyz/xyz/porphyrins/TECGOZ_2.xyz,metal,NO_METAL
4700,/home/shachar/repos/PorCrystalStructures/data/raw_xyz/xyz/porphyrins/TEFPEZ_0.xyz,topolocial,NOT_SATURATED
4701,/home/shachar/repos/PorCrystalStructures/data/raw_xyz/xyz/porphyrins/TEFPEZ_1.xyz,metal,NO_METAL
4702,/home/shachar/repos/PorCrystalStructures/data/raw_xyz/xyz/porphyrins/TEFQEA_0.xyz,topolocial,NOT_SATURATED
4703,/home/shachar/repos/PorCrystalStructures/data/raw_xyz/xyz/porphyrins/TEFQEA_1.xyz,metal,NO_METAL
4704,/home/shachar/repos/PorCrystalStructures/data/raw_xyz/xyz/porphyrins/TEFQEA_2.xyz,metal,NO_METAL
4705,/home/shachar/repos/PorCrystalStructures/data/raw_xyz/xyz/porphyrins/TEFQOK_0.xyz,topolocial,NOT_SATURATED
4706,/home/shachar/repos/PorCrystalStructures/data/raw_xyz/xyz/porphyrins/TEFQOK_1.xyz,metal,NO_METAL
4707,/home/shachar/repos/PorCrystalStructures/data/raw_xyz/xyz/porphyrins/TEFQOK_2.xyz,metal,NO_METAL
4708,/home/shachar/repos/PorCrystalStructures/data/raw_xyz/xyz/porphyrins/TEFREB_0.xyz,topolocial,NOT_SATURATED
4709,/home/shachar/repos/PorCrystalStructures/data/raw_xyz/xyz/porphyrins/TEFREB_1.xyz,metal,NO_METAL
4710,/home/shachar/repos/PorCrystalStructures/data/raw_xyz/xyz/porphyrins/TEFROL_0.xyz,topolocial,NOT_SATURATED
4711,/home/shachar/repos/PorCrystalStructures/data/raw_xyz/xyz/porphyrins/TEFROL_1.xyz,metal,NO_METAL
4712,/home/shachar/repos/PorCrystalStructures/data/raw_xyz/xyz/porphyrins/TEFROL_2.xyz,metal,NO_METAL
4713,/home/shachar/repos/PorCrystalStructures/data/raw_xyz/xyz/porphyrins/TEFSAY_0.xyz,topolocial,NOT_SATURATED
4714,/home/shachar/repos/PorCrystalStructures/data/raw_xyz/xyz/porphyrins/TEFSAY_1.xyz,metal,NO_METAL
4715,/home/shachar/repos/PorCrystalStructures/data/raw_xyz/xyz/porphyrins/TEFSIK_0.xyz,charge,MOL_ODD_NUMBER_OF_ELECTRONS
4716,/home/shachar/repos/PorCrystalStructures/data/raw_xyz/xyz/porphyrins/TEFSIK_1.xyz,metal,NO_METAL
4717,/home/shachar/repos/PorCrystalStructures/data/raw_xyz/xyz/porphyrins/TEFSIK_2.xyz,metal,NO_METAL
4718,/home/shachar/repos/PorCrystalStructures/data/raw_xyz/xyz/porphyrins/TEFYAI_0.xyz,metal,NO_METAL
4719,/home/shachar/repos/PorCrystalStructures/data/raw_xyz/xyz/porphyrins/TEJBAO_0.xyz,topolocial,NOT_A_MONOMER
4720,/home/shachar/repos/PorCrystalStructures/data/raw_xyz/xyz/porphyrins/TEJBAO_1.xyz,metal,NO_METAL
4721,/home/shachar/repos/PorCrystalStructures/data/raw_xyz/xyz/porphyrins/TEJXAL_0.xyz,metal,NO_METAL
4722,/home/shachar/repos/PorCrystalStructures/data/raw_xyz/xyz/porphyrins/TEJXEP_0.xyz,valid,VALID
4723,/home/shachar/repos/PorCrystalStructures/data/raw_xyz/xyz/porphyrins/TEKDEU_0.xyz,charge,MOL_ODD_NUMBER_OF_ELECTRONS
4724,/home/shachar/repos/PorCrystalStructures/data/raw_xyz/xyz/porphyrins/TEKDEU_1.xyz,metal,NO_METAL
4725,/home/shachar/repos/PorCrystalStructures/data/raw_xyz/xyz/porphyrins/TEKDIY_0.xyz,topolocial,NOT_CONNECTED_MOLECULE
4726,/home/shachar/repos/PorCrystalStructures/data/raw_xyz/xyz/porphyrins/TEKDIY_1.xyz,metal,NO_METAL
4727,/home/shachar/repos/PorCrystalStructures/data/raw_xyz/xyz/porphyrins/TEMFAS01_0.xyz,valid,VALID
4728,/home/shachar/repos/PorCrystalStructures/data/raw_xyz/xyz/porphyrins/TEMFAS_0.xyz,valid,VALID
4729,/home/shachar/repos/PorCrystalStructures/data/raw_xyz/xyz/porphyrins/TEMKOL_0.xyz,valid,VALID
4730,/home/shachar/repos/PorCrystalStructures/data/raw_xyz/xyz/porphyrins/TEMMON_0.xyz,metal,NO_METAL
4731,/home/shachar/repos/PorCrystalStructures/data/raw_xyz/xyz/porphyrins/TEMMON_1.xyz,metal,NO_METAL
4732,/home/shachar/repos/PorCrystalStructures/data/raw_xyz/xyz/porphyrins/TEMMUT_0.xyz,topolocial,BIDENTATE_MACROCYCLE_SUBS
4733,/home/shachar/repos/PorCrystalStructures/data/raw_xyz/xyz/porphyrins/TEMMUT_1.xyz,metal,NO_METAL
4734,/home/shachar/repos/PorCrystalStructures/data/raw_xyz/xyz/porphyrins/TEMNAA_0.xyz,topolocial,BIDENTATE_MACROCYCLE_SUBS
4735,/home/shachar/repos/PorCrystalStructures/data/raw_xyz/xyz/porphyrins/TEMNAA_1.xyz,metal,NO_METAL
4736,/home/shachar/repos/PorCrystalStructures/data/raw_xyz/xyz/porphyrins/TEMNAA_2.xyz,metal,NO_METAL
4737,/home/shachar/repos/PorCrystalStructures/data/raw_xyz/xyz/porphyrins/TEMXOY_0.xyz,topolocial,NOT_SATURATED
4738,/home/shachar/repos/PorCrystalStructures/data/raw_xyz/xyz/porphyrins/TENMUU_0.xyz,topolocial,NOT_A_MONOMER
4739,/home/shachar/repos/PorCrystalStructures/data/raw_xyz/xyz/porphyrins/TENMUU_1.xyz,metal,NO_METAL
4740,/home/shachar/repos/PorCrystalStructures/data/raw_xyz/xyz/porphyrins/TENNAB_0.xyz,topolocial,NOT_A_MONOMER
4741,/home/shachar/repos/PorCrystalStructures/data/raw_xyz/xyz/porphyrins/TENNAB_1.xyz,metal,NO_METAL
4742,/home/shachar/repos/PorCrystalStructures/data/raw_xyz/xyz/porphyrins/TEPVUF_0.xyz,topolocial,NOT_SATURATED
4743,/home/shachar/repos/PorCrystalStructures/data/raw_xyz/xyz/porphyrins/TEPVUF_1.xyz,metal,NO_METAL
4744,/home/shachar/repos/PorCrystalStructures/data/raw_xyz/xyz/porphyrins/TEPWAM_0.xyz,topolocial,NOT_SATURATED
4745,/home/shachar/repos/PorCrystalStructures/data/raw_xyz/xyz/porphyrins/TEPWAM_1.xyz,topolocial,NOT_SATURATED
4746,/home/shachar/repos/PorCrystalStructures/data/raw_xyz/xyz/porphyrins/TEPWAM_2.xyz,metal,NO_METAL
4747,/home/shachar/repos/PorCrystalStructures/data/raw_xyz/xyz/porphyrins/TEPZUL_0.xyz,topolocial,NOT_CONNECTED_MOLECULE
4748,/home/shachar/repos/PorCrystalStructures/data/raw_xyz/xyz/porphyrins/TEPZUL_1.xyz,metal,NO_METAL
4749,/home/shachar/repos/PorCrystalStructures/data/raw_xyz/xyz/porphyrins/TEPZUL_2.xyz,metal,NO_METAL
4750,/home/shachar/repos/PorCrystalStructures/data/raw_xyz/xyz/porphyrins/TEQPIO_0.xyz,topolocial,NOT_SATURATED
4751,/home/shachar/repos/PorCrystalStructures/data/raw_xyz/xyz/porphyrins/TEQPIO_1.xyz,metal,NO_METAL
4752,/home/shachar/repos/PorCrystalStructures/data/raw_xyz/xyz/porphyrins/TEQPIO_2.xyz,metal,NO_METAL
4753,/home/shachar/repos/PorCrystalStructures/data/raw_xyz/xyz/porphyrins/TEQPIO_3.xyz,metal,NO_METAL
4754,/home/shachar/repos/PorCrystalStructures/data/raw_xyz/xyz/porphyrins/TEQPIO_4.xyz,metal,NO_METAL
4755,/home/shachar/repos/PorCrystalStructures/data/raw_xyz/xyz/porphyrins/TEQPIO_5.xyz,metal,NO_METAL
4756,/home/shachar/repos/PorCrystalStructures/data/raw_xyz/xyz/porphyrins/TEQYOE_0.xyz,topolocial,NOT_CONNECTED_MOLECULE
4757,/home/shachar/repos/PorCrystalStructures/data/raw_xyz/xyz/porphyrins/TEQYOE_1.xyz,metal,NO_METAL
4758,/home/shachar/repos/PorCrystalStructures/data/raw_xyz/xyz/porphyrins/TERFOO_0.xyz,topolocial,NOT_CONNECTED_MOLECULE
4759,/home/shachar/repos/PorCrystalStructures/data/raw_xyz/xyz/porphyrins/TERFOO_1.xyz,metal,NO_METAL
4760,/home/shachar/repos/PorCrystalStructures/data/raw_xyz/xyz/porphyrins/TERFOO_2.xyz,metal,NO_METAL
4761,/home/shachar/repos/PorCrystalStructures/data/raw_xyz/xyz/porphyrins/TERFOO_3.xyz,metal,NO_METAL
4762,/home/shachar/repos/PorCrystalStructures/data/raw_xyz/xyz/porphyrins/TESFAZ_0.xyz,metal,NO_METAL
4763,/home/shachar/repos/PorCrystalStructures/data/raw_xyz/xyz/porphyrins/TEVMOZ_0.xyz,valid,VALID
4764,/home/shachar/repos/PorCrystalStructures/data/raw_xyz/xyz/porphyrins/TEVMOZ_1.xyz,metal,NO_METAL
4765,/home/shachar/repos/PorCrystalStructures/data/raw_xyz/xyz/porphyrins/TEVPIW_0.xyz,valid,VALID
4766,/home/shachar/repos/PorCrystalStructures/data/raw_xyz/xyz/porphyrins/TEVPIW_1.xyz,metal,NO_METAL
4767,/home/shachar/repos/PorCrystalStructures/data/raw_xyz/xyz/porphyrins/TEVPOC_0.xyz,topolocial,NOT_CONNECTED_MOLECULE
4768,/home/shachar/repos/PorCrystalStructures/data/raw_xyz/xyz/porphyrins/TEWTUK_0.xyz,topolocial,NOT_SATURATED
4769,/home/shachar/repos/PorCrystalStructures/data/raw_xyz/xyz/porphyrins/TEWTUK_1.xyz,metal,NO_METAL
4770,/home/shachar/repos/PorCrystalStructures/data/raw_xyz/xyz/porphyrins/TEWTUK_2.xyz,metal,NO_METAL
4771,/home/shachar/repos/PorCrystalStructures/data/raw_xyz/xyz/porphyrins/TEWZUQ_0.xyz,topolocial,NOT_CONNECTED_MOLECULE
4772,/home/shachar/repos/PorCrystalStructures/data/raw_xyz/xyz/porphyrins/TEWZUQ_1.xyz,topolocial,NOT_CONNECTED_MOLECULE
4773,/home/shachar/repos/PorCrystalStructures/data/raw_xyz/xyz/porphyrins/TEWZUQ_2.xyz,metal,NO_METAL
4774,/home/shachar/repos/PorCrystalStructures/data/raw_xyz/xyz/porphyrins/TEXBAZ_0.xyz,topolocial,NOT_CONNECTED_MOLECULE
4775,/home/shachar/repos/PorCrystalStructures/data/raw_xyz/xyz/porphyrins/TEXBAZ_1.xyz,metal,NO_METAL
4776,/home/shachar/repos/PorCrystalStructures/data/raw_xyz/xyz/porphyrins/TEXRUM_0.xyz,topolocial,NOT_CONNECTED_MOLECULE
4777,/home/shachar/repos/PorCrystalStructures/data/raw_xyz/xyz/porphyrins/TEXRUM_1.xyz,metal,NO_METAL
4778,/home/shachar/repos/PorCrystalStructures/data/raw_xyz/xyz/porphyrins/TEYCEI_0.xyz,topolocial,NOT_CONNECTED_MOLECULE
4779,/home/shachar/repos/PorCrystalStructures/data/raw_xyz/xyz/porphyrins/TEYCEI_1.xyz,metal,NO_METAL
4780,/home/shachar/repos/PorCrystalStructures/data/raw_xyz/xyz/porphyrins/TEYCUY_0.xyz,topolocial,NOT_CONNECTED_MOLECULE
4781,/home/shachar/repos/PorCrystalStructures/data/raw_xyz/xyz/porphyrins/TEYCUY_1.xyz,metal,NO_METAL
4782,/home/shachar/repos/PorCrystalStructures/data/raw_xyz/xyz/porphyrins/TEZREY_0.xyz,valid,VALID
4783,/home/shachar/repos/PorCrystalStructures/data/raw_xyz/xyz/porphyrins/TEZREY_1.xyz,metal,NO_METAL
4784,/home/shachar/repos/PorCrystalStructures/data/raw_xyz/xyz/porphyrins/TEZRIC_0.xyz,valid,VALID
4785,/home/shachar/repos/PorCrystalStructures/data/raw_xyz/xyz/porphyrins/TICDIS01_0.xyz,topolocial,NOT_CONNECTED_MOLECULE
4786,/home/shachar/repos/PorCrystalStructures/data/raw_xyz/xyz/porphyrins/TICDIS_0.xyz,topolocial,NOT_CONNECTED_MOLECULE
4787,/home/shachar/repos/PorCrystalStructures/data/raw_xyz/xyz/porphyrins/TIFCET_0.xyz,topolocial,NOT_CONNECTED_MOLECULE
4788,/home/shachar/repos/PorCrystalStructures/data/raw_xyz/xyz/porphyrins/TIFCIX_0.xyz,valid,VALID
4789,/home/shachar/repos/PorCrystalStructures/data/raw_xyz/xyz/porphyrins/TIFCIX_1.xyz,metal,NO_METAL
4790,/home/shachar/repos/PorCrystalStructures/data/raw_xyz/xyz/porphyrins/TIFCOD_0.xyz,topolocial,HAS_MORE_THAN_4_PYRROLES
4791,/home/shachar/repos/PorCrystalStructures/data/raw_xyz/xyz/porphyrins/TIFCOD_1.xyz,metal,NO_METAL
4792,/home/shachar/repos/PorCrystalStructures/data/raw_xyz/xyz/porphyrins/TIFJOH_0.xyz,topolocial,NOT_A_MONOMER
4793,/home/shachar/repos/PorCrystalStructures/data/raw_xyz/xyz/porphyrins/TIFJOH_1.xyz,metal,NO_METAL
4794,/home/shachar/repos/PorCrystalStructures/data/raw_xyz/xyz/porphyrins/TIFJOH_2.xyz,topolocial,NOT_A_MONOMER
4795,/home/shachar/repos/PorCrystalStructures/data/raw_xyz/xyz/porphyrins/TIGZER_0.xyz,charge,MOL_ODD_NUMBER_OF_ELECTRONS
4796,/home/shachar/repos/PorCrystalStructures/data/raw_xyz/xyz/porphyrins/TIGZIV_0.xyz,valid,VALID
4797,/home/shachar/repos/PorCrystalStructures/data/raw_xyz/xyz/porphyrins/TIGZUH_0.xyz,topolocial,NOT_CONNECTED_MOLECULE
4798,/home/shachar/repos/PorCrystalStructures/data/raw_xyz/xyz/porphyrins/TIGZUH_1.xyz,metal,NO_METAL
4799,/home/shachar/repos/PorCrystalStructures/data/raw_xyz/xyz/porphyrins/TIGZUH_2.xyz,metal,NO_METAL
4800,/home/shachar/repos/PorCrystalStructures/data/raw_xyz/xyz/porphyrins/TIHNON_0.xyz,topolocial,NOT_CONNECTED_MOLECULE
4801,/home/shachar/repos/PorCrystalStructures/data/raw_xyz/xyz/porphyrins/TIHNON_1.xyz,metal,NO_METAL
4802,/home/shachar/repos/PorCrystalStructures/data/raw_xyz/xyz/porphyrins/TIHNON_2.xyz,metal,NO_METAL
4803,/home/shachar/repos/PorCrystalStructures/data/raw_xyz/xyz/porphyrins/TIKFIC_0.xyz,topolocial,NOT_A_MONOMER
4804,/home/shachar/repos/PorCrystalStructures/data/raw_xyz/xyz/porphyrins/TILTAK_0.xyz,topolocial,NOT_A_MONOMER
4805,/home/shachar/repos/PorCrystalStructures/data/raw_xyz/xyz/porphyrins/TILTAK_1.xyz,topolocial,NOT_SATURATED
4806,/home/shachar/repos/PorCrystalStructures/data/raw_xyz/xyz/porphyrins/TILTEO_0.xyz,topolocial,BIDENTATE_MACROCYCLE_SUBS
4807,/home/shachar/repos/PorCrystalStructures/data/raw_xyz/xyz/porphyrins/TILTEO_1.xyz,metal,NO_METAL
4808,/home/shachar/repos/PorCrystalStructures/data/raw_xyz/xyz/porphyrins/TILTEO_2.xyz,metal,NO_METAL
4809,/home/shachar/repos/PorCrystalStructures/data/raw_xyz/xyz/porphyrins/TILXUK_0.xyz,metal,NO_METAL
4810,/home/shachar/repos/PorCrystalStructures/data/raw_xyz/xyz/porphyrins/TILXUK_1.xyz,metal,NO_METAL
4811,/home/shachar/repos/PorCrystalStructures/data/raw_xyz/xyz/porphyrins/TIMQEM_0.xyz,topolocial,NOT_CONNECTED_MOLECULE
4812,/home/shachar/repos/PorCrystalStructures/data/raw_xyz/xyz/porphyrins/TIMQEM_1.xyz,metal,NO_METAL
4813,/home/shachar/repos/PorCrystalStructures/data/raw_xyz/xyz/porphyrins/TIMQEM_2.xyz,metal,NO_METAL
4814,/home/shachar/repos/PorCrystalStructures/data/raw_xyz/xyz/porphyrins/TINRUF_0.xyz,metal,NO_METAL
4815,/home/shachar/repos/PorCrystalStructures/data/raw_xyz/xyz/porphyrins/TINRUF_1.xyz,metal,NO_METAL
4816,/home/shachar/repos/PorCrystalStructures/data/raw_xyz/xyz/porphyrins/TINRUF_2.xyz,metal,NO_METAL
4817,/home/shachar/repos/PorCrystalStructures/data/raw_xyz/xyz/porphyrins/TINSAM_0.xyz,metal,NO_METAL
4818,/home/shachar/repos/PorCrystalStructures/data/raw_xyz/xyz/porphyrins/TINSAM_1.xyz,metal,NO_METAL
4819,/home/shachar/repos/PorCrystalStructures/data/raw_xyz/xyz/porphyrins/TINSAM_2.xyz,metal,NO_METAL
4820,/home/shachar/repos/PorCrystalStructures/data/raw_xyz/xyz/porphyrins/TINWUK_0.xyz,metal,NO_METAL
4821,/home/shachar/repos/PorCrystalStructures/data/raw_xyz/xyz/porphyrins/TIPBIF_0.xyz,metal,NO_METAL
4822,/home/shachar/repos/PorCrystalStructures/data/raw_xyz/xyz/porphyrins/TIPBIF_1.xyz,metal,NO_METAL
4823,/home/shachar/repos/PorCrystalStructures/data/raw_xyz/xyz/porphyrins/TIQQIU_0.xyz,topolocial,NOT_CONNECTED_MOLECULE
4824,/home/shachar/repos/PorCrystalStructures/data/raw_xyz/xyz/porphyrins/TIQQIU_1.xyz,metal,NO_METAL
4825,/home/shachar/repos/PorCrystalStructures/data/raw_xyz/xyz/porphyrins/TIQQIU_2.xyz,metal,NO_METAL
4826,/home/shachar/repos/PorCrystalStructures/data/raw_xyz/xyz/porphyrins/TIQZIE_0.xyz,topolocial,NOT_CONNECTED_MOLECULE
4827,/home/shachar/repos/PorCrystalStructures/data/raw_xyz/xyz/porphyrins/TIQZOK_0.xyz,topolocial,NOT_CONNECTED_MOLECULE
4828,/home/shachar/repos/PorCrystalStructures/data/raw_xyz/xyz/porphyrins/TISDOO_0.xyz,topolocial,NOT_A_MONOMER
4829,/home/shachar/repos/PorCrystalStructures/data/raw_xyz/xyz/porphyrins/TIVRIA_0.xyz,metal,NO_METAL
4830,/home/shachar/repos/PorCrystalStructures/data/raw_xyz/xyz/porphyrins/TIVROG_0.xyz,topolocial,NOT_CONNECTED_MOLECULE
4831,/home/shachar/repos/PorCrystalStructures/data/raw_xyz/xyz/porphyrins/TIVROG_1.xyz,metal,NO_METAL
4832,/home/shachar/repos/PorCrystalStructures/data/raw_xyz/xyz/porphyrins/TIVROG_2.xyz,metal,NO_METAL
4833,/home/shachar/repos/PorCrystalStructures/data/raw_xyz/xyz/porphyrins/TIWJEO_0.xyz,topolocial,NOT_A_MONOMER
4834,/home/shachar/repos/PorCrystalStructures/data/raw_xyz/xyz/porphyrins/TIWJEO_1.xyz,metal,NO_METAL
4835,/home/shachar/repos/PorCrystalStructures/data/raw_xyz/xyz/porphyrins/TIWJEO_2.xyz,metal,NO_METAL
4836,/home/shachar/repos/PorCrystalStructures/data/raw_xyz/xyz/porphyrins/TIWROI_0.xyz,topolocial,NOT_CONNECTED_MOLECULE
4837,/home/shachar/repos/PorCrystalStructures/data/raw_xyz/xyz/porphyrins/TIWROI_1.xyz,metal,NO_METAL
4838,/home/shachar/repos/PorCrystalStructures/data/raw_xyz/xyz/porphyrins/TIWROI_2.xyz,metal,NO_METAL
4839,/home/shachar/repos/PorCrystalStructures/data/raw_xyz/xyz/porphyrins/TIWSAV_0.xyz,topolocial,NOT_CONNECTED_MOLECULE
4840,/home/shachar/repos/PorCrystalStructures/data/raw_xyz/xyz/porphyrins/TIWSAV_1.xyz,metal,NO_METAL
4841,/home/shachar/repos/PorCrystalStructures/data/raw_xyz/xyz/porphyrins/TIWSEZ_0.xyz,topolocial,NOT_CONNECTED_MOLECULE
4842,/home/shachar/repos/PorCrystalStructures/data/raw_xyz/xyz/porphyrins/TIWSEZ_1.xyz,metal,NO_METAL
4843,/home/shachar/repos/PorCrystalStructures/data/raw_xyz/xyz/porphyrins/TIWSEZ_2.xyz,metal,NO_METAL
4844,/home/shachar/repos/PorCrystalStructures/data/raw_xyz/xyz/porphyrins/TIWSEZ_3.xyz,metal,NO_METAL
4845,/home/shachar/repos/PorCrystalStructures/data/raw_xyz/xyz/porphyrins/TIWSEZ_4.xyz,metal,NO_METAL
4846,/home/shachar/repos/PorCrystalStructures/data/raw_xyz/xyz/porphyrins/TIWYIK_0.xyz,topolocial,NOT_CONNECTED_MOLECULE
4847,/home/shachar/repos/PorCrystalStructures/data/raw_xyz/xyz/porphyrins/TIWYOQ_0.xyz,topolocial,NOT_CONNECTED_MOLECULE
4848,/home/shachar/repos/PorCrystalStructures/data/raw_xyz/xyz/porphyrins/TIXYEF_0.xyz,metal,NO_METAL
4849,/home/shachar/repos/PorCrystalStructures/data/raw_xyz/xyz/porphyrins/TIXYEF_1.xyz,metal,NO_METAL
4850,/home/shachar/repos/PorCrystalStructures/data/raw_xyz/xyz/porphyrins/TIXYUX_0.xyz,topolocial,NOT_CONNECTED_MOLECULE
4851,/home/shachar/repos/PorCrystalStructures/data/raw_xyz/xyz/porphyrins/TIXZAE_0.xyz,topolocial,NOT_A_MONOMER
4852,/home/shachar/repos/PorCrystalStructures/data/raw_xyz/xyz/porphyrins/TIXZAE_1.xyz,metal,NO_METAL
4853,/home/shachar/repos/PorCrystalStructures/data/raw_xyz/xyz/porphyrins/TOBGID_0.xyz,metal,NO_METAL
4854,/home/shachar/repos/PorCrystalStructures/data/raw_xyz/xyz/porphyrins/TOBTUC_0.xyz,valid,VALID
4855,/home/shachar/repos/PorCrystalStructures/data/raw_xyz/xyz/porphyrins/TOBTUC_1.xyz,metal,NO_METAL
4856,/home/shachar/repos/PorCrystalStructures/data/raw_xyz/xyz/porphyrins/TOBVAK_0.xyz,charge,TOO_LARGE_COUNTER_MOL
4857,/home/shachar/repos/PorCrystalStructures/data/raw_xyz/xyz/porphyrins/TOBVAK_1.xyz,metal,NO_METAL
4858,/home/shachar/repos/PorCrystalStructures/data/raw_xyz/xyz/porphyrins/TOBVAK_2.xyz,metal,NO_METAL
4859,/home/shachar/repos/PorCrystalStructures/data/raw_xyz/xyz/porphyrins/TOBVAK_3.xyz,metal,NO_METAL
4860,/home/shachar/repos/PorCrystalStructures/data/raw_xyz/xyz/porphyrins/TOCZAO_0.xyz,valid,VALID
4861,/home/shachar/repos/PorCrystalStructures/data/raw_xyz/xyz/porphyrins/TOCZES_0.xyz,valid,VALID
4862,/home/shachar/repos/PorCrystalStructures/data/raw_xyz/xyz/porphyrins/TOCZES_1.xyz,metal,NO_METAL
4863,/home/shachar/repos/PorCrystalStructures/data/raw_xyz/xyz/porphyrins/TODNOR_0.xyz,metal,NO_METAL
4864,/home/shachar/repos/PorCrystalStructures/data/raw_xyz/xyz/porphyrins/TODREM_0.xyz,topolocial,NOT_CONNECTED_MOLECULE
4865,/home/shachar/repos/PorCrystalStructures/data/raw_xyz/xyz/porphyrins/TODREM_1.xyz,metal,NO_METAL
4866,/home/shachar/repos/PorCrystalStructures/data/raw_xyz/xyz/porphyrins/TODXEP_0.xyz,valid,VALID
4867,/home/shachar/repos/PorCrystalStructures/data/raw_xyz/xyz/porphyrins/TODXEP_1.xyz,metal,NO_METAL
4868,/home/shachar/repos/PorCrystalStructures/data/raw_xyz/xyz/porphyrins/TOFZET_0.xyz,valid,VALID
4869,/home/shachar/repos/PorCrystalStructures/data/raw_xyz/xyz/porphyrins/TOJYID_0.xyz,valid,VALID
4870,/home/shachar/repos/PorCrystalStructures/data/raw_xyz/xyz/porphyrins/TOJYID_1.xyz,metal,NO_METAL
4871,/home/shachar/repos/PorCrystalStructures/data/raw_xyz/xyz/porphyrins/TOKGEF_0.xyz,topolocial,NOT_CONNECTED_MOLECULE
4872,/home/shachar/repos/PorCrystalStructures/data/raw_xyz/xyz/porphyrins/TOKGEF_1.xyz,metal,NO_METAL
4873,/home/shachar/repos/PorCrystalStructures/data/raw_xyz/xyz/porphyrins/TOMTEV_0.xyz,metal,NO_METAL
4874,/home/shachar/repos/PorCrystalStructures/data/raw_xyz/xyz/porphyrins/TOMTEV_1.xyz,metal,NO_METAL
4875,/home/shachar/repos/PorCrystalStructures/data/raw_xyz/xyz/porphyrins/TOMTIZ_0.xyz,metal,NO_METAL
4876,/home/shachar/repos/PorCrystalStructures/data/raw_xyz/xyz/porphyrins/TOMTIZ_1.xyz,metal,NO_METAL
4877,/home/shachar/repos/PorCrystalStructures/data/raw_xyz/xyz/porphyrins/TOMTIZ_2.xyz,metal,NO_METAL
4878,/home/shachar/repos/PorCrystalStructures/data/raw_xyz/xyz/porphyrins/TOMTOF_0.xyz,topolocial,NOT_A_MONOMER
4879,/home/shachar/repos/PorCrystalStructures/data/raw_xyz/xyz/porphyrins/TOMTOF_1.xyz,metal,NO_METAL
4880,/home/shachar/repos/PorCrystalStructures/data/raw_xyz/xyz/porphyrins/TONYUT_0.xyz,topolocial,BIDENTATE_MACROCYCLE_SUBS
4881,/home/shachar/repos/PorCrystalStructures/data/raw_xyz/xyz/porphyrins/TONZAA_0.xyz,metal,NO_METAL
4882,/home/shachar/repos/PorCrystalStructures/data/raw_xyz/xyz/porphyrins/TONZAA_1.xyz,metal,NO_METAL
4883,/home/shachar/repos/PorCrystalStructures/data/raw_xyz/xyz/porphyrins/TONZEE_0.xyz,metal,NO_METAL
4884,/home/shachar/repos/PorCrystalStructures/data/raw_xyz/xyz/porphyrins/TOPBEI_0.xyz,topolocial,NOT_CONNECTED_MOLECULE
4885,/home/shachar/repos/PorCrystalStructures/data/raw_xyz/xyz/porphyrins/TOPBEI_1.xyz,metal,NO_METAL
4886,/home/shachar/repos/PorCrystalStructures/data/raw_xyz/xyz/porphyrins/TOPBEI_2.xyz,metal,NO_METAL
4887,/home/shachar/repos/PorCrystalStructures/data/raw_xyz/xyz/porphyrins/TOPDEI_0.xyz,topolocial,NOT_A_MONOMER
4888,/home/shachar/repos/PorCrystalStructures/data/raw_xyz/xyz/porphyrins/TOPMER_0.xyz,metal,NO_METAL
4889,/home/shachar/repos/PorCrystalStructures/data/raw_xyz/xyz/porphyrins/TOPMER_1.xyz,metal,NO_METAL
4890,/home/shachar/repos/PorCrystalStructures/data/raw_xyz/xyz/porphyrins/TOPMER_2.xyz,metal,NO_METAL
4891,/home/shachar/repos/PorCrystalStructures/data/raw_xyz/xyz/porphyrins/TOPMER_3.xyz,metal,NO_METAL
4892,/home/shachar/repos/PorCrystalStructures/data/raw_xyz/xyz/porphyrins/TORHEQ_0.xyz,valid,VALID
4893,/home/shachar/repos/PorCrystalStructures/data/raw_xyz/xyz/porphyrins/TORWIH_0.xyz,topolocial,NOT_CONNECTED_MOLECULE
4894,/home/shachar/repos/PorCrystalStructures/data/raw_xyz/xyz/porphyrins/TOTZAF_0.xyz,metal,NO_METAL
4895,/home/shachar/repos/PorCrystalStructures/data/raw_xyz/xyz/porphyrins/TOTZAF_1.xyz,metal,NO_METAL
4896,/home/shachar/repos/PorCrystalStructures/data/raw_xyz/xyz/porphyrins/TOTZAF_2.xyz,metal,NO_METAL
4897,/home/shachar/repos/PorCrystalStructures/data/raw_xyz/xyz/porphyrins/TOVPAX_0.xyz,topolocial,HAS_MORE_THAN_4_PYRROLES
4898,/home/shachar/repos/PorCrystalStructures/data/raw_xyz/xyz/porphyrins/TOWFOC_0.xyz,charge,MOL_ODD_NUMBER_OF_ELECTRONS
4899,/home/shachar/repos/PorCrystalStructures/data/raw_xyz/xyz/porphyrins/TOWFOC_1.xyz,metal,NO_METAL
4900,/home/shachar/repos/PorCrystalStructures/data/raw_xyz/xyz/porphyrins/TOWHEU_0.xyz,charge,MOL_ODD_NUMBER_OF_ELECTRONS
4901,/home/shachar/repos/PorCrystalStructures/data/raw_xyz/xyz/porphyrins/TOYRUU01_0.xyz,topolocial,NOT_CONNECTED_MOLECULE
4902,/home/shachar/repos/PorCrystalStructures/data/raw_xyz/xyz/porphyrins/TOYRUU_0.xyz,charge,MOL_ODD_NUMBER_OF_ELECTRONS
4903,/home/shachar/repos/PorCrystalStructures/data/raw_xyz/xyz/porphyrins/TOYRUU_1.xyz,metal,NO_METAL
4904,/home/shachar/repos/PorCrystalStructures/data/raw_xyz/xyz/porphyrins/TOZVIN_0.xyz,topolocial,NOT_CONNECTED_MOLECULE
4905,/home/shachar/repos/PorCrystalStructures/data/raw_xyz/xyz/porphyrins/TOZVIN_1.xyz,metal,NO_METAL
4906,/home/shachar/repos/PorCrystalStructures/data/raw_xyz/xyz/porphyrins/TPPMNA01_0.xyz,valid,VALID
4907,/home/shachar/repos/PorCrystalStructures/data/raw_xyz/xyz/porphyrins/TPPMNA01_1.xyz,metal,NO_METAL
4908,/home/shachar/repos/PorCrystalStructures/data/raw_xyz/xyz/porphyrins/TTPMOO_0.xyz,topolocial,NOT_SATURATED
4909,/home/shachar/repos/PorCrystalStructures/data/raw_xyz/xyz/porphyrins/TTPMOO_1.xyz,metal,NO_METAL
4910,/home/shachar/repos/PorCrystalStructures/data/raw_xyz/xyz/porphyrins/TUBJAB_0.xyz,valid,VALID
4911,/home/shachar/repos/PorCrystalStructures/data/raw_xyz/xyz/porphyrins/TUBJUV_0.xyz,topolocial,NOT_CONNECTED_MOLECULE
4912,/home/shachar/repos/PorCrystalStructures/data/raw_xyz/xyz/porphyrins/TUBNUB_0.xyz,metal,NO_METAL
4913,/home/shachar/repos/PorCrystalStructures/data/raw_xyz/xyz/porphyrins/TUBNUB_1.xyz,metal,NO_METAL
4914,/home/shachar/repos/PorCrystalStructures/data/raw_xyz/xyz/porphyrins/TUBNUB_2.xyz,metal,NO_METAL
4915,/home/shachar/repos/PorCrystalStructures/data/raw_xyz/xyz/porphyrins/TUBNUB_3.xyz,metal,NO_METAL
4916,/home/shachar/repos/PorCrystalStructures/data/raw_xyz/xyz/porphyrins/TUBPUD_0.xyz,charge,MOL_ODD_NUMBER_OF_ELECTRONS
4917,/home/shachar/repos/PorCrystalStructures/data/raw_xyz/xyz/porphyrins/TUBPUD_1.xyz,metal,NO_METAL
4918,/home/shachar/repos/PorCrystalStructures/data/raw_xyz/xyz/porphyrins/TUBPUD_2.xyz,metal,NO_METAL
4919,/home/shachar/repos/PorCrystalStructures/data/raw_xyz/xyz/porphyrins/TUBQAK_0.xyz,topolocial,NOT_CONNECTED_MOLECULE
4920,/home/shachar/repos/PorCrystalStructures/data/raw_xyz/xyz/porphyrins/TUBQEO_0.xyz,metal,NO_METAL
4921,/home/shachar/repos/PorCrystalStructures/data/raw_xyz/xyz/porphyrins/TUBQEO_1.xyz,metal,NO_METAL
4922,/home/shachar/repos/PorCrystalStructures/data/raw_xyz/xyz/porphyrins/TUBQEO_2.xyz,metal,NO_METAL
4923,/home/shachar/repos/PorCrystalStructures/data/raw_xyz/xyz/porphyrins/TUDBEA_0.xyz,topolocial,NOT_CONNECTED_MOLECULE
4924,/home/shachar/repos/PorCrystalStructures/data/raw_xyz/xyz/porphyrins/TUDBIE_0.xyz,topolocial,NOT_CONNECTED_MOLECULE
4925,/home/shachar/repos/PorCrystalStructures/data/raw_xyz/xyz/porphyrins/TUDBIE_1.xyz,metal,NO_METAL
4926,/home/shachar/repos/PorCrystalStructures/data/raw_xyz/xyz/porphyrins/TUDBOK_0.xyz,charge,MOL_ODD_NUMBER_OF_ELECTRONS
4927,/home/shachar/repos/PorCrystalStructures/data/raw_xyz/xyz/porphyrins/TUDBOK_1.xyz,metal,NO_METAL
4928,/home/shachar/repos/PorCrystalStructures/data/raw_xyz/xyz/porphyrins/TUHDEF_0.xyz,metal,NO_METAL
4929,/home/shachar/repos/PorCrystalStructures/data/raw_xyz/xyz/porphyrins/TUHDEF_1.xyz,metal,NO_METAL
4930,/home/shachar/repos/PorCrystalStructures/data/raw_xyz/xyz/porphyrins/TUMFUF_0.xyz,metal,NO_METAL
4931,/home/shachar/repos/PorCrystalStructures/data/raw_xyz/xyz/porphyrins/TUMGAM_0.xyz,topolocial,NOT_CONNECTED_MOLECULE
4932,/home/shachar/repos/PorCrystalStructures/data/raw_xyz/xyz/porphyrins/TUMGAM_1.xyz,metal,NO_METAL
4933,/home/shachar/repos/PorCrystalStructures/data/raw_xyz/xyz/porphyrins/TUMGAM_2.xyz,metal,NO_METAL
4934,/home/shachar/repos/PorCrystalStructures/data/raw_xyz/xyz/porphyrins/TUMGEQ_0.xyz,metal,NO_METAL
4935,/home/shachar/repos/PorCrystalStructures/data/raw_xyz/xyz/porphyrins/TUMGIU_0.xyz,metal,NO_METAL
4936,/home/shachar/repos/PorCrystalStructures/data/raw_xyz/xyz/porphyrins/TUMGOA_0.xyz,metal,NO_METAL
4937,/home/shachar/repos/PorCrystalStructures/data/raw_xyz/xyz/porphyrins/TUMGUG_0.xyz,metal,NO_METAL
4938,/home/shachar/repos/PorCrystalStructures/data/raw_xyz/xyz/porphyrins/TUMHAN_0.xyz,topolocial,NOT_CONNECTED_MOLECULE
4939,/home/shachar/repos/PorCrystalStructures/data/raw_xyz/xyz/porphyrins/TUMHAN_1.xyz,metal,NO_METAL
4940,/home/shachar/repos/PorCrystalStructures/data/raw_xyz/xyz/porphyrins/TURQIH_0.xyz,topolocial,NOT_A_MONOMER
4941,/home/shachar/repos/PorCrystalStructures/data/raw_xyz/xyz/porphyrins/TUSJEW_0.xyz,charge,MOL_ODD_NUMBER_OF_ELECTRONS
4942,/home/shachar/repos/PorCrystalStructures/data/raw_xyz/xyz/porphyrins/TUSJEW_1.xyz,metal,NO_METAL
4943,/home/shachar/repos/PorCrystalStructures/data/raw_xyz/xyz/porphyrins/TUSJEW_2.xyz,metal,NO_METAL
4944,/home/shachar/repos/PorCrystalStructures/data/raw_xyz/xyz/porphyrins/TUSJEW_3.xyz,metal,NO_METAL
4945,/home/shachar/repos/PorCrystalStructures/data/raw_xyz/xyz/porphyrins/TUSREH_0.xyz,metal,NO_METAL
4946,/home/shachar/repos/PorCrystalStructures/data/raw_xyz/xyz/porphyrins/TUXHEZ_0.xyz,topolocial,NOT_CONNECTED_MOLECULE
4947,/home/shachar/repos/PorCrystalStructures/data/raw_xyz/xyz/porphyrins/TUXHEZ_1.xyz,metal,NO_METAL
4948,/home/shachar/repos/PorCrystalStructures/data/raw_xyz/xyz/porphyrins/TUXSOV_0.xyz,metal,NO_METAL
4949,/home/shachar/repos/PorCrystalStructures/data/raw_xyz/xyz/porphyrins/TUXSOV_1.xyz,metal,NO_METAL
4950,/home/shachar/repos/PorCrystalStructures/data/raw_xyz/xyz/porphyrins/TUXSOV_2.xyz,metal,NO_METAL
4951,/home/shachar/repos/PorCrystalStructures/data/raw_xyz/xyz/porphyrins/TUYWOB_0.xyz,metal,NO_METAL
4952,/home/shachar/repos/PorCrystalStructures/data/raw_xyz/xyz/porphyrins/UBECEJ_0.xyz,topolocial,NOT_SATURATED
4953,/home/shachar/repos/PorCrystalStructures/data/raw_xyz/xyz/porphyrins/UBECEJ_1.xyz,metal,NO_METAL
4954,/home/shachar/repos/PorCrystalStructures/data/raw_xyz/xyz/porphyrins/UBECIN_0.xyz,topolocial,NOT_SATURATED
4955,/home/shachar/repos/PorCrystalStructures/data/raw_xyz/xyz/porphyrins/UBECIN_1.xyz,metal,NO_METAL
4956,/home/shachar/repos/PorCrystalStructures/data/raw_xyz/xyz/porphyrins/UBIHEV_0.xyz,topolocial,NOT_CONNECTED_MOLECULE
4957,/home/shachar/repos/PorCrystalStructures/data/raw_xyz/xyz/porphyrins/UBIHEV_1.xyz,metal,NO_METAL
4958,/home/shachar/repos/PorCrystalStructures/data/raw_xyz/xyz/porphyrins/UBIHEV_2.xyz,metal,NO_METAL
4959,/home/shachar/repos/PorCrystalStructures/data/raw_xyz/xyz/porphyrins/UBIQAZ_0.xyz,topolocial,NOT_CONNECTED_MOLECULE
4960,/home/shachar/repos/PorCrystalStructures/data/raw_xyz/xyz/porphyrins/UBIQAZ_1.xyz,metal,NO_METAL
4961,/home/shachar/repos/PorCrystalStructures/data/raw_xyz/xyz/porphyrins/UBIQAZ_2.xyz,metal,NO_METAL
4962,/home/shachar/repos/PorCrystalStructures/data/raw_xyz/xyz/porphyrins/UBIQED_0.xyz,topolocial,NOT_CONNECTED_MOLECULE
4963,/home/shachar/repos/PorCrystalStructures/data/raw_xyz/xyz/porphyrins/UBIQED_1.xyz,metal,NO_METAL
4964,/home/shachar/repos/PorCrystalStructures/data/raw_xyz/xyz/porphyrins/UCEXOR_0.xyz,metal,NO_METAL
4965,/home/shachar/repos/PorCrystalStructures/data/raw_xyz/xyz/porphyrins/UCEYEK_0.xyz,charge,TOO_LARGE_COUNTER_MOL
4966,/home/shachar/repos/PorCrystalStructures/data/raw_xyz/xyz/porphyrins/UCEYEK_1.xyz,metal,NO_METAL
4967,/home/shachar/repos/PorCrystalStructures/data/raw_xyz/xyz/porphyrins/UCIBUD01_0.xyz,valid,VALID
4968,/home/shachar/repos/PorCrystalStructures/data/raw_xyz/xyz/porphyrins/UCIFET_0.xyz,topolocial,NOT_A_MONOMER
4969,/home/shachar/repos/PorCrystalStructures/data/raw_xyz/xyz/porphyrins/UCIFET_1.xyz,topolocial,NOT_A_MONOMER
4970,/home/shachar/repos/PorCrystalStructures/data/raw_xyz/xyz/porphyrins/UCILIE_0.xyz,topolocial,NOT_A_MONOMER
4971,/home/shachar/repos/PorCrystalStructures/data/raw_xyz/xyz/porphyrins/UCILIE_1.xyz,metal,NO_METAL
4972,/home/shachar/repos/PorCrystalStructures/data/raw_xyz/xyz/porphyrins/UCOBOE_0.xyz,topolocial,NOT_CONNECTED_MOLECULE
4973,/home/shachar/repos/PorCrystalStructures/data/raw_xyz/xyz/porphyrins/UCOTAJ_0.xyz,metal,NO_METAL
4974,/home/shachar/repos/PorCrystalStructures/data/raw_xyz/xyz/porphyrins/UCOTAJ_1.xyz,metal,NO_METAL
4975,/home/shachar/repos/PorCrystalStructures/data/raw_xyz/xyz/porphyrins/UCOTAJ_2.xyz,metal,NO_METAL
4976,/home/shachar/repos/PorCrystalStructures/data/raw_xyz/xyz/porphyrins/UCOTAJ_3.xyz,metal,NO_METAL
4977,/home/shachar/repos/PorCrystalStructures/data/raw_xyz/xyz/porphyrins/UCOTAJ_4.xyz,metal,NO_METAL
4978,/home/shachar/repos/PorCrystalStructures/data/raw_xyz/xyz/porphyrins/UCOTAJ_5.xyz,metal,NO_METAL
4979,/home/shachar/repos/PorCrystalStructures/data/raw_xyz/xyz/porphyrins/UCUPOZ_0.xyz,metal,NO_METAL
4980,/home/shachar/repos/PorCrystalStructures/data/raw_xyz/xyz/porphyrins/UCUPOZ_1.xyz,metal,NO_METAL
4981,/home/shachar/repos/PorCrystalStructures/data/raw_xyz/xyz/porphyrins/UCUVOH_0.xyz,metal,NO_METAL
4982,/home/shachar/repos/PorCrystalStructures/data/raw_xyz/xyz/porphyrins/UCUVOH_1.xyz,metal,NO_METAL
4983,/home/shachar/repos/PorCrystalStructures/data/raw_xyz/xyz/porphyrins/UCUVOH_2.xyz,metal,NO_METAL
4984,/home/shachar/repos/PorCrystalStructures/data/raw_xyz/xyz/porphyrins/UDADEI_0.xyz,topolocial,NOT_SATURATED
4985,/home/shachar/repos/PorCrystalStructures/data/raw_xyz/xyz/porphyrins/UDADEI_1.xyz,metal,NO_METAL
4986,/home/shachar/repos/PorCrystalStructures/data/raw_xyz/xyz/porphyrins/UDADIM_0.xyz,topolocial,NOT_CONNECTED_MOLECULE
4987,/home/shachar/repos/PorCrystalStructures/data/raw_xyz/xyz/porphyrins/UDADIM_1.xyz,metal,NO_METAL
4988,/home/shachar/repos/PorCrystalStructures/data/raw_xyz/xyz/porphyrins/UDERUR_0.xyz,metal,NO_METAL
4989,/home/shachar/repos/PorCrystalStructures/data/raw_xyz/xyz/porphyrins/UDIBOZ_0.xyz,topolocial,NOT_A_MONOMER
4990,/home/shachar/repos/PorCrystalStructures/data/raw_xyz/xyz/porphyrins/UDIBOZ_1.xyz,metal,NO_METAL
4991,/home/shachar/repos/PorCrystalStructures/data/raw_xyz/xyz/porphyrins/UDOKOO_0.xyz,topolocial,BIDENTATE_MACROCYCLE_SUBS
4992,/home/shachar/repos/PorCrystalStructures/data/raw_xyz/xyz/porphyrins/UDUKOT_0.xyz,metal,NO_METAL
4993,/home/shachar/repos/PorCrystalStructures/data/raw_xyz/xyz/porphyrins/UDUKOT_1.xyz,metal,NO_METAL
4994,/home/shachar/repos/PorCrystalStructures/data/raw_xyz/xyz/porphyrins/UFAFOW_0.xyz,metal,NO_METAL
4995,/home/shachar/repos/PorCrystalStructures/data/raw_xyz/xyz/porphyrins/UFAFOW_1.xyz,metal,NO_METAL
4996,/home/shachar/repos/PorCrystalStructures/data/raw_xyz/xyz/porphyrins/UFAFOW_2.xyz,metal,NO_METAL
4997,/home/shachar/repos/PorCrystalStructures/data/raw_xyz/xyz/porphyrins/UFAQIB_0.xyz,charge,MOL_ODD_NUMBER_OF_ELECTRONS
4998,/home/shachar/repos/PorCrystalStructures/data/raw_xyz/xyz/porphyrins/UFAQOH_0.xyz,topolocial,NOT_CONNECTED_MOLECULE
4999,/home/shachar/repos/PorCrystalStructures/data/raw_xyz/xyz/porphyrins/UFISOU_0.xyz,topolocial,NOT_CONNECTED_MOLECULE
5000,/home/shachar/repos/PorCrystalStructures/data/raw_xyz/xyz/porphyrins/UFISUA_0.xyz,valid,VALID
5001,/home/shachar/repos/PorCrystalStructures/data/raw_xyz/xyz/porphyrins/UFISUA_1.xyz,metal,NO_METAL
5002,/home/shachar/repos/PorCrystalStructures/data/raw_xyz/xyz/porphyrins/UFUQAN01_0.xyz,charge,TOO_LARGE_COUNTER_MOL
5003,/home/shachar/repos/PorCrystalStructures/data/raw_xyz/xyz/porphyrins/UFUQAN01_1.xyz,metal,NO_METAL
5004,/home/shachar/repos/PorCrystalStructures/data/raw_xyz/xyz/porphyrins/UFUQAN01_2.xyz,metal,NO_METAL
5005,/home/shachar/repos/PorCrystalStructures/data/raw_xyz/xyz/porphyrins/UFUQAN02_0.xyz,charge,TOO_LARGE_COUNTER_MOL
5006,/home/shachar/repos/PorCrystalStructures/data/raw_xyz/xyz/porphyrins/UFUQAN02_1.xyz,metal,NO_METAL
5007,/home/shachar/repos/PorCrystalStructures/data/raw_xyz/xyz/porphyrins/UFUQAN02_2.xyz,metal,NO_METAL
5008,/home/shachar/repos/PorCrystalStructures/data/raw_xyz/xyz/porphyrins/UFUQAN03_0.xyz,charge,TOO_LARGE_COUNTER_MOL
5009,/home/shachar/repos/PorCrystalStructures/data/raw_xyz/xyz/porphyrins/UFUQAN03_1.xyz,metal,NO_METAL
5010,/home/shachar/repos/PorCrystalStructures/data/raw_xyz/xyz/porphyrins/UFUQAN03_2.xyz,metal,NO_METAL
5011,/home/shachar/repos/PorCrystalStructures/data/raw_xyz/xyz/porphyrins/UFUQAN04_0.xyz,charge,TOO_LARGE_COUNTER_MOL
5012,/home/shachar/repos/PorCrystalStructures/data/raw_xyz/xyz/porphyrins/UFUQAN04_1.xyz,metal,NO_METAL
5013,/home/shachar/repos/PorCrystalStructures/data/raw_xyz/xyz/porphyrins/UFUQAN04_2.xyz,metal,NO_METAL
5014,/home/shachar/repos/PorCrystalStructures/data/raw_xyz/xyz/porphyrins/UFUQAN_0.xyz,charge,TOO_LARGE_COUNTER_MOL
5015,/home/shachar/repos/PorCrystalStructures/data/raw_xyz/xyz/porphyrins/UFUQAN_1.xyz,metal,NO_METAL
5016,/home/shachar/repos/PorCrystalStructures/data/raw_xyz/xyz/porphyrins/UFUQAN_2.xyz,metal,NO_METAL
5017,/home/shachar/repos/PorCrystalStructures/data/raw_xyz/xyz/porphyrins/UFUQER_0.xyz,charge,TOO_LARGE_COUNTER_MOL
5018,/home/shachar/repos/PorCrystalStructures/data/raw_xyz/xyz/porphyrins/UFUQER_1.xyz,metal,NO_METAL
5019,/home/shachar/repos/PorCrystalStructures/data/raw_xyz/xyz/porphyrins/UFUQER_2.xyz,metal,NO_METAL
5020,/home/shachar/repos/PorCrystalStructures/data/raw_xyz/xyz/porphyrins/UFUQER_3.xyz,metal,NO_METAL
5021,/home/shachar/repos/PorCrystalStructures/data/raw_xyz/xyz/porphyrins/UGINEE_0.xyz,topolocial,BIDENTATE_MACROCYCLE_SUBS
5022,/home/shachar/repos/PorCrystalStructures/data/raw_xyz/xyz/porphyrins/UGINII_0.xyz,topolocial,BIDENTATE_MACROCYCLE_SUBS
5023,/home/shachar/repos/PorCrystalStructures/data/raw_xyz/xyz/porphyrins/UGINOO_0.xyz,topolocial,BIDENTATE_MACROCYCLE_SUBS
5024,/home/shachar/repos/PorCrystalStructures/data/raw_xyz/xyz/porphyrins/UGIPEG_0.xyz,topolocial,NOT_A_MONOMER
5025,/home/shachar/repos/PorCrystalStructures/data/raw_xyz/xyz/porphyrins/UGIQAD_0.xyz,topolocial,NOT_A_MONOMER
5026,/home/shachar/repos/PorCrystalStructures/data/raw_xyz/xyz/porphyrins/UGIQEH_0.xyz,topolocial,NOT_A_MONOMER
5027,/home/shachar/repos/PorCrystalStructures/data/raw_xyz/xyz/porphyrins/UGIRIM_0.xyz,metal,NO_METAL
5028,/home/shachar/repos/PorCrystalStructures/data/raw_xyz/xyz/porphyrins/UGIROS_0.xyz,metal,NO_METAL
5029,/home/shachar/repos/PorCrystalStructures/data/raw_xyz/xyz/porphyrins/UGIROS_1.xyz,metal,NO_METAL
5030,/home/shachar/repos/PorCrystalStructures/data/raw_xyz/xyz/porphyrins/UGIROS_2.xyz,metal,NO_METAL
5031,/home/shachar/repos/PorCrystalStructures/data/raw_xyz/xyz/porphyrins/UGIRUY_0.xyz,topolocial,NOT_CONNECTED_MOLECULE
5032,/home/shachar/repos/PorCrystalStructures/data/raw_xyz/xyz/porphyrins/UGUHOV_0.xyz,valid,VALID
5033,/home/shachar/repos/PorCrystalStructures/data/raw_xyz/xyz/porphyrins/UGUQOD_0.xyz,topolocial,DOESNT_HAVE_METAL
5034,/home/shachar/repos/PorCrystalStructures/data/raw_xyz/xyz/porphyrins/UGUQOD_1.xyz,metal,NO_METAL
5035,/home/shachar/repos/PorCrystalStructures/data/raw_xyz/xyz/porphyrins/UGUQUJ_0.xyz,topolocial,NOT_CONNECTED_MOLECULE
5036,/home/shachar/repos/PorCrystalStructures/data/raw_xyz/xyz/porphyrins/UGUQUJ_1.xyz,metal,NO_METAL
5037,/home/shachar/repos/PorCrystalStructures/data/raw_xyz/xyz/porphyrins/UHAQOM_0.xyz,metal,NO_METAL
5038,/home/shachar/repos/PorCrystalStructures/data/raw_xyz/xyz/porphyrins/UHAQUS_0.xyz,metal,NO_METAL
5039,/home/shachar/repos/PorCrystalStructures/data/raw_xyz/xyz/porphyrins/UHAQUS_1.xyz,metal,NO_METAL
5040,/home/shachar/repos/PorCrystalStructures/data/raw_xyz/xyz/porphyrins/UHETAF_0.xyz,topolocial,NOT_A_MONOMER
5041,/home/shachar/repos/PorCrystalStructures/data/raw_xyz/xyz/porphyrins/UHEWOT_0.xyz,metal,NO_METAL
5042,/home/shachar/repos/PorCrystalStructures/data/raw_xyz/xyz/porphyrins/UHEWOT_1.xyz,metal,NO_METAL
5043,/home/shachar/repos/PorCrystalStructures/data/raw_xyz/xyz/porphyrins/UHUVID_0.xyz,topolocial,NOT_CONNECTED_MOLECULE
5044,/home/shachar/repos/PorCrystalStructures/data/raw_xyz/xyz/porphyrins/UHUVID_1.xyz,metal,NO_METAL
5045,/home/shachar/repos/PorCrystalStructures/data/raw_xyz/xyz/porphyrins/UHUVID_2.xyz,metal,NO_METAL
5046,/home/shachar/repos/PorCrystalStructures/data/raw_xyz/xyz/porphyrins/UJEMAX_0.xyz,topolocial,NOT_CONNECTED_MOLECULE
5047,/home/shachar/repos/PorCrystalStructures/data/raw_xyz/xyz/porphyrins/UJEMAX_1.xyz,metal,NO_METAL
5048,/home/shachar/repos/PorCrystalStructures/data/raw_xyz/xyz/porphyrins/UJILIK_0.xyz,topolocial,NOT_CONNECTED_MOLECULE
5049,/home/shachar/repos/PorCrystalStructures/data/raw_xyz/xyz/porphyrins/UJILOQ_0.xyz,topolocial,NOT_CONNECTED_MOLECULE
5050,/home/shachar/repos/PorCrystalStructures/data/raw_xyz/xyz/porphyrins/UJILUW_0.xyz,topolocial,NOT_CONNECTED_MOLECULE
5051,/home/shachar/repos/PorCrystalStructures/data/raw_xyz/xyz/porphyrins/UJITIQ_0.xyz,topolocial,NOT_A_MONOMER
5052,/home/shachar/repos/PorCrystalStructures/data/raw_xyz/xyz/porphyrins/UJITIQ_1.xyz,metal,NO_METAL
5053,/home/shachar/repos/PorCrystalStructures/data/raw_xyz/xyz/porphyrins/UJITOW_0.xyz,topolocial,NOT_A_MONOMER
5054,/home/shachar/repos/PorCrystalStructures/data/raw_xyz/xyz/porphyrins/UJITOW_1.xyz,metal,NO_METAL
5055,/home/shachar/repos/PorCrystalStructures/data/raw_xyz/xyz/porphyrins/UJITOW_2.xyz,metal,NO_METAL
5056,/home/shachar/repos/PorCrystalStructures/data/raw_xyz/xyz/porphyrins/UJUFOV_0.xyz,topolocial,BIDENTATE_MACROCYCLE_SUBS
5057,/home/shachar/repos/PorCrystalStructures/data/raw_xyz/xyz/porphyrins/UJUFUB_0.xyz,topolocial,BIDENTATE_MACROCYCLE_SUBS
5058,/home/shachar/repos/PorCrystalStructures/data/raw_xyz/xyz/porphyrins/UJUFUB_1.xyz,metal,NO_METAL
5059,/home/shachar/repos/PorCrystalStructures/data/raw_xyz/xyz/porphyrins/UKACUE_0.xyz,topolocial,NOT_A_MONOMER
5060,/home/shachar/repos/PorCrystalStructures/data/raw_xyz/xyz/porphyrins/UKADAL_0.xyz,topolocial,HAS_MORE_THAN_4_PYRROLES
5061,/home/shachar/repos/PorCrystalStructures/data/raw_xyz/xyz/porphyrins/UKAKAT_0.xyz,topolocial,NOT_A_MONOMER
5062,/home/shachar/repos/PorCrystalStructures/data/raw_xyz/xyz/porphyrins/UKAKAT_1.xyz,metal,NO_METAL
5063,/home/shachar/repos/PorCrystalStructures/data/raw_xyz/xyz/porphyrins/UKETAG_0.xyz,topolocial,NOT_A_MONOMER
5064,/home/shachar/repos/PorCrystalStructures/data/raw_xyz/xyz/porphyrins/UKETAG_1.xyz,metal,NO_METAL
5065,/home/shachar/repos/PorCrystalStructures/data/raw_xyz/xyz/porphyrins/UKEXIR_0.xyz,topolocial,NOT_A_MONOMER
5066,/home/shachar/repos/PorCrystalStructures/data/raw_xyz/xyz/porphyrins/UKEXOX_0.xyz,topolocial,NOT_CONNECTED_MOLECULE
5067,/home/shachar/repos/PorCrystalStructures/data/raw_xyz/xyz/porphyrins/UKEXOX_1.xyz,metal,NO_METAL
5068,/home/shachar/repos/PorCrystalStructures/data/raw_xyz/xyz/porphyrins/UKOPER_0.xyz,topolocial,NOT_A_MONOMER
5069,/home/shachar/repos/PorCrystalStructures/data/raw_xyz/xyz/porphyrins/UKOPIV_0.xyz,metal,NO_METAL
5070,/home/shachar/repos/PorCrystalStructures/data/raw_xyz/xyz/porphyrins/UKOPIV_1.xyz,metal,NO_METAL
5071,/home/shachar/repos/PorCrystalStructures/data/raw_xyz/xyz/porphyrins/UKOPOB_0.xyz,metal,NO_METAL
5072,/home/shachar/repos/PorCrystalStructures/data/raw_xyz/xyz/porphyrins/UKOPOB_1.xyz,metal,NO_METAL
5073,/home/shachar/repos/PorCrystalStructures/data/raw_xyz/xyz/porphyrins/UKOPOB_2.xyz,metal,NO_METAL
5074,/home/shachar/repos/PorCrystalStructures/data/raw_xyz/xyz/porphyrins/UKOPUH_0.xyz,metal,NO_METAL
5075,/home/shachar/repos/PorCrystalStructures/data/raw_xyz/xyz/porphyrins/UKOQAO_0.xyz,metal,NO_METAL
5076,/home/shachar/repos/PorCrystalStructures/data/raw_xyz/xyz/porphyrins/UKOQES_0.xyz,metal,NO_METAL
5077,/home/shachar/repos/PorCrystalStructures/data/raw_xyz/xyz/porphyrins/UKOQES_1.xyz,metal,NO_METAL
5078,/home/shachar/repos/PorCrystalStructures/data/raw_xyz/xyz/porphyrins/UKOQES_2.xyz,metal,NO_METAL
5079,/home/shachar/repos/PorCrystalStructures/data/raw_xyz/xyz/porphyrins/UKOQES_3.xyz,metal,NO_METAL
5080,/home/shachar/repos/PorCrystalStructures/data/raw_xyz/xyz/porphyrins/UKOQES_4.xyz,metal,NO_METAL
5081,/home/shachar/repos/PorCrystalStructures/data/raw_xyz/xyz/porphyrins/UKOQES_5.xyz,metal,NO_METAL
5082,/home/shachar/repos/PorCrystalStructures/data/raw_xyz/xyz/porphyrins/UKOQIW_0.xyz,metal,NO_METAL
5083,/home/shachar/repos/PorCrystalStructures/data/raw_xyz/xyz/porphyrins/UKOQIW_1.xyz,metal,NO_METAL
5084,/home/shachar/repos/PorCrystalStructures/data/raw_xyz/xyz/porphyrins/UKOQOC_0.xyz,topolocial,HAS_MORE_THAN_4_PYRROLES
5085,/home/shachar/repos/PorCrystalStructures/data/raw_xyz/xyz/porphyrins/UKOQOC_1.xyz,metal,NO_METAL
5086,/home/shachar/repos/PorCrystalStructures/data/raw_xyz/xyz/porphyrins/ULAJOJ_0.xyz,topolocial,NOT_CONNECTED_MOLECULE
5087,/home/shachar/repos/PorCrystalStructures/data/raw_xyz/xyz/porphyrins/ULUQID02_0.xyz,metal,NO_METAL
5088,/home/shachar/repos/PorCrystalStructures/data/raw_xyz/xyz/porphyrins/ULUQID02_1.xyz,metal,NO_METAL
5089,/home/shachar/repos/PorCrystalStructures/data/raw_xyz/xyz/porphyrins/ULUQID_0.xyz,metal,NO_METAL
5090,/home/shachar/repos/PorCrystalStructures/data/raw_xyz/xyz/porphyrins/ULUQID_1.xyz,metal,NO_METAL
5091,/home/shachar/repos/PorCrystalStructures/data/raw_xyz/xyz/porphyrins/ULUQID_2.xyz,metal,NO_METAL
5092,/home/shachar/repos/PorCrystalStructures/data/raw_xyz/xyz/porphyrins/UMIFIF_0.xyz,topolocial,NOT_A_MONOMER
5093,/home/shachar/repos/PorCrystalStructures/data/raw_xyz/xyz/porphyrins/UMIHOP_0.xyz,topolocial,NOT_A_MONOMER
5094,/home/shachar/repos/PorCrystalStructures/data/raw_xyz/xyz/porphyrins/UMIHOP_1.xyz,metal,NO_METAL
5095,/home/shachar/repos/PorCrystalStructures/data/raw_xyz/xyz/porphyrins/UMIHOP_2.xyz,metal,NO_METAL
5096,/home/shachar/repos/PorCrystalStructures/data/raw_xyz/xyz/porphyrins/UMIHUV_0.xyz,topolocial,NOT_CONNECTED_MOLECULE
5097,/home/shachar/repos/PorCrystalStructures/data/raw_xyz/xyz/porphyrins/UMOQAP_0.xyz,valid,VALID
5098,/home/shachar/repos/PorCrystalStructures/data/raw_xyz/xyz/porphyrins/UMOQAP_1.xyz,metal,NO_METAL
5099,/home/shachar/repos/PorCrystalStructures/data/raw_xyz/xyz/porphyrins/UMOWEB_0.xyz,metal,NO_METAL
5100,/home/shachar/repos/PorCrystalStructures/data/raw_xyz/xyz/porphyrins/UMOWEB_1.xyz,metal,NO_METAL
5101,/home/shachar/repos/PorCrystalStructures/data/raw_xyz/xyz/porphyrins/UMOWEB_2.xyz,metal,NO_METAL
5102,/home/shachar/repos/PorCrystalStructures/data/raw_xyz/xyz/porphyrins/UMUNIB_0.xyz,metal,NO_METAL
5103,/home/shachar/repos/PorCrystalStructures/data/raw_xyz/xyz/porphyrins/UMUNIB_1.xyz,metal,NO_METAL
5104,/home/shachar/repos/PorCrystalStructures/data/raw_xyz/xyz/porphyrins/UMUNIB_2.xyz,metal,NO_METAL
5105,/home/shachar/repos/PorCrystalStructures/data/raw_xyz/xyz/porphyrins/UMUPAV_0.xyz,metal,NO_METAL
5106,/home/shachar/repos/PorCrystalStructures/data/raw_xyz/xyz/porphyrins/UMUPAV_1.xyz,metal,NO_METAL
5107,/home/shachar/repos/PorCrystalStructures/data/raw_xyz/xyz/porphyrins/UMUPAV_2.xyz,metal,NO_METAL
5108,/home/shachar/repos/PorCrystalStructures/data/raw_xyz/xyz/porphyrins/UMUPEZ_0.xyz,metal,NO_METAL
5109,/home/shachar/repos/PorCrystalStructures/data/raw_xyz/xyz/porphyrins/UMUPEZ_1.xyz,metal,NO_METAL
5110,/home/shachar/repos/PorCrystalStructures/data/raw_xyz/xyz/porphyrins/UMUPEZ_2.xyz,metal,NO_METAL
5111,/home/shachar/repos/PorCrystalStructures/data/raw_xyz/xyz/porphyrins/UMUPEZ_3.xyz,metal,NO_METAL
5112,/home/shachar/repos/PorCrystalStructures/data/raw_xyz/xyz/porphyrins/UNUJEV_0.xyz,charge,TOO_LARGE_COUNTER_MOL
5113,/home/shachar/repos/PorCrystalStructures/data/raw_xyz/xyz/porphyrins/UNUJEV_1.xyz,metal,NO_METAL
5114,/home/shachar/repos/PorCrystalStructures/data/raw_xyz/xyz/porphyrins/UNUJEV_2.xyz,metal,NO_METAL
5115,/home/shachar/repos/PorCrystalStructures/data/raw_xyz/xyz/porphyrins/UNUJEV_3.xyz,metal,NO_METAL
5116,/home/shachar/repos/PorCrystalStructures/data/raw_xyz/xyz/porphyrins/UPIQUG_0.xyz,metal,NO_METAL
5117,/home/shachar/repos/PorCrystalStructures/data/raw_xyz/xyz/porphyrins/UPIRAN_0.xyz,metal,NO_METAL
5118,/home/shachar/repos/PorCrystalStructures/data/raw_xyz/xyz/porphyrins/UPIRER_0.xyz,metal,NO_METAL
5119,/home/shachar/repos/PorCrystalStructures/data/raw_xyz/xyz/porphyrins/UPIRIV_0.xyz,metal,NO_METAL
5120,/home/shachar/repos/PorCrystalStructures/data/raw_xyz/xyz/porphyrins/UPIRIV_1.xyz,metal,NO_METAL
5121,/home/shachar/repos/PorCrystalStructures/data/raw_xyz/xyz/porphyrins/UPOTEZ_0.xyz,charge,MOL_ODD_NUMBER_OF_ELECTRONS
5122,/home/shachar/repos/PorCrystalStructures/data/raw_xyz/xyz/porphyrins/UPOTEZ_1.xyz,metal,NO_METAL
5123,/home/shachar/repos/PorCrystalStructures/data/raw_xyz/xyz/porphyrins/UQACOF_0.xyz,topolocial,HAS_MORE_THAN_4_PYRROLES
5124,/home/shachar/repos/PorCrystalStructures/data/raw_xyz/xyz/porphyrins/UQACOF_1.xyz,metal,NO_METAL
5125,/home/shachar/repos/PorCrystalStructures/data/raw_xyz/xyz/porphyrins/UQACOF_2.xyz,metal,NO_METAL
5126,/home/shachar/repos/PorCrystalStructures/data/raw_xyz/xyz/porphyrins/UQIDAC_0.xyz,valid,VALID
5127,/home/shachar/repos/PorCrystalStructures/data/raw_xyz/xyz/porphyrins/UQIFEI_0.xyz,valid,VALID
5128,/home/shachar/repos/PorCrystalStructures/data/raw_xyz/xyz/porphyrins/UQIWEZ_0.xyz,topolocial,NOT_CONNECTED_MOLECULE
5129,/home/shachar/repos/PorCrystalStructures/data/raw_xyz/xyz/porphyrins/UQUQAA_0.xyz,valid,VALID
5130,/home/shachar/repos/PorCrystalStructures/data/raw_xyz/xyz/porphyrins/UQUQAA_1.xyz,metal,NO_METAL
5131,/home/shachar/repos/PorCrystalStructures/data/raw_xyz/xyz/porphyrins/UROFUD_0.xyz,topolocial,NOT_CONNECTED_MOLECULE
5132,/home/shachar/repos/PorCrystalStructures/data/raw_xyz/xyz/porphyrins/UROFUD_1.xyz,metal,NO_METAL
5133,/home/shachar/repos/PorCrystalStructures/data/raw_xyz/xyz/porphyrins/UROFUD_2.xyz,metal,NO_METAL
5134,/home/shachar/repos/PorCrystalStructures/data/raw_xyz/xyz/porphyrins/UROFUD_3.xyz,metal,NO_METAL
5135,/home/shachar/repos/PorCrystalStructures/data/raw_xyz/xyz/porphyrins/UROGAK_0.xyz,topolocial,NOT_CONNECTED_MOLECULE
5136,/home/shachar/repos/PorCrystalStructures/data/raw_xyz/xyz/porphyrins/USIVAV_0.xyz,valid,VALID
5137,/home/shachar/repos/PorCrystalStructures/data/raw_xyz/xyz/porphyrins/USULUR_0.xyz,valid,VALID
5138,/home/shachar/repos/PorCrystalStructures/data/raw_xyz/xyz/porphyrins/UTATEP_0.xyz,metal,NO_METAL
5139,/home/shachar/repos/PorCrystalStructures/data/raw_xyz/xyz/porphyrins/UTATEP_1.xyz,metal,NO_METAL
5140,/home/shachar/repos/PorCrystalStructures/data/raw_xyz/xyz/porphyrins/UTEJIN_0.xyz,topolocial,NOT_CONNECTED_MOLECULE
5141,/home/shachar/repos/PorCrystalStructures/data/raw_xyz/xyz/porphyrins/UTEJIN_1.xyz,metal,NO_METAL
5142,/home/shachar/repos/PorCrystalStructures/data/raw_xyz/xyz/porphyrins/UTEWEY_0.xyz,metal,NO_METAL
5143,/home/shachar/repos/PorCrystalStructures/data/raw_xyz/xyz/porphyrins/UTEXAV_0.xyz,metal,NO_METAL
5144,/home/shachar/repos/PorCrystalStructures/data/raw_xyz/xyz/porphyrins/UTEXID_0.xyz,valid,VALID
5145,/home/shachar/repos/PorCrystalStructures/data/raw_xyz/xyz/porphyrins/UTEYIE_0.xyz,valid,VALID
5146,/home/shachar/repos/PorCrystalStructures/data/raw_xyz/xyz/porphyrins/UVUCIY_0.xyz,valid,VALID
5147,/home/shachar/repos/PorCrystalStructures/data/raw_xyz/xyz/porphyrins/UVUCIY_1.xyz,metal,NO_METAL
5148,/home/shachar/repos/PorCrystalStructures/data/raw_xyz/xyz/porphyrins/UVUCOE_0.xyz,valid,VALID
5149,/home/shachar/repos/PorCrystalStructures/data/raw_xyz/xyz/porphyrins/UVUCOE_1.xyz,metal,NO_METAL
5150,/home/shachar/repos/PorCrystalStructures/data/raw_xyz/xyz/porphyrins/UVUKEC_0.xyz,topolocial,NOT_CONNECTED_MOLECULE
5151,/home/shachar/repos/PorCrystalStructures/data/raw_xyz/xyz/porphyrins/UVUKEC_1.xyz,metal,NO_METAL
5152,/home/shachar/repos/PorCrystalStructures/data/raw_xyz/xyz/porphyrins/UVUKIG_0.xyz,topolocial,NOT_CONNECTED_MOLECULE
5153,/home/shachar/repos/PorCrystalStructures/data/raw_xyz/xyz/porphyrins/UVUKIG_1.xyz,metal,NO_METAL
5154,/home/shachar/repos/PorCrystalStructures/data/raw_xyz/xyz/porphyrins/UWAZIC_0.xyz,topolocial,NOT_CONNECTED_MOLECULE
5155,/home/shachar/repos/PorCrystalStructures/data/raw_xyz/xyz/porphyrins/UWAZIC_1.xyz,metal,NO_METAL
5156,/home/shachar/repos/PorCrystalStructures/data/raw_xyz/xyz/porphyrins/UWOCAL_0.xyz,metal,NO_METAL
5157,/home/shachar/repos/PorCrystalStructures/data/raw_xyz/xyz/porphyrins/UWOCAL_1.xyz,metal,NO_METAL
5158,/home/shachar/repos/PorCrystalStructures/data/raw_xyz/xyz/porphyrins/UWUVIS_0.xyz,metal,NO_METAL
5159,/home/shachar/repos/PorCrystalStructures/data/raw_xyz/xyz/porphyrins/UWUVOY_0.xyz,valence,BAD VALENCE
5160,/home/shachar/repos/PorCrystalStructures/data/raw_xyz/xyz/porphyrins/UXODIW_0.xyz,metal,NO_METAL
5161,/home/shachar/repos/PorCrystalStructures/data/raw_xyz/xyz/porphyrins/UXODOC_0.xyz,metal,NO_METAL
5162,/home/shachar/repos/PorCrystalStructures/data/raw_xyz/xyz/porphyrins/UYUVAM_0.xyz,topolocial,HAS_MORE_THAN_4_PYRROLES
5163,/home/shachar/repos/PorCrystalStructures/data/raw_xyz/xyz/porphyrins/UYUVAM_1.xyz,metal,NO_METAL
5164,/home/shachar/repos/PorCrystalStructures/data/raw_xyz/xyz/porphyrins/UYUVAM_2.xyz,metal,NO_METAL
5165,/home/shachar/repos/PorCrystalStructures/data/raw_xyz/xyz/porphyrins/UYUVAM_3.xyz,metal,NO_METAL
5166,/home/shachar/repos/PorCrystalStructures/data/raw_xyz/xyz/porphyrins/UYUVAM_4.xyz,metal,NO_METAL
5167,/home/shachar/repos/PorCrystalStructures/data/raw_xyz/xyz/porphyrins/UYUVAM_5.xyz,metal,NO_METAL
5168,/home/shachar/repos/PorCrystalStructures/data/raw_xyz/xyz/porphyrins/VACQEV_0.xyz,topolocial,NOT_CONNECTED_MOLECULE
5169,/home/shachar/repos/PorCrystalStructures/data/raw_xyz/xyz/porphyrins/VACQEV_1.xyz,metal,NO_METAL
5170,/home/shachar/repos/PorCrystalStructures/data/raw_xyz/xyz/porphyrins/VACQEV_2.xyz,metal,NO_METAL
5171,/home/shachar/repos/PorCrystalStructures/data/raw_xyz/xyz/porphyrins/VACQUL_0.xyz,valid,VALID
5172,/home/shachar/repos/PorCrystalStructures/data/raw_xyz/xyz/porphyrins/VADFIR_0.xyz,topolocial,NOT_CONNECTED_MOLECULE
5173,/home/shachar/repos/PorCrystalStructures/data/raw_xyz/xyz/porphyrins/VADFIR_1.xyz,metal,NO_METAL
5174,/home/shachar/repos/PorCrystalStructures/data/raw_xyz/xyz/porphyrins/VADJOD_0.xyz,topolocial,NOT_CONNECTED_MOLECULE
5175,/home/shachar/repos/PorCrystalStructures/data/raw_xyz/xyz/porphyrins/VADJOD_1.xyz,metal,NO_METAL
5176,/home/shachar/repos/PorCrystalStructures/data/raw_xyz/xyz/porphyrins/VADJOD_2.xyz,metal,NO_METAL
5177,/home/shachar/repos/PorCrystalStructures/data/raw_xyz/xyz/porphyrins/VAFFUH_0.xyz,topolocial,NOT_CONNECTED_MOLECULE
5178,/home/shachar/repos/PorCrystalStructures/data/raw_xyz/xyz/porphyrins/VAFFUH_1.xyz,charge,TOO_LARGE_COUNTER_MOL
5179,/home/shachar/repos/PorCrystalStructures/data/raw_xyz/xyz/porphyrins/VAFFUH_2.xyz,metal,NO_METAL
5180,/home/shachar/repos/PorCrystalStructures/data/raw_xyz/xyz/porphyrins/VAFFUH_3.xyz,metal,NO_METAL
5181,/home/shachar/repos/PorCrystalStructures/data/raw_xyz/xyz/porphyrins/VAFGAO_0.xyz,topolocial,NOT_A_MONOMER
5182,/home/shachar/repos/PorCrystalStructures/data/raw_xyz/xyz/porphyrins/VAFGAO_1.xyz,charge,TOO_LARGE_COUNTER_MOL
5183,/home/shachar/repos/PorCrystalStructures/data/raw_xyz/xyz/porphyrins/VAFGAO_2.xyz,metal,NO_METAL
5184,/home/shachar/repos/PorCrystalStructures/data/raw_xyz/xyz/porphyrins/VAFGAO_3.xyz,metal,NO_METAL
5185,/home/shachar/repos/PorCrystalStructures/data/raw_xyz/xyz/porphyrins/VAFQAU_0.xyz,charge,MOL_ODD_NUMBER_OF_ELECTRONS
5186,/home/shachar/repos/PorCrystalStructures/data/raw_xyz/xyz/porphyrins/VAFQEY_0.xyz,valid,VALID
5187,/home/shachar/repos/PorCrystalStructures/data/raw_xyz/xyz/porphyrins/VAFQIC_0.xyz,valid,VALID
5188,/home/shachar/repos/PorCrystalStructures/data/raw_xyz/xyz/porphyrins/VAFTUR_0.xyz,valid,VALID
5189,/home/shachar/repos/PorCrystalStructures/data/raw_xyz/xyz/porphyrins/VAJMAW_0.xyz,metal,NO_METAL
5190,/home/shachar/repos/PorCrystalStructures/data/raw_xyz/xyz/porphyrins/VAJYIP_0.xyz,topolocial,NOT_A_MONOMER
5191,/home/shachar/repos/PorCrystalStructures/data/raw_xyz/xyz/porphyrins/VAJYIP_1.xyz,metal,NO_METAL
5192,/home/shachar/repos/PorCrystalStructures/data/raw_xyz/xyz/porphyrins/VAJYIP_2.xyz,metal,NO_METAL
5193,/home/shachar/repos/PorCrystalStructures/data/raw_xyz/xyz/porphyrins/VAJYIP_3.xyz,metal,NO_METAL
5194,/home/shachar/repos/PorCrystalStructures/data/raw_xyz/xyz/porphyrins/VAJYIP_4.xyz,metal,NO_METAL
5195,/home/shachar/repos/PorCrystalStructures/data/raw_xyz/xyz/porphyrins/VAJYIP_5.xyz,metal,NO_METAL
5196,/home/shachar/repos/PorCrystalStructures/data/raw_xyz/xyz/porphyrins/VAKJUN_0.xyz,topolocial,BIDENTATE_MACROCYCLE_SUBS
5197,/home/shachar/repos/PorCrystalStructures/data/raw_xyz/xyz/porphyrins/VAKTIN_0.xyz,charge,TOO_LARGE_COUNTER_MOL
5198,/home/shachar/repos/PorCrystalStructures/data/raw_xyz/xyz/porphyrins/VAKTIN_1.xyz,metal,NO_METAL
5199,/home/shachar/repos/PorCrystalStructures/data/raw_xyz/xyz/porphyrins/VAKTIN_2.xyz,metal,NO_METAL
5200,/home/shachar/repos/PorCrystalStructures/data/raw_xyz/xyz/porphyrins/VAKTIN_3.xyz,metal,NO_METAL
5201,/home/shachar/repos/PorCrystalStructures/data/raw_xyz/xyz/porphyrins/VAKTIN_4.xyz,metal,NO_METAL
5202,/home/shachar/repos/PorCrystalStructures/data/raw_xyz/xyz/porphyrins/VAMHUP_0.xyz,topolocial,NOT_CONNECTED_MOLECULE
5203,/home/shachar/repos/PorCrystalStructures/data/raw_xyz/xyz/porphyrins/VAMHUP_1.xyz,metal,NO_METAL
5204,/home/shachar/repos/PorCrystalStructures/data/raw_xyz/xyz/porphyrins/VAMHUP_2.xyz,metal,NO_METAL
5205,/home/shachar/repos/PorCrystalStructures/data/raw_xyz/xyz/porphyrins/VAMHUP_3.xyz,metal,NO_METAL
5206,/home/shachar/repos/PorCrystalStructures/data/raw_xyz/xyz/porphyrins/VAMHUP_4.xyz,metal,NO_METAL
5207,/home/shachar/repos/PorCrystalStructures/data/raw_xyz/xyz/porphyrins/VAMJEB_0.xyz,topolocial,NOT_CONNECTED_MOLECULE
5208,/home/shachar/repos/PorCrystalStructures/data/raw_xyz/xyz/porphyrins/VAMJEB_1.xyz,topolocial,BIDENTATE_MACROCYCLE_SUBS
5209,/home/shachar/repos/PorCrystalStructures/data/raw_xyz/xyz/porphyrins/VAMJEB_2.xyz,topolocial,BIDENTATE_MACROCYCLE_SUBS
5210,/home/shachar/repos/PorCrystalStructures/data/raw_xyz/xyz/porphyrins/VAMJEB_3.xyz,metal,NO_METAL
5211,/home/shachar/repos/PorCrystalStructures/data/raw_xyz/xyz/porphyrins/VAMJEB_4.xyz,metal,NO_METAL
5212,/home/shachar/repos/PorCrystalStructures/data/raw_xyz/xyz/porphyrins/VAMJEB_5.xyz,metal,NO_METAL
5213,/home/shachar/repos/PorCrystalStructures/data/raw_xyz/xyz/porphyrins/VAPTUC_0.xyz,topolocial,BIDENTATE_MACROCYCLE_SUBS
5214,/home/shachar/repos/PorCrystalStructures/data/raw_xyz/xyz/porphyrins/VAPVAK_0.xyz,topolocial,NOT_CONNECTED_MOLECULE
5215,/home/shachar/repos/PorCrystalStructures/data/raw_xyz/xyz/porphyrins/VAPVAK_1.xyz,metal,NO_METAL
5216,/home/shachar/repos/PorCrystalStructures/data/raw_xyz/xyz/porphyrins/VAPVAK_2.xyz,metal,NO_METAL
5217,/home/shachar/repos/PorCrystalStructures/data/raw_xyz/xyz/porphyrins/VAPVEO_0.xyz,charge,COUNTER_MOL_ODD_NUMBER_OF_ELECTRONS
5218,/home/shachar/repos/PorCrystalStructures/data/raw_xyz/xyz/porphyrins/VAPVEO_1.xyz,metal,NO_METAL
5219,/home/shachar/repos/PorCrystalStructures/data/raw_xyz/xyz/porphyrins/VAPVEO_2.xyz,metal,NO_METAL
5220,/home/shachar/repos/PorCrystalStructures/data/raw_xyz/xyz/porphyrins/VAQNIM_0.xyz,metal,NO_METAL
5221,/home/shachar/repos/PorCrystalStructures/data/raw_xyz/xyz/porphyrins/VAQZIX_0.xyz,metal,NO_METAL
5222,/home/shachar/repos/PorCrystalStructures/data/raw_xyz/xyz/porphyrins/VATXIX_0.xyz,valid,VALID
5223,/home/shachar/repos/PorCrystalStructures/data/raw_xyz/xyz/porphyrins/VATXIX_1.xyz,metal,NO_METAL
5224,/home/shachar/repos/PorCrystalStructures/data/raw_xyz/xyz/porphyrins/VATXIX_2.xyz,metal,NO_METAL
5225,/home/shachar/repos/PorCrystalStructures/data/raw_xyz/xyz/porphyrins/VAVRAN_0.xyz,valid,VALID
5226,/home/shachar/repos/PorCrystalStructures/data/raw_xyz/xyz/porphyrins/VAVRER_0.xyz,valid,VALID
5227,/home/shachar/repos/PorCrystalStructures/data/raw_xyz/xyz/porphyrins/VAVVIY_0.xyz,topolocial,NOT_A_MONOMER
5228,/home/shachar/repos/PorCrystalStructures/data/raw_xyz/xyz/porphyrins/VAVVIY_1.xyz,metal,NO_METAL
5229,/home/shachar/repos/PorCrystalStructures/data/raw_xyz/xyz/porphyrins/VAVVIY_2.xyz,metal,NO_METAL
5230,/home/shachar/repos/PorCrystalStructures/data/raw_xyz/xyz/porphyrins/VAVVUK_0.xyz,charge,TOO_LARGE_COUNTER_MOL
5231,/home/shachar/repos/PorCrystalStructures/data/raw_xyz/xyz/porphyrins/VAVVUK_1.xyz,metal,NO_METAL
5232,/home/shachar/repos/PorCrystalStructures/data/raw_xyz/xyz/porphyrins/VAVVUK_2.xyz,metal,NO_METAL
5233,/home/shachar/repos/PorCrystalStructures/data/raw_xyz/xyz/porphyrins/VAWCOM_0.xyz,metal,NO_METAL
5234,/home/shachar/repos/PorCrystalStructures/data/raw_xyz/xyz/porphyrins/VAWCOM_1.xyz,metal,NO_METAL
5235,/home/shachar/repos/PorCrystalStructures/data/raw_xyz/xyz/porphyrins/VAWCUS_0.xyz,topolocial,NOT_CONNECTED_MOLECULE
5236,/home/shachar/repos/PorCrystalStructures/data/raw_xyz/xyz/porphyrins/VAWCUS_1.xyz,metal,NO_METAL
5237,/home/shachar/repos/PorCrystalStructures/data/raw_xyz/xyz/porphyrins/VAXVUM_0.xyz,topolocial,DOESNT_HAVE_METAL
5238,/home/shachar/repos/PorCrystalStructures/data/raw_xyz/xyz/porphyrins/VAXVUM_1.xyz,metal,NO_METAL
5239,/home/shachar/repos/PorCrystalStructures/data/raw_xyz/xyz/porphyrins/VAXWAT_0.xyz,topolocial,DOESNT_HAVE_METAL
5240,/home/shachar/repos/PorCrystalStructures/data/raw_xyz/xyz/porphyrins/VAXWAT_1.xyz,metal,NO_METAL
5241,/home/shachar/repos/PorCrystalStructures/data/raw_xyz/xyz/porphyrins/VAXWAT_2.xyz,metal,NO_METAL
5242,/home/shachar/repos/PorCrystalStructures/data/raw_xyz/xyz/porphyrins/VAYDAB_0.xyz,topolocial,HAS_MORE_THAN_4_PYRROLES
5243,/home/shachar/repos/PorCrystalStructures/data/raw_xyz/xyz/porphyrins/VEFZIS_0.xyz,charge,COUNTER_MOL_ODD_NUMBER_OF_ELECTRONS
5244,/home/shachar/repos/PorCrystalStructures/data/raw_xyz/xyz/porphyrins/VEFZIS_1.xyz,metal,NO_METAL
5245,/home/shachar/repos/PorCrystalStructures/data/raw_xyz/xyz/porphyrins/VEFZOY_0.xyz,valid,VALID
5246,/home/shachar/repos/PorCrystalStructures/data/raw_xyz/xyz/porphyrins/VEFZOY_1.xyz,metal,NO_METAL
5247,/home/shachar/repos/PorCrystalStructures/data/raw_xyz/xyz/porphyrins/VELPIN_0.xyz,metal,NO_METAL
5248,/home/shachar/repos/PorCrystalStructures/data/raw_xyz/xyz/porphyrins/VETCEF_0.xyz,metal,NO_METAL
5249,/home/shachar/repos/PorCrystalStructures/data/raw_xyz/xyz/porphyrins/VEXPIA_0.xyz,topolocial,NOT_A_MONOMER
5250,/home/shachar/repos/PorCrystalStructures/data/raw_xyz/xyz/porphyrins/VEXPIA_1.xyz,metal,NO_METAL
5251,/home/shachar/repos/PorCrystalStructures/data/raw_xyz/xyz/porphyrins/VEXSIC_0.xyz,valid,VALID
5252,/home/shachar/repos/PorCrystalStructures/data/raw_xyz/xyz/porphyrins/VEXSIC_1.xyz,metal,NO_METAL
5253,/home/shachar/repos/PorCrystalStructures/data/raw_xyz/xyz/porphyrins/VEXTAV_0.xyz,valid,VALID
5254,/home/shachar/repos/PorCrystalStructures/data/raw_xyz/xyz/porphyrins/VEYYUW_0.xyz,topolocial,NOT_A_MONOMER
5255,/home/shachar/repos/PorCrystalStructures/data/raw_xyz/xyz/porphyrins/VEYYUW_1.xyz,metal,NO_METAL
5256,/home/shachar/repos/PorCrystalStructures/data/raw_xyz/xyz/porphyrins/VEYYUW_2.xyz,metal,NO_METAL
5257,/home/shachar/repos/PorCrystalStructures/data/raw_xyz/xyz/porphyrins/VEYYUW_3.xyz,metal,NO_METAL
5258,/home/shachar/repos/PorCrystalStructures/data/raw_xyz/xyz/porphyrins/VEYYUW_4.xyz,metal,NO_METAL
5259,/home/shachar/repos/PorCrystalStructures/data/raw_xyz/xyz/porphyrins/VICCUG_0.xyz,valid,VALID
5260,/home/shachar/repos/PorCrystalStructures/data/raw_xyz/xyz/porphyrins/VICCUG_1.xyz,metal,NO_METAL
5261,/home/shachar/repos/PorCrystalStructures/data/raw_xyz/xyz/porphyrins/VICDER_0.xyz,charge,TOO_LARGE_COUNTER_MOL
5262,/home/shachar/repos/PorCrystalStructures/data/raw_xyz/xyz/porphyrins/VICDER_1.xyz,metal,NO_METAL
5263,/home/shachar/repos/PorCrystalStructures/data/raw_xyz/xyz/porphyrins/VICDIV_0.xyz,topolocial,NOT_CONNECTED_MOLECULE
5264,/home/shachar/repos/PorCrystalStructures/data/raw_xyz/xyz/porphyrins/VICDOB_0.xyz,valid,VALID
5265,/home/shachar/repos/PorCrystalStructures/data/raw_xyz/xyz/porphyrins/VICDOB_1.xyz,metal,NO_METAL
5266,/home/shachar/repos/PorCrystalStructures/data/raw_xyz/xyz/porphyrins/VICDUH_0.xyz,valid,VALID
5267,/home/shachar/repos/PorCrystalStructures/data/raw_xyz/xyz/porphyrins/VICDUH_1.xyz,metal,NO_METAL
5268,/home/shachar/repos/PorCrystalStructures/data/raw_xyz/xyz/porphyrins/VIDRAC_0.xyz,topolocial,BIDENTATE_MACROCYCLE_SUBS
5269,/home/shachar/repos/PorCrystalStructures/data/raw_xyz/xyz/porphyrins/VIDRAC_1.xyz,metal,NO_METAL
5270,/home/shachar/repos/PorCrystalStructures/data/raw_xyz/xyz/porphyrins/VIGBAQ_0.xyz,topolocial,NOT_CONNECTED_MOLECULE
5271,/home/shachar/repos/PorCrystalStructures/data/raw_xyz/xyz/porphyrins/VIGBAQ_1.xyz,metal,NO_METAL
5272,/home/shachar/repos/PorCrystalStructures/data/raw_xyz/xyz/porphyrins/VIGBAQ_2.xyz,metal,NO_METAL
5273,/home/shachar/repos/PorCrystalStructures/data/raw_xyz/xyz/porphyrins/VIGBAQ_3.xyz,metal,NO_METAL
5274,/home/shachar/repos/PorCrystalStructures/data/raw_xyz/xyz/porphyrins/VIKKEI_0.xyz,topolocial,NOT_A_MONOMER
5275,/home/shachar/repos/PorCrystalStructures/data/raw_xyz/xyz/porphyrins/VIKKEI_1.xyz,charge,TOO_LARGE_COUNTER_MOL
5276,/home/shachar/repos/PorCrystalStructures/data/raw_xyz/xyz/porphyrins/VIKKEI_2.xyz,metal,NO_METAL
5277,/home/shachar/repos/PorCrystalStructures/data/raw_xyz/xyz/porphyrins/VIKKIM_0.xyz,topolocial,NOT_CONNECTED_MOLECULE
5278,/home/shachar/repos/PorCrystalStructures/data/raw_xyz/xyz/porphyrins/VIKKIM_1.xyz,charge,TOO_LARGE_COUNTER_MOL
5279,/home/shachar/repos/PorCrystalStructures/data/raw_xyz/xyz/porphyrins/VIKKIM_2.xyz,metal,NO_METAL
5280,/home/shachar/repos/PorCrystalStructures/data/raw_xyz/xyz/porphyrins/VIKKIM_3.xyz,metal,NO_METAL
5281,/home/shachar/repos/PorCrystalStructures/data/raw_xyz/xyz/porphyrins/VIKLUZ_0.xyz,topolocial,NOT_CONNECTED_MOLECULE
5282,/home/shachar/repos/PorCrystalStructures/data/raw_xyz/xyz/porphyrins/VILKIL_0.xyz,topolocial,NOT_CONNECTED_MOLECULE
5283,/home/shachar/repos/PorCrystalStructures/data/raw_xyz/xyz/porphyrins/VIMZUN_0.xyz,valid,VALID
5284,/home/shachar/repos/PorCrystalStructures/data/raw_xyz/xyz/porphyrins/VIMZUN_1.xyz,metal,NO_METAL
5285,/home/shachar/repos/PorCrystalStructures/data/raw_xyz/xyz/porphyrins/VIMZUN_2.xyz,metal,NO_METAL
5286,/home/shachar/repos/PorCrystalStructures/data/raw_xyz/xyz/porphyrins/VINBOK_0.xyz,topolocial,NOT_A_MONOMER
5287,/home/shachar/repos/PorCrystalStructures/data/raw_xyz/xyz/porphyrins/VINBOK_1.xyz,charge,TOO_LARGE_COUNTER_MOL
5288,/home/shachar/repos/PorCrystalStructures/data/raw_xyz/xyz/porphyrins/VINBOK_2.xyz,metal,NO_METAL
5289,/home/shachar/repos/PorCrystalStructures/data/raw_xyz/xyz/porphyrins/VINBOK_3.xyz,metal,NO_METAL
5290,/home/shachar/repos/PorCrystalStructures/data/raw_xyz/xyz/porphyrins/VIPCEF_0.xyz,topolocial,NOT_CONNECTED_MOLECULE
5291,/home/shachar/repos/PorCrystalStructures/data/raw_xyz/xyz/porphyrins/VIPRIW_0.xyz,topolocial,NOT_SATURATED
5292,/home/shachar/repos/PorCrystalStructures/data/raw_xyz/xyz/porphyrins/VIPRIW_1.xyz,metal,NO_METAL
5293,/home/shachar/repos/PorCrystalStructures/data/raw_xyz/xyz/porphyrins/VIPRIW_2.xyz,metal,NO_METAL
5294,/home/shachar/repos/PorCrystalStructures/data/raw_xyz/xyz/porphyrins/VIPRIW_3.xyz,metal,NO_METAL
5295,/home/shachar/repos/PorCrystalStructures/data/raw_xyz/xyz/porphyrins/VIRVUQ01_0.xyz,topolocial,NOT_CONNECTED_MOLECULE
5296,/home/shachar/repos/PorCrystalStructures/data/raw_xyz/xyz/porphyrins/VIRVUQ01_1.xyz,topolocial,NOT_A_MONOMER
5297,/home/shachar/repos/PorCrystalStructures/data/raw_xyz/xyz/porphyrins/VIRVUQ01_2.xyz,metal,NO_METAL
5298,/home/shachar/repos/PorCrystalStructures/data/raw_xyz/xyz/porphyrins/VIRVUQ02_0.xyz,topolocial,NOT_A_MONOMER
5299,/home/shachar/repos/PorCrystalStructures/data/raw_xyz/xyz/porphyrins/VIRVUQ02_1.xyz,charge,TOO_LARGE_COUNTER_MOL
5300,/home/shachar/repos/PorCrystalStructures/data/raw_xyz/xyz/porphyrins/VIRVUQ02_2.xyz,metal,NO_METAL
5301,/home/shachar/repos/PorCrystalStructures/data/raw_xyz/xyz/porphyrins/VIRVUQ03_0.xyz,topolocial,NOT_A_MONOMER
5302,/home/shachar/repos/PorCrystalStructures/data/raw_xyz/xyz/porphyrins/VIRVUQ03_1.xyz,charge,TOO_LARGE_COUNTER_MOL
5303,/home/shachar/repos/PorCrystalStructures/data/raw_xyz/xyz/porphyrins/VIRVUQ03_2.xyz,metal,NO_METAL
5304,/home/shachar/repos/PorCrystalStructures/data/raw_xyz/xyz/porphyrins/VIRVUQ04_0.xyz,topolocial,NOT_A_MONOMER
5305,/home/shachar/repos/PorCrystalStructures/data/raw_xyz/xyz/porphyrins/VIRVUQ04_1.xyz,charge,TOO_LARGE_COUNTER_MOL
5306,/home/shachar/repos/PorCrystalStructures/data/raw_xyz/xyz/porphyrins/VIRVUQ04_2.xyz,metal,NO_METAL
5307,/home/shachar/repos/PorCrystalStructures/data/raw_xyz/xyz/porphyrins/VIRWEB_0.xyz,topolocial,NOT_CONNECTED_MOLECULE
5308,/home/shachar/repos/PorCrystalStructures/data/raw_xyz/xyz/porphyrins/VIRWEB_1.xyz,charge,TOO_LARGE_COUNTER_MOL
5309,/home/shachar/repos/PorCrystalStructures/data/raw_xyz/xyz/porphyrins/VIRWEB_2.xyz,metal,NO_METAL
5310,/home/shachar/repos/PorCrystalStructures/data/raw_xyz/xyz/porphyrins/VIRWEB_3.xyz,metal,NO_METAL
5311,/home/shachar/repos/PorCrystalStructures/data/raw_xyz/xyz/porphyrins/VITGAG_0.xyz,topolocial,NOT_SATURATED
5312,/home/shachar/repos/PorCrystalStructures/data/raw_xyz/xyz/porphyrins/VIVNUJ_0.xyz,topolocial,NOT_SATURATED
5313,/home/shachar/repos/PorCrystalStructures/data/raw_xyz/xyz/porphyrins/VIVNUJ_1.xyz,metal,NO_METAL
5314,/home/shachar/repos/PorCrystalStructures/data/raw_xyz/xyz/porphyrins/VIVNUJ_2.xyz,metal,NO_METAL
5315,/home/shachar/repos/PorCrystalStructures/data/raw_xyz/xyz/porphyrins/VIVNUJ_3.xyz,metal,NO_METAL
5316,/home/shachar/repos/PorCrystalStructures/data/raw_xyz/xyz/porphyrins/VIWWIH_0.xyz,metal,NO_METAL
5317,/home/shachar/repos/PorCrystalStructures/data/raw_xyz/xyz/porphyrins/VIWWIH_1.xyz,metal,NO_METAL
5318,/home/shachar/repos/PorCrystalStructures/data/raw_xyz/xyz/porphyrins/VIXKAO_0.xyz,charge,MOL_ODD_NUMBER_OF_ELECTRONS
5319,/home/shachar/repos/PorCrystalStructures/data/raw_xyz/xyz/porphyrins/VIXKAO_1.xyz,metal,NO_METAL
5320,/home/shachar/repos/PorCrystalStructures/data/raw_xyz/xyz/porphyrins/VIXKES_0.xyz,topolocial,NOT_A_MONOMER
5321,/home/shachar/repos/PorCrystalStructures/data/raw_xyz/xyz/porphyrins/VIXKES_1.xyz,metal,NO_METAL
5322,/home/shachar/repos/PorCrystalStructures/data/raw_xyz/xyz/porphyrins/VIXKES_2.xyz,metal,NO_METAL
5323,/home/shachar/repos/PorCrystalStructures/data/raw_xyz/xyz/porphyrins/VIXKES_3.xyz,metal,NO_METAL
5324,/home/shachar/repos/PorCrystalStructures/data/raw_xyz/xyz/porphyrins/VIXMOH_0.xyz,charge,MOL_ODD_NUMBER_OF_ELECTRONS
5325,/home/shachar/repos/PorCrystalStructures/data/raw_xyz/xyz/porphyrins/VIYQOM_0.xyz,topolocial,NOT_A_MONOMER
5326,/home/shachar/repos/PorCrystalStructures/data/raw_xyz/xyz/porphyrins/VOBHEB_0.xyz,topolocial,NOT_CONNECTED_MOLECULE
5327,/home/shachar/repos/PorCrystalStructures/data/raw_xyz/xyz/porphyrins/VOBHEB_1.xyz,metal,NO_METAL
5328,/home/shachar/repos/PorCrystalStructures/data/raw_xyz/xyz/porphyrins/VOBHEB_2.xyz,metal,NO_METAL
5329,/home/shachar/repos/PorCrystalStructures/data/raw_xyz/xyz/porphyrins/VOBHUR_0.xyz,topolocial,NOT_CONNECTED_MOLECULE
5330,/home/shachar/repos/PorCrystalStructures/data/raw_xyz/xyz/porphyrins/VOBHUR_1.xyz,metal,NO_METAL
5331,/home/shachar/repos/PorCrystalStructures/data/raw_xyz/xyz/porphyrins/VOBHUR_2.xyz,metal,NO_METAL
5332,/home/shachar/repos/PorCrystalStructures/data/raw_xyz/xyz/porphyrins/VOFDAW_0.xyz,charge,TOO_LARGE_COUNTER_MOL
5333,/home/shachar/repos/PorCrystalStructures/data/raw_xyz/xyz/porphyrins/VOFDAW_1.xyz,metal,NO_METAL
5334,/home/shachar/repos/PorCrystalStructures/data/raw_xyz/xyz/porphyrins/VOFDIE_0.xyz,valid,VALID
5335,/home/shachar/repos/PorCrystalStructures/data/raw_xyz/xyz/porphyrins/VOHHEG_0.xyz,metal,NO_METAL
5336,/home/shachar/repos/PorCrystalStructures/data/raw_xyz/xyz/porphyrins/VOMDIM_0.xyz,metal,NO_METAL
5337,/home/shachar/repos/PorCrystalStructures/data/raw_xyz/xyz/porphyrins/VOMDIM_1.xyz,charge,TOO_LARGE_COUNTER_MOL
5338,/home/shachar/repos/PorCrystalStructures/data/raw_xyz/xyz/porphyrins/VOMDIM_2.xyz,metal,NO_METAL
5339,/home/shachar/repos/PorCrystalStructures/data/raw_xyz/xyz/porphyrins/VOMDIM_3.xyz,metal,NO_METAL
5340,/home/shachar/repos/PorCrystalStructures/data/raw_xyz/xyz/porphyrins/VONFUB_0.xyz,topolocial,NOT_CONNECTED_MOLECULE
5341,/home/shachar/repos/PorCrystalStructures/data/raw_xyz/xyz/porphyrins/VONGAI_0.xyz,topolocial,NOT_CONNECTED_MOLECULE
5342,/home/shachar/repos/PorCrystalStructures/data/raw_xyz/xyz/porphyrins/VONGAI_1.xyz,metal,NO_METAL
5343,/home/shachar/repos/PorCrystalStructures/data/raw_xyz/xyz/porphyrins/VONGEM_0.xyz,topolocial,NOT_CONNECTED_MOLECULE
5344,/home/shachar/repos/PorCrystalStructures/data/raw_xyz/xyz/porphyrins/VONGEM_1.xyz,metal,NO_METAL
5345,/home/shachar/repos/PorCrystalStructures/data/raw_xyz/xyz/porphyrins/VONGIQ_0.xyz,charge,MOL_ODD_NUMBER_OF_ELECTRONS
5346,/home/shachar/repos/PorCrystalStructures/data/raw_xyz/xyz/porphyrins/VONGOW_0.xyz,topolocial,NOT_CONNECTED_MOLECULE
5347,/home/shachar/repos/PorCrystalStructures/data/raw_xyz/xyz/porphyrins/VONGUC_0.xyz,topolocial,NOT_CONNECTED_MOLECULE
5348,/home/shachar/repos/PorCrystalStructures/data/raw_xyz/xyz/porphyrins/VONHAJ_0.xyz,charge,MOL_ODD_NUMBER_OF_ELECTRONS
5349,/home/shachar/repos/PorCrystalStructures/data/raw_xyz/xyz/porphyrins/VONHIR_0.xyz,topolocial,NOT_CONNECTED_MOLECULE
5350,/home/shachar/repos/PorCrystalStructures/data/raw_xyz/xyz/porphyrins/VONHIR_1.xyz,metal,NO_METAL
5351,/home/shachar/repos/PorCrystalStructures/data/raw_xyz/xyz/porphyrins/VONHOX_0.xyz,charge,MOL_ODD_NUMBER_OF_ELECTRONS
5352,/home/shachar/repos/PorCrystalStructures/data/raw_xyz/xyz/porphyrins/VOQPOG_0.xyz,valid,VALID
5353,/home/shachar/repos/PorCrystalStructures/data/raw_xyz/xyz/porphyrins/VOQPOG_1.xyz,metal,NO_METAL
5354,/home/shachar/repos/PorCrystalStructures/data/raw_xyz/xyz/porphyrins/VOWTIM_0.xyz,topolocial,HAS_MORE_THAN_4_PYRROLES
5355,/home/shachar/repos/PorCrystalStructures/data/raw_xyz/xyz/porphyrins/VOWTIM_1.xyz,metal,NO_METAL
5356,/home/shachar/repos/PorCrystalStructures/data/raw_xyz/xyz/porphyrins/VOZDIZ_0.xyz,valid,VALID
5357,/home/shachar/repos/PorCrystalStructures/data/raw_xyz/xyz/porphyrins/VPERPR10_0.xyz,topolocial,NOT_SATURATED
5358,/home/shachar/repos/PorCrystalStructures/data/raw_xyz/xyz/porphyrins/VPERPR10_1.xyz,metal,NO_METAL
5359,/home/shachar/repos/PorCrystalStructures/data/raw_xyz/xyz/porphyrins/VUDJIP_0.xyz,topolocial,NOT_A_MONOMER
5360,/home/shachar/repos/PorCrystalStructures/data/raw_xyz/xyz/porphyrins/VUDJIP_1.xyz,charge,TOO_LARGE_COUNTER_MOL
5361,/home/shachar/repos/PorCrystalStructures/data/raw_xyz/xyz/porphyrins/VUDJIP_2.xyz,metal,NO_METAL
5362,/home/shachar/repos/PorCrystalStructures/data/raw_xyz/xyz/porphyrins/VUDSIZ_0.xyz,metal,NO_METAL
5363,/home/shachar/repos/PorCrystalStructures/data/raw_xyz/xyz/porphyrins/VUDSIZ_1.xyz,metal,NO_METAL
5364,/home/shachar/repos/PorCrystalStructures/data/raw_xyz/xyz/porphyrins/VUFSOE_0.xyz,topolocial,BIDENTATE_MACROCYCLE_SUBS
5365,/home/shachar/repos/PorCrystalStructures/data/raw_xyz/xyz/porphyrins/VUFSOE_1.xyz,metal,NO_METAL
5366,/home/shachar/repos/PorCrystalStructures/data/raw_xyz/xyz/porphyrins/VUFTAR_0.xyz,topolocial,NOT_SATURATED
5367,/home/shachar/repos/PorCrystalStructures/data/raw_xyz/xyz/porphyrins/VUFTAR_1.xyz,metal,NO_METAL
5368,/home/shachar/repos/PorCrystalStructures/data/raw_xyz/xyz/porphyrins/VUGBEE_0.xyz,topolocial,NOT_CONNECTED_MOLECULE
5369,/home/shachar/repos/PorCrystalStructures/data/raw_xyz/xyz/porphyrins/VUHROF_0.xyz,topolocial,NOT_SATURATED
5370,/home/shachar/repos/PorCrystalStructures/data/raw_xyz/xyz/porphyrins/VUJREA_0.xyz,topolocial,PYRROLE_NOT_BOUND_TO_METAL
5371,/home/shachar/repos/PorCrystalStructures/data/raw_xyz/xyz/porphyrins/VUMHAN_0.xyz,topolocial,NOT_CONNECTED_MOLECULE
5372,/home/shachar/repos/PorCrystalStructures/data/raw_xyz/xyz/porphyrins/VUMHAN_1.xyz,metal,NO_METAL
5373,/home/shachar/repos/PorCrystalStructures/data/raw_xyz/xyz/porphyrins/VUMHAN_2.xyz,metal,NO_METAL
5374,/home/shachar/repos/PorCrystalStructures/data/raw_xyz/xyz/porphyrins/VUMHOB_0.xyz,topolocial,NOT_CONNECTED_MOLECULE
5375,/home/shachar/repos/PorCrystalStructures/data/raw_xyz/xyz/porphyrins/VUMHOB_1.xyz,metal,NO_METAL
5376,/home/shachar/repos/PorCrystalStructures/data/raw_xyz/xyz/porphyrins/VUMHOB_2.xyz,metal,NO_METAL
5377,/home/shachar/repos/PorCrystalStructures/data/raw_xyz/xyz/porphyrins/VUMHOB_3.xyz,metal,NO_METAL
5378,/home/shachar/repos/PorCrystalStructures/data/raw_xyz/xyz/porphyrins/VUMHUH_0.xyz,topolocial,NOT_CONNECTED_MOLECULE
5379,/home/shachar/repos/PorCrystalStructures/data/raw_xyz/xyz/porphyrins/VUMHUH_1.xyz,metal,NO_METAL
5380,/home/shachar/repos/PorCrystalStructures/data/raw_xyz/xyz/porphyrins/VUMYEK01_0.xyz,valid,VALID
5381,/home/shachar/repos/PorCrystalStructures/data/raw_xyz/xyz/porphyrins/VUMYEK01_1.xyz,metal,NO_METAL
5382,/home/shachar/repos/PorCrystalStructures/data/raw_xyz/xyz/porphyrins/VUMYUA_0.xyz,valid,VALID
5383,/home/shachar/repos/PorCrystalStructures/data/raw_xyz/xyz/porphyrins/VUMYUA_1.xyz,metal,NO_METAL
5384,/home/shachar/repos/PorCrystalStructures/data/raw_xyz/xyz/porphyrins/VUMZAH_0.xyz,valid,VALID
5385,/home/shachar/repos/PorCrystalStructures/data/raw_xyz/xyz/porphyrins/VUMZAH_1.xyz,metal,NO_METAL
5386,/home/shachar/repos/PorCrystalStructures/data/raw_xyz/xyz/porphyrins/VUNZAG_0.xyz,topolocial,NOT_CONNECTED_MOLECULE
5387,/home/shachar/repos/PorCrystalStructures/data/raw_xyz/xyz/porphyrins/VUPKUM_0.xyz,charge,MOL_ODD_NUMBER_OF_ELECTRONS
5388,/home/shachar/repos/PorCrystalStructures/data/raw_xyz/xyz/porphyrins/VURJOK_0.xyz,valid,VALID
5389,/home/shachar/repos/PorCrystalStructures/data/raw_xyz/xyz/porphyrins/VUSNAZ_0.xyz,topolocial,NOT_CONNECTED_MOLECULE
5390,/home/shachar/repos/PorCrystalStructures/data/raw_xyz/xyz/porphyrins/VUTNIH_0.xyz,charge,TOO_LARGE_COUNTER_MOL
5391,/home/shachar/repos/PorCrystalStructures/data/raw_xyz/xyz/porphyrins/VUTNIH_1.xyz,metal,NO_METAL
5392,/home/shachar/repos/PorCrystalStructures/data/raw_xyz/xyz/porphyrins/WABZAA_0.xyz,topolocial,NOT_CONNECTED_MOLECULE
5393,/home/shachar/repos/PorCrystalStructures/data/raw_xyz/xyz/porphyrins/WABZAA_1.xyz,metal,NO_METAL
5394,/home/shachar/repos/PorCrystalStructures/data/raw_xyz/xyz/porphyrins/WACREY_0.xyz,valid,VALID
5395,/home/shachar/repos/PorCrystalStructures/data/raw_xyz/xyz/porphyrins/WADRIC_0.xyz,charge,MOL_ODD_NUMBER_OF_ELECTRONS
5396,/home/shachar/repos/PorCrystalStructures/data/raw_xyz/xyz/porphyrins/WADRIC_1.xyz,metal,NO_METAL
5397,/home/shachar/repos/PorCrystalStructures/data/raw_xyz/xyz/porphyrins/WADRIC_2.xyz,metal,NO_METAL
5398,/home/shachar/repos/PorCrystalStructures/data/raw_xyz/xyz/porphyrins/WADROI_0.xyz,charge,MOL_ODD_NUMBER_OF_ELECTRONS
5399,/home/shachar/repos/PorCrystalStructures/data/raw_xyz/xyz/porphyrins/WADROI_1.xyz,metal,NO_METAL
5400,/home/shachar/repos/PorCrystalStructures/data/raw_xyz/xyz/porphyrins/WADROI_2.xyz,metal,NO_METAL
5401,/home/shachar/repos/PorCrystalStructures/data/raw_xyz/xyz/porphyrins/WAFTED_0.xyz,valid,VALID
5402,/home/shachar/repos/PorCrystalStructures/data/raw_xyz/xyz/porphyrins/WAFTED_1.xyz,metal,NO_METAL
5403,/home/shachar/repos/PorCrystalStructures/data/raw_xyz/xyz/porphyrins/WAFTED_2.xyz,metal,NO_METAL
5404,/home/shachar/repos/PorCrystalStructures/data/raw_xyz/xyz/porphyrins/WAHBEP_0.xyz,topolocial,NOT_A_MONOMER
5405,/home/shachar/repos/PorCrystalStructures/data/raw_xyz/xyz/porphyrins/WAHBEP_1.xyz,metal,NO_METAL
5406,/home/shachar/repos/PorCrystalStructures/data/raw_xyz/xyz/porphyrins/WAHBIT_0.xyz,topolocial,NOT_A_MONOMER
5407,/home/shachar/repos/PorCrystalStructures/data/raw_xyz/xyz/porphyrins/WALGAU_0.xyz,topolocial,NOT_CONNECTED_MOLECULE
5408,/home/shachar/repos/PorCrystalStructures/data/raw_xyz/xyz/porphyrins/WALHEW_0.xyz,metal,NO_METAL
5409,/home/shachar/repos/PorCrystalStructures/data/raw_xyz/xyz/porphyrins/WALHIA_0.xyz,metal,NO_METAL
5410,/home/shachar/repos/PorCrystalStructures/data/raw_xyz/xyz/porphyrins/WALHIA_1.xyz,metal,NO_METAL
5411,/home/shachar/repos/PorCrystalStructures/data/raw_xyz/xyz/porphyrins/WALHOG_0.xyz,metal,NO_METAL
5412,/home/shachar/repos/PorCrystalStructures/data/raw_xyz/xyz/porphyrins/WANCEW_0.xyz,metal,NO_METAL
5413,/home/shachar/repos/PorCrystalStructures/data/raw_xyz/xyz/porphyrins/WANCEW_1.xyz,metal,NO_METAL
5414,/home/shachar/repos/PorCrystalStructures/data/raw_xyz/xyz/porphyrins/WANCEW_2.xyz,metal,NO_METAL
5415,/home/shachar/repos/PorCrystalStructures/data/raw_xyz/xyz/porphyrins/WANDEX_0.xyz,metal,NO_METAL
5416,/home/shachar/repos/PorCrystalStructures/data/raw_xyz/xyz/porphyrins/WANGOL_0.xyz,metal,NO_METAL
5417,/home/shachar/repos/PorCrystalStructures/data/raw_xyz/xyz/porphyrins/WANGOL_1.xyz,metal,NO_METAL
5418,/home/shachar/repos/PorCrystalStructures/data/raw_xyz/xyz/porphyrins/WANGOL_2.xyz,metal,NO_METAL
5419,/home/shachar/repos/PorCrystalStructures/data/raw_xyz/xyz/porphyrins/WANWER_0.xyz,topolocial,NOT_CONNECTED_MOLECULE
5420,/home/shachar/repos/PorCrystalStructures/data/raw_xyz/xyz/porphyrins/WANWER_1.xyz,metal,NO_METAL
5421,/home/shachar/repos/PorCrystalStructures/data/raw_xyz/xyz/porphyrins/WASKIO_0.xyz,topolocial,NOT_CONNECTED_MOLECULE
5422,/home/shachar/repos/PorCrystalStructures/data/raw_xyz/xyz/porphyrins/WASKIO_1.xyz,metal,NO_METAL
5423,/home/shachar/repos/PorCrystalStructures/data/raw_xyz/xyz/porphyrins/WASKOU_0.xyz,topolocial,BIDENTATE_MACROCYCLE_SUBS
5424,/home/shachar/repos/PorCrystalStructures/data/raw_xyz/xyz/porphyrins/WASKOU_1.xyz,metal,NO_METAL
5425,/home/shachar/repos/PorCrystalStructures/data/raw_xyz/xyz/porphyrins/WASKOU_2.xyz,metal,NO_METAL
5426,/home/shachar/repos/PorCrystalStructures/data/raw_xyz/xyz/porphyrins/WAVCIG_0.xyz,topolocial,NOT_CONNECTED_MOLECULE
5427,/home/shachar/repos/PorCrystalStructures/data/raw_xyz/xyz/porphyrins/WAVCIG_1.xyz,metal,NO_METAL
5428,/home/shachar/repos/PorCrystalStructures/data/raw_xyz/xyz/porphyrins/WAVMAH_0.xyz,topolocial,NOT_SATURATED
5429,/home/shachar/repos/PorCrystalStructures/data/raw_xyz/xyz/porphyrins/WAWVEX_0.xyz,topolocial,DOESNT_HAVE_METAL
5430,/home/shachar/repos/PorCrystalStructures/data/raw_xyz/xyz/porphyrins/WAXNOY_0.xyz,valid,VALID
5431,/home/shachar/repos/PorCrystalStructures/data/raw_xyz/xyz/porphyrins/WAXNUE_0.xyz,valence,BAD VALENCE
5432,/home/shachar/repos/PorCrystalStructures/data/raw_xyz/xyz/porphyrins/WAXVUO_0.xyz,topolocial,NOT_CONNECTED_MOLECULE
5433,/home/shachar/repos/PorCrystalStructures/data/raw_xyz/xyz/porphyrins/WECSIG_0.xyz,topolocial,NOT_CONNECTED_MOLECULE
5434,/home/shachar/repos/PorCrystalStructures/data/raw_xyz/xyz/porphyrins/WECSIG_1.xyz,metal,NO_METAL
5435,/home/shachar/repos/PorCrystalStructures/data/raw_xyz/xyz/porphyrins/WECSOM_0.xyz,topolocial,NOT_CONNECTED_MOLECULE
5436,/home/shachar/repos/PorCrystalStructures/data/raw_xyz/xyz/porphyrins/WECSUS_0.xyz,topolocial,NOT_CONNECTED_MOLECULE
5437,/home/shachar/repos/PorCrystalStructures/data/raw_xyz/xyz/porphyrins/WECTAZ_0.xyz,topolocial,NOT_CONNECTED_MOLECULE
5438,/home/shachar/repos/PorCrystalStructures/data/raw_xyz/xyz/porphyrins/WECTAZ_1.xyz,metal,NO_METAL
5439,/home/shachar/repos/PorCrystalStructures/data/raw_xyz/xyz/porphyrins/WECTED_0.xyz,topolocial,NOT_CONNECTED_MOLECULE
5440,/home/shachar/repos/PorCrystalStructures/data/raw_xyz/xyz/porphyrins/WECTIH_0.xyz,topolocial,NOT_CONNECTED_MOLECULE
5441,/home/shachar/repos/PorCrystalStructures/data/raw_xyz/xyz/porphyrins/WECTIH_1.xyz,metal,NO_METAL
5442,/home/shachar/repos/PorCrystalStructures/data/raw_xyz/xyz/porphyrins/WECTON_0.xyz,topolocial,NOT_CONNECTED_MOLECULE
5443,/home/shachar/repos/PorCrystalStructures/data/raw_xyz/xyz/porphyrins/WECTUT_0.xyz,topolocial,NOT_SATURATED
5444,/home/shachar/repos/PorCrystalStructures/data/raw_xyz/xyz/porphyrins/WECVAB_0.xyz,topolocial,NOT_SATURATED
5445,/home/shachar/repos/PorCrystalStructures/data/raw_xyz/xyz/porphyrins/WECVEF_0.xyz,topolocial,NOT_CONNECTED_MOLECULE
5446,/home/shachar/repos/PorCrystalStructures/data/raw_xyz/xyz/porphyrins/WECVIJ_0.xyz,topolocial,NOT_CONNECTED_MOLECULE
5447,/home/shachar/repos/PorCrystalStructures/data/raw_xyz/xyz/porphyrins/WECVIJ_1.xyz,metal,NO_METAL
5448,/home/shachar/repos/PorCrystalStructures/data/raw_xyz/xyz/porphyrins/WECVOP_0.xyz,topolocial,NOT_SATURATED
5449,/home/shachar/repos/PorCrystalStructures/data/raw_xyz/xyz/porphyrins/WECVUV_0.xyz,topolocial,NOT_CONNECTED_MOLECULE
5450,/home/shachar/repos/PorCrystalStructures/data/raw_xyz/xyz/porphyrins/WECVUV_1.xyz,metal,NO_METAL
5451,/home/shachar/repos/PorCrystalStructures/data/raw_xyz/xyz/porphyrins/WECWAC_0.xyz,topolocial,NOT_CONNECTED_MOLECULE
5452,/home/shachar/repos/PorCrystalStructures/data/raw_xyz/xyz/porphyrins/WECYOS_0.xyz,charge,TOO_LARGE_COUNTER_MOL
5453,/home/shachar/repos/PorCrystalStructures/data/raw_xyz/xyz/porphyrins/WECYOS_1.xyz,metal,NO_METAL
5454,/home/shachar/repos/PorCrystalStructures/data/raw_xyz/xyz/porphyrins/WECYUY_0.xyz,topolocial,NOT_CONNECTED_MOLECULE
5455,/home/shachar/repos/PorCrystalStructures/data/raw_xyz/xyz/porphyrins/WEGJIC_0.xyz,charge,MOL_ODD_NUMBER_OF_ELECTRONS
5456,/home/shachar/repos/PorCrystalStructures/data/raw_xyz/xyz/porphyrins/WEGJIC_1.xyz,metal,NO_METAL
5457,/home/shachar/repos/PorCrystalStructures/data/raw_xyz/xyz/porphyrins/WEGWAI_0.xyz,topolocial,NOT_A_MONOMER
5458,/home/shachar/repos/PorCrystalStructures/data/raw_xyz/xyz/porphyrins/WEGWAI_1.xyz,topolocial,NOT_A_MONOMER
5459,/home/shachar/repos/PorCrystalStructures/data/raw_xyz/xyz/porphyrins/WEGWAI_2.xyz,metal,NO_METAL
5460,/home/shachar/repos/PorCrystalStructures/data/raw_xyz/xyz/porphyrins/WEGWAI_3.xyz,metal,NO_METAL
5461,/home/shachar/repos/PorCrystalStructures/data/raw_xyz/xyz/porphyrins/WEGZAN_0.xyz,topolocial,BIDENTATE_MACROCYCLE_SUBS
5462,/home/shachar/repos/PorCrystalStructures/data/raw_xyz/xyz/porphyrins/WEGZAN_1.xyz,metal,NO_METAL
5463,/home/shachar/repos/PorCrystalStructures/data/raw_xyz/xyz/porphyrins/WEHSUX_0.xyz,topolocial,BIDENTATE_AXIAL_LIGANDS
5464,/home/shachar/repos/PorCrystalStructures/data/raw_xyz/xyz/porphyrins/WELMOQ_0.xyz,topolocial,NOT_CONNECTED_MOLECULE
5465,/home/shachar/repos/PorCrystalStructures/data/raw_xyz/xyz/porphyrins/WELMOQ_1.xyz,metal,NO_METAL
5466,/home/shachar/repos/PorCrystalStructures/data/raw_xyz/xyz/porphyrins/WELMUW_0.xyz,topolocial,NOT_CONNECTED_MOLECULE
5467,/home/shachar/repos/PorCrystalStructures/data/raw_xyz/xyz/porphyrins/WENGEB01_0.xyz,charge,MOL_ODD_NUMBER_OF_ELECTRONS
5468,/home/shachar/repos/PorCrystalStructures/data/raw_xyz/xyz/porphyrins/WENGEB02_0.xyz,charge,MOL_ODD_NUMBER_OF_ELECTRONS
5469,/home/shachar/repos/PorCrystalStructures/data/raw_xyz/xyz/porphyrins/WENGEB_0.xyz,topolocial,NOT_CONNECTED_MOLECULE
5470,/home/shachar/repos/PorCrystalStructures/data/raw_xyz/xyz/porphyrins/WEPPUD_0.xyz,topolocial,NOT_CONNECTED_MOLECULE
5471,/home/shachar/repos/PorCrystalStructures/data/raw_xyz/xyz/porphyrins/WEPSAP_0.xyz,metal,NO_METAL
5472,/home/shachar/repos/PorCrystalStructures/data/raw_xyz/xyz/porphyrins/WEPSAP_1.xyz,metal,NO_METAL
5473,/home/shachar/repos/PorCrystalStructures/data/raw_xyz/xyz/porphyrins/WEPSAP_2.xyz,metal,NO_METAL
5474,/home/shachar/repos/PorCrystalStructures/data/raw_xyz/xyz/porphyrins/WEPSAP_3.xyz,metal,NO_METAL
5475,/home/shachar/repos/PorCrystalStructures/data/raw_xyz/xyz/porphyrins/WEQBUQ_0.xyz,valid,VALID
5476,/home/shachar/repos/PorCrystalStructures/data/raw_xyz/xyz/porphyrins/WEQSEQ_0.xyz,topolocial,PYRROLE_NOT_BOUND_TO_METAL
5477,/home/shachar/repos/PorCrystalStructures/data/raw_xyz/xyz/porphyrins/WETKEN_0.xyz,valid,VALID
5478,/home/shachar/repos/PorCrystalStructures/data/raw_xyz/xyz/porphyrins/WEWROG_0.xyz,topolocial,NOT_A_MONOMER
5479,/home/shachar/repos/PorCrystalStructures/data/raw_xyz/xyz/porphyrins/WEWROG_1.xyz,metal,NO_METAL
5480,/home/shachar/repos/PorCrystalStructures/data/raw_xyz/xyz/porphyrins/WEWROG_2.xyz,metal,NO_METAL
5481,/home/shachar/repos/PorCrystalStructures/data/raw_xyz/xyz/porphyrins/WEWRUM_0.xyz,topolocial,NOT_A_MONOMER
5482,/home/shachar/repos/PorCrystalStructures/data/raw_xyz/xyz/porphyrins/WEWRUM_1.xyz,metal,NO_METAL
5483,/home/shachar/repos/PorCrystalStructures/data/raw_xyz/xyz/porphyrins/WEWSAT_0.xyz,topolocial,NOT_A_MONOMER
5484,/home/shachar/repos/PorCrystalStructures/data/raw_xyz/xyz/porphyrins/WEWSAT_1.xyz,metal,NO_METAL
5485,/home/shachar/repos/PorCrystalStructures/data/raw_xyz/xyz/porphyrins/WEWSAT_2.xyz,metal,NO_METAL
5486,/home/shachar/repos/PorCrystalStructures/data/raw_xyz/xyz/porphyrins/WEZPOH_0.xyz,topolocial,NOT_CONNECTED_MOLECULE
5487,/home/shachar/repos/PorCrystalStructures/data/raw_xyz/xyz/porphyrins/WEZPOH_1.xyz,metal,NO_METAL
5488,/home/shachar/repos/PorCrystalStructures/data/raw_xyz/xyz/porphyrins/WEZPUN_0.xyz,topolocial,PYRROLE_NOT_BOUND_TO_METAL
5489,/home/shachar/repos/PorCrystalStructures/data/raw_xyz/xyz/porphyrins/WEZPUN_1.xyz,metal,NO_METAL
5490,/home/shachar/repos/PorCrystalStructures/data/raw_xyz/xyz/porphyrins/WIDFAR_0.xyz,topolocial,NOT_A_MONOMER
5491,/home/shachar/repos/PorCrystalStructures/data/raw_xyz/xyz/porphyrins/WIDFAR_1.xyz,metal,NO_METAL
5492,/home/shachar/repos/PorCrystalStructures/data/raw_xyz/xyz/porphyrins/WIDFAR_2.xyz,metal,NO_METAL
5493,/home/shachar/repos/PorCrystalStructures/data/raw_xyz/xyz/porphyrins/WIHVIS_0.xyz,topolocial,NOT_SATURATED
5494,/home/shachar/repos/PorCrystalStructures/data/raw_xyz/xyz/porphyrins/WIJQEL_0.xyz,metal,NO_METAL
5495,/home/shachar/repos/PorCrystalStructures/data/raw_xyz/xyz/porphyrins/WIJQIP_0.xyz,metal,NO_METAL
5496,/home/shachar/repos/PorCrystalStructures/data/raw_xyz/xyz/porphyrins/WIJQIP_1.xyz,metal,NO_METAL
5497,/home/shachar/repos/PorCrystalStructures/data/raw_xyz/xyz/porphyrins/WIJQIP_2.xyz,metal,NO_METAL
5498,/home/shachar/repos/PorCrystalStructures/data/raw_xyz/xyz/porphyrins/WIJQIP_3.xyz,metal,NO_METAL
5499,/home/shachar/repos/PorCrystalStructures/data/raw_xyz/xyz/porphyrins/WIJREO_0.xyz,charge,MOL_ODD_NUMBER_OF_ELECTRONS
5500,/home/shachar/repos/PorCrystalStructures/data/raw_xyz/xyz/porphyrins/WILMIO_0.xyz,topolocial,NOT_CONNECTED_MOLECULE
5501,/home/shachar/repos/PorCrystalStructures/data/raw_xyz/xyz/porphyrins/WIMHOQ_0.xyz,metal,NO_METAL
5502,/home/shachar/repos/PorCrystalStructures/data/raw_xyz/xyz/porphyrins/WIMHOQ_1.xyz,metal,NO_METAL
5503,/home/shachar/repos/PorCrystalStructures/data/raw_xyz/xyz/porphyrins/WIPCAB_0.xyz,charge,COUNTER_MOL_ODD_NUMBER_OF_ELECTRONS
5504,/home/shachar/repos/PorCrystalStructures/data/raw_xyz/xyz/porphyrins/WIPCAB_1.xyz,metal,NO_METAL
5505,/home/shachar/repos/PorCrystalStructures/data/raw_xyz/xyz/porphyrins/WIPCAB_2.xyz,metal,NO_METAL
5506,/home/shachar/repos/PorCrystalStructures/data/raw_xyz/xyz/porphyrins/WIPCAB_3.xyz,metal,NO_METAL
5507,/home/shachar/repos/PorCrystalStructures/data/raw_xyz/xyz/porphyrins/WIQJOY_0.xyz,valence,BAD VALENCE
5508,/home/shachar/repos/PorCrystalStructures/data/raw_xyz/xyz/porphyrins/WIQJUE_0.xyz,valid,VALID
5509,/home/shachar/repos/PorCrystalStructures/data/raw_xyz/xyz/porphyrins/WIVPEY_0.xyz,topolocial,NOT_A_MONOMER
5510,/home/shachar/repos/PorCrystalStructures/data/raw_xyz/xyz/porphyrins/WIVPEY_1.xyz,topolocial,NOT_A_MONOMER
5511,/home/shachar/repos/PorCrystalStructures/data/raw_xyz/xyz/porphyrins/WIWMEV_0.xyz,topolocial,NOT_SATURATED
5512,/home/shachar/repos/PorCrystalStructures/data/raw_xyz/xyz/porphyrins/WIWMEV_1.xyz,metal,NO_METAL
5513,/home/shachar/repos/PorCrystalStructures/data/raw_xyz/xyz/porphyrins/WIWMEV_2.xyz,metal,NO_METAL
5514,/home/shachar/repos/PorCrystalStructures/data/raw_xyz/xyz/porphyrins/WIWMEV_3.xyz,metal,NO_METAL
5515,/home/shachar/repos/PorCrystalStructures/data/raw_xyz/xyz/porphyrins/WOBGEZ_0.xyz,valid,VALID
5516,/home/shachar/repos/PorCrystalStructures/data/raw_xyz/xyz/porphyrins/WOBVUF_0.xyz,metal,NO_METAL
5517,/home/shachar/repos/PorCrystalStructures/data/raw_xyz/xyz/porphyrins/WODBAT_0.xyz,topolocial,NOT_CONNECTED_MOLECULE
5518,/home/shachar/repos/PorCrystalStructures/data/raw_xyz/xyz/porphyrins/WODLEG_0.xyz,charge,MOL_ODD_NUMBER_OF_ELECTRONS
5519,/home/shachar/repos/PorCrystalStructures/data/raw_xyz/xyz/porphyrins/WODLEG_1.xyz,metal,NO_METAL
5520,/home/shachar/repos/PorCrystalStructures/data/raw_xyz/xyz/porphyrins/WODLEG_2.xyz,metal,NO_METAL
5521,/home/shachar/repos/PorCrystalStructures/data/raw_xyz/xyz/porphyrins/WODLEG_3.xyz,metal,NO_METAL
5522,/home/shachar/repos/PorCrystalStructures/data/raw_xyz/xyz/porphyrins/WODLIK_0.xyz,topolocial,HAS_MORE_THAN_4_PYRROLES
5523,/home/shachar/repos/PorCrystalStructures/data/raw_xyz/xyz/porphyrins/WODLIK_1.xyz,metal,NO_METAL
5524,/home/shachar/repos/PorCrystalStructures/data/raw_xyz/xyz/porphyrins/WODLOQ_0.xyz,topolocial,BIDENTATE_AXIAL_LIGANDS
5525,/home/shachar/repos/PorCrystalStructures/data/raw_xyz/xyz/porphyrins/WODLOQ_1.xyz,metal,NO_METAL
5526,/home/shachar/repos/PorCrystalStructures/data/raw_xyz/xyz/porphyrins/WODLUW_0.xyz,topolocial,NOT_CONNECTED_MOLECULE
5527,/home/shachar/repos/PorCrystalStructures/data/raw_xyz/xyz/porphyrins/WODNIM_0.xyz,charge,MOL_ODD_NUMBER_OF_ELECTRONS
5528,/home/shachar/repos/PorCrystalStructures/data/raw_xyz/xyz/porphyrins/WODNIM_1.xyz,metal,NO_METAL
5529,/home/shachar/repos/PorCrystalStructures/data/raw_xyz/xyz/porphyrins/WODXIX_0.xyz,metal,NO_METAL
5530,/home/shachar/repos/PorCrystalStructures/data/raw_xyz/xyz/porphyrins/WOFDAW_0.xyz,topolocial,NOT_CONNECTED_MOLECULE
5531,/home/shachar/repos/PorCrystalStructures/data/raw_xyz/xyz/porphyrins/WOFDEA_0.xyz,topolocial,NOT_SATURATED
5532,/home/shachar/repos/PorCrystalStructures/data/raw_xyz/xyz/porphyrins/WOFDEA_1.xyz,metal,NO_METAL
5533,/home/shachar/repos/PorCrystalStructures/data/raw_xyz/xyz/porphyrins/WOFDEA_2.xyz,metal,NO_METAL
5534,/home/shachar/repos/PorCrystalStructures/data/raw_xyz/xyz/porphyrins/WOHDAA_0.xyz,metal,NO_METAL
5535,/home/shachar/repos/PorCrystalStructures/data/raw_xyz/xyz/porphyrins/WOHDAA_1.xyz,metal,NO_METAL
5536,/home/shachar/repos/PorCrystalStructures/data/raw_xyz/xyz/porphyrins/WOHDEE_0.xyz,metal,NO_METAL
5537,/home/shachar/repos/PorCrystalStructures/data/raw_xyz/xyz/porphyrins/WOHDEE_1.xyz,metal,NO_METAL
5538,/home/shachar/repos/PorCrystalStructures/data/raw_xyz/xyz/porphyrins/WOHDEE_2.xyz,metal,NO_METAL
5539,/home/shachar/repos/PorCrystalStructures/data/raw_xyz/xyz/porphyrins/WOHGAC_0.xyz,topolocial,NOT_CONNECTED_MOLECULE
5540,/home/shachar/repos/PorCrystalStructures/data/raw_xyz/xyz/porphyrins/WOHGAC_1.xyz,metal,NO_METAL
5541,/home/shachar/repos/PorCrystalStructures/data/raw_xyz/xyz/porphyrins/WOHGAC_2.xyz,metal,NO_METAL
5542,/home/shachar/repos/PorCrystalStructures/data/raw_xyz/xyz/porphyrins/WOHGAC_3.xyz,metal,NO_METAL
5543,/home/shachar/repos/PorCrystalStructures/data/raw_xyz/xyz/porphyrins/WOJBON_0.xyz,metal,NO_METAL
5544,/home/shachar/repos/PorCrystalStructures/data/raw_xyz/xyz/porphyrins/WOLKUG_0.xyz,topolocial,NOT_CONNECTED_MOLECULE
5545,/home/shachar/repos/PorCrystalStructures/data/raw_xyz/xyz/porphyrins/WOMBEH01_0.xyz,topolocial,NOT_SATURATED
5546,/home/shachar/repos/PorCrystalStructures/data/raw_xyz/xyz/porphyrins/WOMBEH_0.xyz,topolocial,NOT_SATURATED
5547,/home/shachar/repos/PorCrystalStructures/data/raw_xyz/xyz/porphyrins/WOMSUN_0.xyz,topolocial,NOT_CONNECTED_MOLECULE
5548,/home/shachar/repos/PorCrystalStructures/data/raw_xyz/xyz/porphyrins/WOMSUN_1.xyz,metal,NO_METAL
5549,/home/shachar/repos/PorCrystalStructures/data/raw_xyz/xyz/porphyrins/WOMSUN_2.xyz,metal,NO_METAL
5550,/home/shachar/repos/PorCrystalStructures/data/raw_xyz/xyz/porphyrins/WOMTAU_0.xyz,topolocial,DOESNT_HAVE_METAL
5551,/home/shachar/repos/PorCrystalStructures/data/raw_xyz/xyz/porphyrins/WONYAB_0.xyz,charge,MOL_ODD_NUMBER_OF_ELECTRONS
5552,/home/shachar/repos/PorCrystalStructures/data/raw_xyz/xyz/porphyrins/WONYAB_1.xyz,metal,NO_METAL
5553,/home/shachar/repos/PorCrystalStructures/data/raw_xyz/xyz/porphyrins/WOSZOT_0.xyz,topolocial,BIDENTATE_MACROCYCLE_SUBS
5554,/home/shachar/repos/PorCrystalStructures/data/raw_xyz/xyz/porphyrins/WOSZOT_1.xyz,metal,NO_METAL
5555,/home/shachar/repos/PorCrystalStructures/data/raw_xyz/xyz/porphyrins/WOSZUZ_0.xyz,topolocial,BIDENTATE_MACROCYCLE_SUBS
5556,/home/shachar/repos/PorCrystalStructures/data/raw_xyz/xyz/porphyrins/WOSZUZ_1.xyz,metal,NO_METAL
5557,/home/shachar/repos/PorCrystalStructures/data/raw_xyz/xyz/porphyrins/WOTBAI_0.xyz,topolocial,BIDENTATE_MACROCYCLE_SUBS
5558,/home/shachar/repos/PorCrystalStructures/data/raw_xyz/xyz/porphyrins/WOTBAI_1.xyz,metal,NO_METAL
5559,/home/shachar/repos/PorCrystalStructures/data/raw_xyz/xyz/porphyrins/WOTBEM_0.xyz,topolocial,BIDENTATE_MACROCYCLE_SUBS
5560,/home/shachar/repos/PorCrystalStructures/data/raw_xyz/xyz/porphyrins/WOTBEM_1.xyz,metal,NO_METAL
5561,/home/shachar/repos/PorCrystalStructures/data/raw_xyz/xyz/porphyrins/WOTQAZ_0.xyz,valid,VALID
5562,/home/shachar/repos/PorCrystalStructures/data/raw_xyz/xyz/porphyrins/WOTQAZ_1.xyz,metal,NO_METAL
5563,/home/shachar/repos/PorCrystalStructures/data/raw_xyz/xyz/porphyrins/WOXZIV_0.xyz,topolocial,NOT_A_MONOMER
5564,/home/shachar/repos/PorCrystalStructures/data/raw_xyz/xyz/porphyrins/WOXZIV_1.xyz,metal,NO_METAL
5565,/home/shachar/repos/PorCrystalStructures/data/raw_xyz/xyz/porphyrins/WOXZOB_0.xyz,topolocial,NOT_CONNECTED_MOLECULE
5566,/home/shachar/repos/PorCrystalStructures/data/raw_xyz/xyz/porphyrins/WOXZOB_1.xyz,metal,NO_METAL
5567,/home/shachar/repos/PorCrystalStructures/data/raw_xyz/xyz/porphyrins/WOXZOB_2.xyz,metal,NO_METAL
5568,/home/shachar/repos/PorCrystalStructures/data/raw_xyz/xyz/porphyrins/WOYHUQ_0.xyz,metal,NO_METAL
5569,/home/shachar/repos/PorCrystalStructures/data/raw_xyz/xyz/porphyrins/WOYHUQ_1.xyz,metal,NO_METAL
5570,/home/shachar/repos/PorCrystalStructures/data/raw_xyz/xyz/porphyrins/WOYJAY_0.xyz,topolocial,NOT_A_MONOMER
5571,/home/shachar/repos/PorCrystalStructures/data/raw_xyz/xyz/porphyrins/WOYJAY_1.xyz,metal,NO_METAL
5572,/home/shachar/repos/PorCrystalStructures/data/raw_xyz/xyz/porphyrins/WOYJIG_0.xyz,topolocial,NOT_CONNECTED_MOLECULE
5573,/home/shachar/repos/PorCrystalStructures/data/raw_xyz/xyz/porphyrins/WOYJIG_1.xyz,metal,NO_METAL
5574,/home/shachar/repos/PorCrystalStructures/data/raw_xyz/xyz/porphyrins/WOYJIG_2.xyz,metal,NO_METAL
5575,/home/shachar/repos/PorCrystalStructures/data/raw_xyz/xyz/porphyrins/WOYJIG_3.xyz,metal,NO_METAL
5576,/home/shachar/repos/PorCrystalStructures/data/raw_xyz/xyz/porphyrins/WOZWIT_0.xyz,topolocial,NOT_CONNECTED_MOLECULE
5577,/home/shachar/repos/PorCrystalStructures/data/raw_xyz/xyz/porphyrins/WOZWUF_0.xyz,topolocial,BIDENTATE_MACROCYCLE_SUBS
5578,/home/shachar/repos/PorCrystalStructures/data/raw_xyz/xyz/porphyrins/WOZXAM_0.xyz,topolocial,NOT_CONNECTED_MOLECULE
5579,/home/shachar/repos/PorCrystalStructures/data/raw_xyz/xyz/porphyrins/WOZXAM_1.xyz,topolocial,BIDENTATE_MACROCYCLE_SUBS
5580,/home/shachar/repos/PorCrystalStructures/data/raw_xyz/xyz/porphyrins/WOZXEQ_0.xyz,topolocial,NOT_CONNECTED_MOLECULE
5581,/home/shachar/repos/PorCrystalStructures/data/raw_xyz/xyz/porphyrins/WOZXIU_0.xyz,topolocial,NOT_SATURATED
5582,/home/shachar/repos/PorCrystalStructures/data/raw_xyz/xyz/porphyrins/WOZXIU_1.xyz,metal,NO_METAL
5583,/home/shachar/repos/PorCrystalStructures/data/raw_xyz/xyz/porphyrins/WOZXIU_2.xyz,metal,NO_METAL
5584,/home/shachar/repos/PorCrystalStructures/data/raw_xyz/xyz/porphyrins/WUCXUO_0.xyz,topolocial,NOT_CONNECTED_MOLECULE
5585,/home/shachar/repos/PorCrystalStructures/data/raw_xyz/xyz/porphyrins/WUCXUO_1.xyz,metal,NO_METAL
5586,/home/shachar/repos/PorCrystalStructures/data/raw_xyz/xyz/porphyrins/WUCXUO_2.xyz,metal,NO_METAL
5587,/home/shachar/repos/PorCrystalStructures/data/raw_xyz/xyz/porphyrins/WUCXUO_3.xyz,metal,NO_METAL
5588,/home/shachar/repos/PorCrystalStructures/data/raw_xyz/xyz/porphyrins/WUCYAV_0.xyz,topolocial,NOT_A_MONOMER
5589,/home/shachar/repos/PorCrystalStructures/data/raw_xyz/xyz/porphyrins/WUCYAV_1.xyz,metal,NO_METAL
5590,/home/shachar/repos/PorCrystalStructures/data/raw_xyz/xyz/porphyrins/WUCYAV_2.xyz,metal,NO_METAL
5591,/home/shachar/repos/PorCrystalStructures/data/raw_xyz/xyz/porphyrins/WUCYEZ_0.xyz,topolocial,NOT_A_MONOMER
5592,/home/shachar/repos/PorCrystalStructures/data/raw_xyz/xyz/porphyrins/WUCYEZ_1.xyz,metal,NO_METAL
5593,/home/shachar/repos/PorCrystalStructures/data/raw_xyz/xyz/porphyrins/WUCYEZ_2.xyz,metal,NO_METAL
5594,/home/shachar/repos/PorCrystalStructures/data/raw_xyz/xyz/porphyrins/WUDYOL_0.xyz,charge,MOL_ODD_NUMBER_OF_ELECTRONS
5595,/home/shachar/repos/PorCrystalStructures/data/raw_xyz/xyz/porphyrins/WUDYOL_1.xyz,metal,NO_METAL
5596,/home/shachar/repos/PorCrystalStructures/data/raw_xyz/xyz/porphyrins/WUNGOB_0.xyz,topolocial,NOT_A_MONOMER
5597,/home/shachar/repos/PorCrystalStructures/data/raw_xyz/xyz/porphyrins/WUQPED_0.xyz,metal,NO_METAL
5598,/home/shachar/repos/PorCrystalStructures/data/raw_xyz/xyz/porphyrins/WUQPED_1.xyz,metal,NO_METAL
5599,/home/shachar/repos/PorCrystalStructures/data/raw_xyz/xyz/porphyrins/WUQPED_2.xyz,metal,NO_METAL
5600,/home/shachar/repos/PorCrystalStructures/data/raw_xyz/xyz/porphyrins/WUQPED_3.xyz,topolocial,NOT_A_MONOMER
5601,/home/shachar/repos/PorCrystalStructures/data/raw_xyz/xyz/porphyrins/WURBAO_0.xyz,metal,NO_METAL
5602,/home/shachar/repos/PorCrystalStructures/data/raw_xyz/xyz/porphyrins/WURBAO_1.xyz,metal,NO_METAL
5603,/home/shachar/repos/PorCrystalStructures/data/raw_xyz/xyz/porphyrins/WURBAO_2.xyz,metal,NO_METAL
5604,/home/shachar/repos/PorCrystalStructures/data/raw_xyz/xyz/porphyrins/WURBAO_3.xyz,metal,NO_METAL
5605,/home/shachar/repos/PorCrystalStructures/data/raw_xyz/xyz/porphyrins/WURQEF_0.xyz,valid,VALID
5606,/home/shachar/repos/PorCrystalStructures/data/raw_xyz/xyz/porphyrins/WUTREJ_0.xyz,valid,VALID
5607,/home/shachar/repos/PorCrystalStructures/data/raw_xyz/xyz/porphyrins/WUTRIN_0.xyz,metal,NO_METAL
5608,/home/shachar/repos/PorCrystalStructures/data/raw_xyz/xyz/porphyrins/WUTRIN_1.xyz,metal,NO_METAL
5609,/home/shachar/repos/PorCrystalStructures/data/raw_xyz/xyz/porphyrins/WUTRUZ_0.xyz,metal,NO_METAL
5610,/home/shachar/repos/PorCrystalStructures/data/raw_xyz/xyz/porphyrins/WUVJOO_0.xyz,topolocial,NOT_CONNECTED_MOLECULE
5611,/home/shachar/repos/PorCrystalStructures/data/raw_xyz/xyz/porphyrins/WUVJOO_1.xyz,metal,NO_METAL
5612,/home/shachar/repos/PorCrystalStructures/data/raw_xyz/xyz/porphyrins/WUVJOO_2.xyz,metal,NO_METAL
5613,/home/shachar/repos/PorCrystalStructures/data/raw_xyz/xyz/porphyrins/WUXNIO_0.xyz,charge,COUNTER_MOL_ODD_NUMBER_OF_ELECTRONS
5614,/home/shachar/repos/PorCrystalStructures/data/raw_xyz/xyz/porphyrins/WUXNIO_1.xyz,metal,NO_METAL
5615,/home/shachar/repos/PorCrystalStructures/data/raw_xyz/xyz/porphyrins/WUXNIO_2.xyz,metal,NO_METAL
5616,/home/shachar/repos/PorCrystalStructures/data/raw_xyz/xyz/porphyrins/WUXNIO_3.xyz,metal,NO_METAL
5617,/home/shachar/repos/PorCrystalStructures/data/raw_xyz/xyz/porphyrins/WUXNIO_4.xyz,metal,NO_METAL
5618,/home/shachar/repos/PorCrystalStructures/data/raw_xyz/xyz/porphyrins/WUZTAO_0.xyz,metal,NO_METAL
5619,/home/shachar/repos/PorCrystalStructures/data/raw_xyz/xyz/porphyrins/WUZTAO_1.xyz,metal,NO_METAL
5620,/home/shachar/repos/PorCrystalStructures/data/raw_xyz/xyz/porphyrins/XABCEJ_0.xyz,topolocial,NOT_SATURATED
5621,/home/shachar/repos/PorCrystalStructures/data/raw_xyz/xyz/porphyrins/XABCEJ_1.xyz,metal,NO_METAL
5622,/home/shachar/repos/PorCrystalStructures/data/raw_xyz/xyz/porphyrins/XABFIQ_0.xyz,metal,NO_METAL
5623,/home/shachar/repos/PorCrystalStructures/data/raw_xyz/xyz/porphyrins/XABFOW_0.xyz,metal,NO_METAL
5624,/home/shachar/repos/PorCrystalStructures/data/raw_xyz/xyz/porphyrins/XABFOW_1.xyz,metal,NO_METAL
5625,/home/shachar/repos/PorCrystalStructures/data/raw_xyz/xyz/porphyrins/XABFOW_2.xyz,metal,NO_METAL
5626,/home/shachar/repos/PorCrystalStructures/data/raw_xyz/xyz/porphyrins/XACHAM_0.xyz,topolocial,HAS_MORE_THAN_4_PYRROLES
5627,/home/shachar/repos/PorCrystalStructures/data/raw_xyz/xyz/porphyrins/XAFJET_0.xyz,charge,MOL_ODD_NUMBER_OF_ELECTRONS
5628,/home/shachar/repos/PorCrystalStructures/data/raw_xyz/xyz/porphyrins/XAFZEJ_0.xyz,topolocial,NOT_CONNECTED_MOLECULE
5629,/home/shachar/repos/PorCrystalStructures/data/raw_xyz/xyz/porphyrins/XAGHEW_0.xyz,metal,NO_METAL
5630,/home/shachar/repos/PorCrystalStructures/data/raw_xyz/xyz/porphyrins/XAHFAN_0.xyz,metal,NO_METAL
5631,/home/shachar/repos/PorCrystalStructures/data/raw_xyz/xyz/porphyrins/XAHFER_0.xyz,charge,COUNTER_MOL_ODD_NUMBER_OF_ELECTRONS
5632,/home/shachar/repos/PorCrystalStructures/data/raw_xyz/xyz/porphyrins/XAHFER_1.xyz,valence,BAD VALENCE
5633,/home/shachar/repos/PorCrystalStructures/data/raw_xyz/xyz/porphyrins/XAHVUB_0.xyz,topolocial,NOT_CONNECTED_MOLECULE
5634,/home/shachar/repos/PorCrystalStructures/data/raw_xyz/xyz/porphyrins/XAHVUB_1.xyz,metal,NO_METAL
5635,/home/shachar/repos/PorCrystalStructures/data/raw_xyz/xyz/porphyrins/XAHWAI_0.xyz,topolocial,NOT_CONNECTED_MOLECULE
5636,/home/shachar/repos/PorCrystalStructures/data/raw_xyz/xyz/porphyrins/XAHWAI_1.xyz,metal,NO_METAL
5637,/home/shachar/repos/PorCrystalStructures/data/raw_xyz/xyz/porphyrins/XAJMEB_0.xyz,metal,NO_METAL
5638,/home/shachar/repos/PorCrystalStructures/data/raw_xyz/xyz/porphyrins/XAJMEB_1.xyz,metal,NO_METAL
5639,/home/shachar/repos/PorCrystalStructures/data/raw_xyz/xyz/porphyrins/XAJPEE_0.xyz,topolocial,NOT_A_MONOMER
5640,/home/shachar/repos/PorCrystalStructures/data/raw_xyz/xyz/porphyrins/XAKFOH_0.xyz,charge,MOL_ODD_NUMBER_OF_ELECTRONS
5641,/home/shachar/repos/PorCrystalStructures/data/raw_xyz/xyz/porphyrins/XALYAK_0.xyz,charge,MOL_ODD_NUMBER_OF_ELECTRONS
5642,/home/shachar/repos/PorCrystalStructures/data/raw_xyz/xyz/porphyrins/XALYAK_1.xyz,metal,NO_METAL
5643,/home/shachar/repos/PorCrystalStructures/data/raw_xyz/xyz/porphyrins/XAMGOH_0.xyz,charge,TOO_LARGE_COUNTER_MOL
5644,/home/shachar/repos/PorCrystalStructures/data/raw_xyz/xyz/porphyrins/XAMGOH_1.xyz,metal,NO_METAL
5645,/home/shachar/repos/PorCrystalStructures/data/raw_xyz/xyz/porphyrins/XAMHAU_0.xyz,topolocial,NOT_CONNECTED_MOLECULE
5646,/home/shachar/repos/PorCrystalStructures/data/raw_xyz/xyz/porphyrins/XAMHIC_0.xyz,valid,VALID
5647,/home/shachar/repos/PorCrystalStructures/data/raw_xyz/xyz/porphyrins/XAMHIC_1.xyz,metal,NO_METAL
5648,/home/shachar/repos/PorCrystalStructures/data/raw_xyz/xyz/porphyrins/XANCAR_0.xyz,topolocial,NOT_CONNECTED_MOLECULE
5649,/home/shachar/repos/PorCrystalStructures/data/raw_xyz/xyz/porphyrins/XANCAR_1.xyz,metal,NO_METAL
5650,/home/shachar/repos/PorCrystalStructures/data/raw_xyz/xyz/porphyrins/XANCEV_0.xyz,topolocial,NOT_CONNECTED_MOLECULE
5651,/home/shachar/repos/PorCrystalStructures/data/raw_xyz/xyz/porphyrins/XANCEV_1.xyz,metal,NO_METAL
5652,/home/shachar/repos/PorCrystalStructures/data/raw_xyz/xyz/porphyrins/XANCEV_2.xyz,metal,NO_METAL
5653,/home/shachar/repos/PorCrystalStructures/data/raw_xyz/xyz/porphyrins/XANDOI_0.xyz,topolocial,NOT_SATURATED
5654,/home/shachar/repos/PorCrystalStructures/data/raw_xyz/xyz/porphyrins/XANVEP_0.xyz,topolocial,NOT_A_MONOMER
5655,/home/shachar/repos/PorCrystalStructures/data/raw_xyz/xyz/porphyrins/XANVEP_1.xyz,metal,NO_METAL
5656,/home/shachar/repos/PorCrystalStructures/data/raw_xyz/xyz/porphyrins/XAPJAD_0.xyz,valid,VALID
5657,/home/shachar/repos/PorCrystalStructures/data/raw_xyz/xyz/porphyrins/XAQHOO_0.xyz,metal,NO_METAL
5658,/home/shachar/repos/PorCrystalStructures/data/raw_xyz/xyz/porphyrins/XARNEJ_0.xyz,topolocial,PYRROLE_NOT_BOUND_TO_METAL
5659,/home/shachar/repos/PorCrystalStructures/data/raw_xyz/xyz/porphyrins/XARTIT_0.xyz,topolocial,NOT_A_MONOMER
5660,/home/shachar/repos/PorCrystalStructures/data/raw_xyz/xyz/porphyrins/XARTIT_1.xyz,metal,NO_METAL
5661,/home/shachar/repos/PorCrystalStructures/data/raw_xyz/xyz/porphyrins/XAVBON_0.xyz,metal,NO_METAL
5662,/home/shachar/repos/PorCrystalStructures/data/raw_xyz/xyz/porphyrins/XAVBUT_0.xyz,metal,NO_METAL
5663,/home/shachar/repos/PorCrystalStructures/data/raw_xyz/xyz/porphyrins/XAVLUE_0.xyz,topolocial,NOT_A_MONOMER
5664,/home/shachar/repos/PorCrystalStructures/data/raw_xyz/xyz/porphyrins/XAVLUE_1.xyz,metal,NO_METAL
5665,/home/shachar/repos/PorCrystalStructures/data/raw_xyz/xyz/porphyrins/XAVLUE_2.xyz,metal,NO_METAL
5666,/home/shachar/repos/PorCrystalStructures/data/raw_xyz/xyz/porphyrins/XAWRUI_0.xyz,charge,COUNTER_MOL_ODD_NUMBER_OF_ELECTRONS
5667,/home/shachar/repos/PorCrystalStructures/data/raw_xyz/xyz/porphyrins/XAWRUI_1.xyz,metal,NO_METAL
5668,/home/shachar/repos/PorCrystalStructures/data/raw_xyz/xyz/porphyrins/XAWRUI_2.xyz,metal,NO_METAL
5669,/home/shachar/repos/PorCrystalStructures/data/raw_xyz/xyz/porphyrins/XAWRUI_3.xyz,metal,NO_METAL
5670,/home/shachar/repos/PorCrystalStructures/data/raw_xyz/xyz/porphyrins/XAWSET_0.xyz,charge,TOO_LARGE_COUNTER_MOL
5671,/home/shachar/repos/PorCrystalStructures/data/raw_xyz/xyz/porphyrins/XAWSET_1.xyz,metal,NO_METAL
5672,/home/shachar/repos/PorCrystalStructures/data/raw_xyz/xyz/porphyrins/XAZKOB_0.xyz,topolocial,NOT_CONNECTED_MOLECULE
5673,/home/shachar/repos/PorCrystalStructures/data/raw_xyz/xyz/porphyrins/XAZKOB_1.xyz,metal,NO_METAL
5674,/home/shachar/repos/PorCrystalStructures/data/raw_xyz/xyz/porphyrins/XECRUT_0.xyz,metal,NO_METAL
5675,/home/shachar/repos/PorCrystalStructures/data/raw_xyz/xyz/porphyrins/XECSAA_0.xyz,topolocial,NOT_A_MONOMER
5676,/home/shachar/repos/PorCrystalStructures/data/raw_xyz/xyz/porphyrins/XEDTAE_0.xyz,valid,VALID
5677,/home/shachar/repos/PorCrystalStructures/data/raw_xyz/xyz/porphyrins/XEDTAE_1.xyz,metal,NO_METAL
5678,/home/shachar/repos/PorCrystalStructures/data/raw_xyz/xyz/porphyrins/XEDVAE_0.xyz,metal,NO_METAL
5679,/home/shachar/repos/PorCrystalStructures/data/raw_xyz/xyz/porphyrins/XEDVAE_1.xyz,metal,NO_METAL
5680,/home/shachar/repos/PorCrystalStructures/data/raw_xyz/xyz/porphyrins/XEFVIP_0.xyz,metal,NO_METAL
5681,/home/shachar/repos/PorCrystalStructures/data/raw_xyz/xyz/porphyrins/XEFWIO_0.xyz,valid,VALID
5682,/home/shachar/repos/PorCrystalStructures/data/raw_xyz/xyz/porphyrins/XEFWOU_0.xyz,topolocial,DOESNT_HAVE_METAL
5683,/home/shachar/repos/PorCrystalStructures/data/raw_xyz/xyz/porphyrins/XEFWOU_1.xyz,metal,NO_METAL
5684,/home/shachar/repos/PorCrystalStructures/data/raw_xyz/xyz/porphyrins/XEGMIH_0.xyz,metal,NO_METAL
5685,/home/shachar/repos/PorCrystalStructures/data/raw_xyz/xyz/porphyrins/XEGMON_0.xyz,metal,NO_METAL
5686,/home/shachar/repos/PorCrystalStructures/data/raw_xyz/xyz/porphyrins/XEGRUY_0.xyz,topolocial,NOT_CONNECTED_MOLECULE
5687,/home/shachar/repos/PorCrystalStructures/data/raw_xyz/xyz/porphyrins/XEGRUY_1.xyz,charge,TOO_LARGE_COUNTER_MOL
5688,/home/shachar/repos/PorCrystalStructures/data/raw_xyz/xyz/porphyrins/XEGRUY_2.xyz,metal,NO_METAL
5689,/home/shachar/repos/PorCrystalStructures/data/raw_xyz/xyz/porphyrins/XEGRUY_3.xyz,metal,NO_METAL
5690,/home/shachar/repos/PorCrystalStructures/data/raw_xyz/xyz/porphyrins/XEGSAF_0.xyz,topolocial,NOT_CONNECTED_MOLECULE
5691,/home/shachar/repos/PorCrystalStructures/data/raw_xyz/xyz/porphyrins/XEGSAF_1.xyz,metal,NO_METAL
5692,/home/shachar/repos/PorCrystalStructures/data/raw_xyz/xyz/porphyrins/XEGSUY_0.xyz,metal,NO_METAL
5693,/home/shachar/repos/PorCrystalStructures/data/raw_xyz/xyz/porphyrins/XEGSUY_1.xyz,metal,NO_METAL
5694,/home/shachar/repos/PorCrystalStructures/data/raw_xyz/xyz/porphyrins/XEHGUN_0.xyz,topolocial,BIDENTATE_MACROCYCLE_SUBS
5695,/home/shachar/repos/PorCrystalStructures/data/raw_xyz/xyz/porphyrins/XEHGUN_1.xyz,metal,NO_METAL
5696,/home/shachar/repos/PorCrystalStructures/data/raw_xyz/xyz/porphyrins/XELFAX_0.xyz,metal,NO_METAL
5697,/home/shachar/repos/PorCrystalStructures/data/raw_xyz/xyz/porphyrins/XELFAX_1.xyz,metal,NO_METAL
5698,/home/shachar/repos/PorCrystalStructures/data/raw_xyz/xyz/porphyrins/XELFAX_2.xyz,metal,NO_METAL
5699,/home/shachar/repos/PorCrystalStructures/data/raw_xyz/xyz/porphyrins/XELFAX_3.xyz,metal,NO_METAL
5700,/home/shachar/repos/PorCrystalStructures/data/raw_xyz/xyz/porphyrins/XELFAX_4.xyz,metal,NO_METAL
5701,/home/shachar/repos/PorCrystalStructures/data/raw_xyz/xyz/porphyrins/XELFIF_0.xyz,metal,NO_METAL
5702,/home/shachar/repos/PorCrystalStructures/data/raw_xyz/xyz/porphyrins/XELFIF_1.xyz,metal,NO_METAL
5703,/home/shachar/repos/PorCrystalStructures/data/raw_xyz/xyz/porphyrins/XEMCIC_0.xyz,metal,NO_METAL
5704,/home/shachar/repos/PorCrystalStructures/data/raw_xyz/xyz/porphyrins/XEMKAB_0.xyz,metal,NO_METAL
5705,/home/shachar/repos/PorCrystalStructures/data/raw_xyz/xyz/porphyrins/XEMKAB_1.xyz,metal,NO_METAL
5706,/home/shachar/repos/PorCrystalStructures/data/raw_xyz/xyz/porphyrins/XEMKAB_2.xyz,metal,NO_METAL
5707,/home/shachar/repos/PorCrystalStructures/data/raw_xyz/xyz/porphyrins/XEMKAB_3.xyz,topolocial,NOT_A_MONOMER
5708,/home/shachar/repos/PorCrystalStructures/data/raw_xyz/xyz/porphyrins/XEMKEF_0.xyz,metal,NO_METAL
5709,/home/shachar/repos/PorCrystalStructures/data/raw_xyz/xyz/porphyrins/XEMKEF_1.xyz,metal,NO_METAL
5710,/home/shachar/repos/PorCrystalStructures/data/raw_xyz/xyz/porphyrins/XEMKEF_2.xyz,metal,NO_METAL
5711,/home/shachar/repos/PorCrystalStructures/data/raw_xyz/xyz/porphyrins/XEMKEF_3.xyz,metal,NO_METAL
5712,/home/shachar/repos/PorCrystalStructures/data/raw_xyz/xyz/porphyrins/XEMKEF_4.xyz,topolocial,NOT_A_MONOMER
5713,/home/shachar/repos/PorCrystalStructures/data/raw_xyz/xyz/porphyrins/XEMKIJ_0.xyz,metal,NO_METAL
5714,/home/shachar/repos/PorCrystalStructures/data/raw_xyz/xyz/porphyrins/XEMKIJ_1.xyz,metal,NO_METAL
5715,/home/shachar/repos/PorCrystalStructures/data/raw_xyz/xyz/porphyrins/XEMKIJ_2.xyz,topolocial,NOT_A_MONOMER
5716,/home/shachar/repos/PorCrystalStructures/data/raw_xyz/xyz/porphyrins/XENLOV_0.xyz,charge,MOL_ODD_NUMBER_OF_ELECTRONS
5717,/home/shachar/repos/PorCrystalStructures/data/raw_xyz/xyz/porphyrins/XENLUB_0.xyz,charge,MOL_ODD_NUMBER_OF_ELECTRONS
5718,/home/shachar/repos/PorCrystalStructures/data/raw_xyz/xyz/porphyrins/XENQIS_0.xyz,topolocial,NOT_CONNECTED_MOLECULE
5719,/home/shachar/repos/PorCrystalStructures/data/raw_xyz/xyz/porphyrins/XENQIS_1.xyz,metal,NO_METAL
5720,/home/shachar/repos/PorCrystalStructures/data/raw_xyz/xyz/porphyrins/XENQOY_0.xyz,topolocial,BIDENTATE_MACROCYCLE_SUBS
5721,/home/shachar/repos/PorCrystalStructures/data/raw_xyz/xyz/porphyrins/XENQOY_1.xyz,metal,NO_METAL
5722,/home/shachar/repos/PorCrystalStructures/data/raw_xyz/xyz/porphyrins/XENQOY_2.xyz,metal,NO_METAL
5723,/home/shachar/repos/PorCrystalStructures/data/raw_xyz/xyz/porphyrins/XEPTIW_0.xyz,topolocial,NOT_CONNECTED_MOLECULE
5724,/home/shachar/repos/PorCrystalStructures/data/raw_xyz/xyz/porphyrins/XEPTIW_1.xyz,topolocial,NOT_CONNECTED_MOLECULE
5725,/home/shachar/repos/PorCrystalStructures/data/raw_xyz/xyz/porphyrins/XEPTUI_0.xyz,valid,VALID
5726,/home/shachar/repos/PorCrystalStructures/data/raw_xyz/xyz/porphyrins/XEPZIC_0.xyz,topolocial,NOT_A_MONOMER
5727,/home/shachar/repos/PorCrystalStructures/data/raw_xyz/xyz/porphyrins/XEPZOI_0.xyz,valid,VALID
5728,/home/shachar/repos/PorCrystalStructures/data/raw_xyz/xyz/porphyrins/XEPZUO_0.xyz,valid,VALID
5729,/home/shachar/repos/PorCrystalStructures/data/raw_xyz/xyz/porphyrins/XERNAJ_0.xyz,charge,MOL_ODD_NUMBER_OF_ELECTRONS
5730,/home/shachar/repos/PorCrystalStructures/data/raw_xyz/xyz/porphyrins/XEVFIQ_0.xyz,metal,NO_METAL
5731,/home/shachar/repos/PorCrystalStructures/data/raw_xyz/xyz/porphyrins/XEVFIQ_1.xyz,metal,NO_METAL
5732,/home/shachar/repos/PorCrystalStructures/data/raw_xyz/xyz/porphyrins/XEVFIQ_2.xyz,metal,NO_METAL
5733,/home/shachar/repos/PorCrystalStructures/data/raw_xyz/xyz/porphyrins/XEVWUR_0.xyz,metal,NO_METAL
5734,/home/shachar/repos/PorCrystalStructures/data/raw_xyz/xyz/porphyrins/XEYVUS_0.xyz,valid,VALID
5735,/home/shachar/repos/PorCrystalStructures/data/raw_xyz/xyz/porphyrins/XEYVUS_1.xyz,metal,NO_METAL
5736,/home/shachar/repos/PorCrystalStructures/data/raw_xyz/xyz/porphyrins/XEYVUS_2.xyz,metal,NO_METAL
5737,/home/shachar/repos/PorCrystalStructures/data/raw_xyz/xyz/porphyrins/XEZVED01_0.xyz,valid,VALID
5738,/home/shachar/repos/PorCrystalStructures/data/raw_xyz/xyz/porphyrins/XEZVED_0.xyz,valid,VALID
5739,/home/shachar/repos/PorCrystalStructures/data/raw_xyz/xyz/porphyrins/XEZVIH_0.xyz,charge,COUNTER_MOL_ODD_NUMBER_OF_ELECTRONS
5740,/home/shachar/repos/PorCrystalStructures/data/raw_xyz/xyz/porphyrins/XEZVIH_1.xyz,metal,NO_METAL
5741,/home/shachar/repos/PorCrystalStructures/data/raw_xyz/xyz/porphyrins/XEZVIH_2.xyz,metal,NO_METAL
5742,/home/shachar/repos/PorCrystalStructures/data/raw_xyz/xyz/porphyrins/XEZVON_0.xyz,metal,NO_METAL
5743,/home/shachar/repos/PorCrystalStructures/data/raw_xyz/xyz/porphyrins/XEZVON_1.xyz,metal,NO_METAL
5744,/home/shachar/repos/PorCrystalStructures/data/raw_xyz/xyz/porphyrins/XICCOC_0.xyz,topolocial,NOT_A_MONOMER
5745,/home/shachar/repos/PorCrystalStructures/data/raw_xyz/xyz/porphyrins/XICCOC_1.xyz,metal,NO_METAL
5746,/home/shachar/repos/PorCrystalStructures/data/raw_xyz/xyz/porphyrins/XICVAI_0.xyz,topolocial,NOT_SATURATED
5747,/home/shachar/repos/PorCrystalStructures/data/raw_xyz/xyz/porphyrins/XICVAI_1.xyz,metal,NO_METAL
5748,/home/shachar/repos/PorCrystalStructures/data/raw_xyz/xyz/porphyrins/XIFBEU_0.xyz,metal,NO_METAL
5749,/home/shachar/repos/PorCrystalStructures/data/raw_xyz/xyz/porphyrins/XIFBIY_0.xyz,metal,NO_METAL
5750,/home/shachar/repos/PorCrystalStructures/data/raw_xyz/xyz/porphyrins/XIFBIY_1.xyz,metal,NO_METAL
5751,/home/shachar/repos/PorCrystalStructures/data/raw_xyz/xyz/porphyrins/XIFBOE_0.xyz,metal,NO_METAL
5752,/home/shachar/repos/PorCrystalStructures/data/raw_xyz/xyz/porphyrins/XIFBUK_0.xyz,metal,NO_METAL
5753,/home/shachar/repos/PorCrystalStructures/data/raw_xyz/xyz/porphyrins/XIFCAR_0.xyz,metal,NO_METAL
5754,/home/shachar/repos/PorCrystalStructures/data/raw_xyz/xyz/porphyrins/XIFCAR_1.xyz,metal,NO_METAL
5755,/home/shachar/repos/PorCrystalStructures/data/raw_xyz/xyz/porphyrins/XIFCAR_2.xyz,metal,NO_METAL
5756,/home/shachar/repos/PorCrystalStructures/data/raw_xyz/xyz/porphyrins/XIFCAR_3.xyz,metal,NO_METAL
5757,/home/shachar/repos/PorCrystalStructures/data/raw_xyz/xyz/porphyrins/XIFCEV_0.xyz,metal,NO_METAL
5758,/home/shachar/repos/PorCrystalStructures/data/raw_xyz/xyz/porphyrins/XIFCEV_1.xyz,metal,NO_METAL
5759,/home/shachar/repos/PorCrystalStructures/data/raw_xyz/xyz/porphyrins/XIFCEV_2.xyz,metal,NO_METAL
5760,/home/shachar/repos/PorCrystalStructures/data/raw_xyz/xyz/porphyrins/XIFCEV_3.xyz,metal,NO_METAL
5761,/home/shachar/repos/PorCrystalStructures/data/raw_xyz/xyz/porphyrins/XIFVIT_0.xyz,metal,NO_METAL
5762,/home/shachar/repos/PorCrystalStructures/data/raw_xyz/xyz/porphyrins/XIFVOZ_0.xyz,valence,BAD VALENCE
5763,/home/shachar/repos/PorCrystalStructures/data/raw_xyz/xyz/porphyrins/XIFWAM_0.xyz,topolocial,NOT_CONNECTED_MOLECULE
5764,/home/shachar/repos/PorCrystalStructures/data/raw_xyz/xyz/porphyrins/XIFWAM_1.xyz,metal,NO_METAL
5765,/home/shachar/repos/PorCrystalStructures/data/raw_xyz/xyz/porphyrins/XIHVUH_0.xyz,topolocial,NOT_A_MONOMER
5766,/home/shachar/repos/PorCrystalStructures/data/raw_xyz/xyz/porphyrins/XIKMUB_0.xyz,charge,MOL_ODD_NUMBER_OF_ELECTRONS
5767,/home/shachar/repos/PorCrystalStructures/data/raw_xyz/xyz/porphyrins/XIKSAL_0.xyz,topolocial,NOT_CONNECTED_MOLECULE
5768,/home/shachar/repos/PorCrystalStructures/data/raw_xyz/xyz/porphyrins/XIMKOT_0.xyz,topolocial,NOT_A_MONOMER
5769,/home/shachar/repos/PorCrystalStructures/data/raw_xyz/xyz/porphyrins/XIMKOT_1.xyz,charge,MOL_ODD_NUMBER_OF_ELECTRONS
5770,/home/shachar/repos/PorCrystalStructures/data/raw_xyz/xyz/porphyrins/XIMKOT_2.xyz,metal,NO_METAL
5771,/home/shachar/repos/PorCrystalStructures/data/raw_xyz/xyz/porphyrins/XIMKOT_3.xyz,metal,NO_METAL
5772,/home/shachar/repos/PorCrystalStructures/data/raw_xyz/xyz/porphyrins/XIMQAL_0.xyz,metal,NO_METAL
5773,/home/shachar/repos/PorCrystalStructures/data/raw_xyz/xyz/porphyrins/XIPLEO_0.xyz,topolocial,NOT_SATURATED
5774,/home/shachar/repos/PorCrystalStructures/data/raw_xyz/xyz/porphyrins/XIPLEO_1.xyz,metal,NO_METAL
5775,/home/shachar/repos/PorCrystalStructures/data/raw_xyz/xyz/porphyrins/XIQKUG_0.xyz,metal,NO_METAL
5776,/home/shachar/repos/PorCrystalStructures/data/raw_xyz/xyz/porphyrins/XISYIH_0.xyz,valid,VALID
5777,/home/shachar/repos/PorCrystalStructures/data/raw_xyz/xyz/porphyrins/XITTIE_0.xyz,metal,NO_METAL
5778,/home/shachar/repos/PorCrystalStructures/data/raw_xyz/xyz/porphyrins/XITTIE_1.xyz,metal,NO_METAL
5779,/home/shachar/repos/PorCrystalStructures/data/raw_xyz/xyz/porphyrins/XITTIE_2.xyz,metal,NO_METAL
5780,/home/shachar/repos/PorCrystalStructures/data/raw_xyz/xyz/porphyrins/XIVGAM_0.xyz,topolocial,NOT_CONNECTED_MOLECULE
5781,/home/shachar/repos/PorCrystalStructures/data/raw_xyz/xyz/porphyrins/XIWYOS_0.xyz,topolocial,NOT_A_MONOMER
5782,/home/shachar/repos/PorCrystalStructures/data/raw_xyz/xyz/porphyrins/XIXCOX_0.xyz,metal,NO_METAL
5783,/home/shachar/repos/PorCrystalStructures/data/raw_xyz/xyz/porphyrins/XIXCOX_1.xyz,metal,NO_METAL
5784,/home/shachar/repos/PorCrystalStructures/data/raw_xyz/xyz/porphyrins/XIXCOX_2.xyz,metal,NO_METAL
5785,/home/shachar/repos/PorCrystalStructures/data/raw_xyz/xyz/porphyrins/XIXNIE_0.xyz,topolocial,NOT_A_MONOMER
5786,/home/shachar/repos/PorCrystalStructures/data/raw_xyz/xyz/porphyrins/XIXNOK_0.xyz,metal,NO_METAL
5787,/home/shachar/repos/PorCrystalStructures/data/raw_xyz/xyz/porphyrins/XIXNUQ_0.xyz,topolocial,NOT_A_MONOMER
5788,/home/shachar/repos/PorCrystalStructures/data/raw_xyz/xyz/porphyrins/XIXRII_0.xyz,valid,VALID
5789,/home/shachar/repos/PorCrystalStructures/data/raw_xyz/xyz/porphyrins/XIXRUU_0.xyz,topolocial,NOT_CONNECTED_MOLECULE
5790,/home/shachar/repos/PorCrystalStructures/data/raw_xyz/xyz/porphyrins/XIXRUU_1.xyz,metal,NO_METAL
5791,/home/shachar/repos/PorCrystalStructures/data/raw_xyz/xyz/porphyrins/XIYFUG_0.xyz,topolocial,NOT_CONNECTED_MOLECULE
5792,/home/shachar/repos/PorCrystalStructures/data/raw_xyz/xyz/porphyrins/XIYFUG_1.xyz,metal,NO_METAL
5793,/home/shachar/repos/PorCrystalStructures/data/raw_xyz/xyz/porphyrins/XIZLOK_0.xyz,topolocial,NOT_CONNECTED_MOLECULE
5794,/home/shachar/repos/PorCrystalStructures/data/raw_xyz/xyz/porphyrins/XIZLOK_1.xyz,metal,NO_METAL
5795,/home/shachar/repos/PorCrystalStructures/data/raw_xyz/xyz/porphyrins/XODSUE_0.xyz,metal,NO_METAL
5796,/home/shachar/repos/PorCrystalStructures/data/raw_xyz/xyz/porphyrins/XODSUE_1.xyz,metal,NO_METAL
5797,/home/shachar/repos/PorCrystalStructures/data/raw_xyz/xyz/porphyrins/XODTEP_0.xyz,topolocial,NOT_A_MONOMER
5798,/home/shachar/repos/PorCrystalStructures/data/raw_xyz/xyz/porphyrins/XODTEP_1.xyz,metal,NO_METAL
5799,/home/shachar/repos/PorCrystalStructures/data/raw_xyz/xyz/porphyrins/XODTEP_2.xyz,metal,NO_METAL
5800,/home/shachar/repos/PorCrystalStructures/data/raw_xyz/xyz/porphyrins/XOFGEH_0.xyz,topolocial,BIDENTATE_MACROCYCLE_SUBS
5801,/home/shachar/repos/PorCrystalStructures/data/raw_xyz/xyz/porphyrins/XOFGEH_1.xyz,metal,NO_METAL
5802,/home/shachar/repos/PorCrystalStructures/data/raw_xyz/xyz/porphyrins/XOFGEH_2.xyz,metal,NO_METAL
5803,/home/shachar/repos/PorCrystalStructures/data/raw_xyz/xyz/porphyrins/XOFGEH_3.xyz,metal,NO_METAL
5804,/home/shachar/repos/PorCrystalStructures/data/raw_xyz/xyz/porphyrins/XOFJOR_0.xyz,topolocial,NOT_CONNECTED_MOLECULE
5805,/home/shachar/repos/PorCrystalStructures/data/raw_xyz/xyz/porphyrins/XOFJOR_1.xyz,metal,NO_METAL
5806,/home/shachar/repos/PorCrystalStructures/data/raw_xyz/xyz/porphyrins/XOFKEI_0.xyz,topolocial,NOT_SATURATED
5807,/home/shachar/repos/PorCrystalStructures/data/raw_xyz/xyz/porphyrins/XOFKEI_1.xyz,metal,NO_METAL
5808,/home/shachar/repos/PorCrystalStructures/data/raw_xyz/xyz/porphyrins/XOFKIM_0.xyz,valid,VALID
5809,/home/shachar/repos/PorCrystalStructures/data/raw_xyz/xyz/porphyrins/XOFKIM_1.xyz,metal,NO_METAL
5810,/home/shachar/repos/PorCrystalStructures/data/raw_xyz/xyz/porphyrins/XOFLUZ_0.xyz,topolocial,NOT_CONNECTED_MOLECULE
5811,/home/shachar/repos/PorCrystalStructures/data/raw_xyz/xyz/porphyrins/XOFLUZ_1.xyz,metal,NO_METAL
5812,/home/shachar/repos/PorCrystalStructures/data/raw_xyz/xyz/porphyrins/XOLHAK_0.xyz,charge,COUNTER_MOL_ODD_NUMBER_OF_ELECTRONS
5813,/home/shachar/repos/PorCrystalStructures/data/raw_xyz/xyz/porphyrins/XOLHAK_1.xyz,metal,NO_METAL
5814,/home/shachar/repos/PorCrystalStructures/data/raw_xyz/xyz/porphyrins/XOLHAK_2.xyz,metal,NO_METAL
5815,/home/shachar/repos/PorCrystalStructures/data/raw_xyz/xyz/porphyrins/XOMFOU_0.xyz,metal,NO_METAL
5816,/home/shachar/repos/PorCrystalStructures/data/raw_xyz/xyz/porphyrins/XOMHIQ_0.xyz,topolocial,NOT_CONNECTED_MOLECULE
5817,/home/shachar/repos/PorCrystalStructures/data/raw_xyz/xyz/porphyrins/XOMHIQ_1.xyz,metal,NO_METAL
5818,/home/shachar/repos/PorCrystalStructures/data/raw_xyz/xyz/porphyrins/XOMHIQ_2.xyz,metal,NO_METAL
5819,/home/shachar/repos/PorCrystalStructures/data/raw_xyz/xyz/porphyrins/XOMHIQ_3.xyz,metal,NO_METAL
5820,/home/shachar/repos/PorCrystalStructures/data/raw_xyz/xyz/porphyrins/XOMNUK_0.xyz,metal,NO_METAL
5821,/home/shachar/repos/PorCrystalStructures/data/raw_xyz/xyz/porphyrins/XONNOD_0.xyz,topolocial,NOT_A_MONOMER
5822,/home/shachar/repos/PorCrystalStructures/data/raw_xyz/xyz/porphyrins/XONNOD_1.xyz,metal,NO_METAL
5823,/home/shachar/repos/PorCrystalStructures/data/raw_xyz/xyz/porphyrins/XONNOD_2.xyz,metal,NO_METAL
5824,/home/shachar/repos/PorCrystalStructures/data/raw_xyz/xyz/porphyrins/XOPVAC_0.xyz,topolocial,NOT_CONNECTED_MOLECULE
5825,/home/shachar/repos/PorCrystalStructures/data/raw_xyz/xyz/porphyrins/XOPVAC_1.xyz,metal,NO_METAL
5826,/home/shachar/repos/PorCrystalStructures/data/raw_xyz/xyz/porphyrins/XOSCEQ_0.xyz,topolocial,NOT_CONNECTED_MOLECULE
5827,/home/shachar/repos/PorCrystalStructures/data/raw_xyz/xyz/porphyrins/XOSXIP01_0.xyz,topolocial,NOT_CONNECTED_MOLECULE
5828,/home/shachar/repos/PorCrystalStructures/data/raw_xyz/xyz/porphyrins/XOSXIP_0.xyz,topolocial,NOT_CONNECTED_MOLECULE
5829,/home/shachar/repos/PorCrystalStructures/data/raw_xyz/xyz/porphyrins/XOTHEW_0.xyz,metal,NO_METAL
5830,/home/shachar/repos/PorCrystalStructures/data/raw_xyz/xyz/porphyrins/XOTHEW_1.xyz,metal,NO_METAL
5831,/home/shachar/repos/PorCrystalStructures/data/raw_xyz/xyz/porphyrins/XOVBAL_0.xyz,topolocial,NOT_CONNECTED_MOLECULE
5832,/home/shachar/repos/PorCrystalStructures/data/raw_xyz/xyz/porphyrins/XOVBAL_1.xyz,metal,NO_METAL
5833,/home/shachar/repos/PorCrystalStructures/data/raw_xyz/xyz/porphyrins/XOVBEP_0.xyz,topolocial,PYRROLE_NOT_BOUND_TO_METAL
5834,/home/shachar/repos/PorCrystalStructures/data/raw_xyz/xyz/porphyrins/XOVBEP_1.xyz,metal,NO_METAL
5835,/home/shachar/repos/PorCrystalStructures/data/raw_xyz/xyz/porphyrins/XOWVAJ_0.xyz,topolocial,BIDENTATE_MACROCYCLE_SUBS
5836,/home/shachar/repos/PorCrystalStructures/data/raw_xyz/xyz/porphyrins/XUBFEG_0.xyz,topolocial,NOT_CONNECTED_MOLECULE
5837,/home/shachar/repos/PorCrystalStructures/data/raw_xyz/xyz/porphyrins/XUBFEG_1.xyz,topolocial,NOT_CONNECTED_MOLECULE
5838,/home/shachar/repos/PorCrystalStructures/data/raw_xyz/xyz/porphyrins/XUBFEG_2.xyz,metal,NO_METAL
5839,/home/shachar/repos/PorCrystalStructures/data/raw_xyz/xyz/porphyrins/XUBFEG_3.xyz,metal,NO_METAL
5840,/home/shachar/repos/PorCrystalStructures/data/raw_xyz/xyz/porphyrins/XUBFEG_4.xyz,metal,NO_METAL
5841,/home/shachar/repos/PorCrystalStructures/data/raw_xyz/xyz/porphyrins/XUBFEG_5.xyz,metal,NO_METAL
5842,/home/shachar/repos/PorCrystalStructures/data/raw_xyz/xyz/porphyrins/XUBFEG_6.xyz,metal,NO_METAL
5843,/home/shachar/repos/PorCrystalStructures/data/raw_xyz/xyz/porphyrins/XUCHIP_0.xyz,topolocial,NOT_A_MONOMER
5844,/home/shachar/repos/PorCrystalStructures/data/raw_xyz/xyz/porphyrins/XUCHIP_1.xyz,metal,NO_METAL
5845,/home/shachar/repos/PorCrystalStructures/data/raw_xyz/xyz/porphyrins/XUCHIP_2.xyz,metal,NO_METAL
5846,/home/shachar/repos/PorCrystalStructures/data/raw_xyz/xyz/porphyrins/XUCHIP_3.xyz,metal,NO_METAL
5847,/home/shachar/repos/PorCrystalStructures/data/raw_xyz/xyz/porphyrins/XUCKAK01_0.xyz,metal,NO_METAL
5848,/home/shachar/repos/PorCrystalStructures/data/raw_xyz/xyz/porphyrins/XUCKAK01_1.xyz,metal,NO_METAL
5849,/home/shachar/repos/PorCrystalStructures/data/raw_xyz/xyz/porphyrins/XUCKAK_0.xyz,metal,NO_METAL
5850,/home/shachar/repos/PorCrystalStructures/data/raw_xyz/xyz/porphyrins/XUCKAK_1.xyz,metal,NO_METAL
5851,/home/shachar/repos/PorCrystalStructures/data/raw_xyz/xyz/porphyrins/XUCKIS_0.xyz,metal,NO_METAL
5852,/home/shachar/repos/PorCrystalStructures/data/raw_xyz/xyz/porphyrins/XUCKIS_1.xyz,metal,NO_METAL
5853,/home/shachar/repos/PorCrystalStructures/data/raw_xyz/xyz/porphyrins/XUCMOY_0.xyz,metal,NO_METAL
5854,/home/shachar/repos/PorCrystalStructures/data/raw_xyz/xyz/porphyrins/XUCTEU_0.xyz,topolocial,NOT_A_MONOMER
5855,/home/shachar/repos/PorCrystalStructures/data/raw_xyz/xyz/porphyrins/XUDYIF_0.xyz,metal,NO_METAL
5856,/home/shachar/repos/PorCrystalStructures/data/raw_xyz/xyz/porphyrins/XUDYIF_1.xyz,metal,NO_METAL
5857,/home/shachar/repos/PorCrystalStructures/data/raw_xyz/xyz/porphyrins/XUFREY_0.xyz,topolocial,NOT_CONNECTED_MOLECULE
5858,/home/shachar/repos/PorCrystalStructures/data/raw_xyz/xyz/porphyrins/XUKDAI_0.xyz,topolocial,NOT_CONNECTED_MOLECULE
5859,/home/shachar/repos/PorCrystalStructures/data/raw_xyz/xyz/porphyrins/XUKDAI_1.xyz,charge,TOO_LARGE_COUNTER_MOL
5860,/home/shachar/repos/PorCrystalStructures/data/raw_xyz/xyz/porphyrins/XUKDAI_2.xyz,metal,NO_METAL
5861,/home/shachar/repos/PorCrystalStructures/data/raw_xyz/xyz/porphyrins/XUKDAI_3.xyz,metal,NO_METAL
5862,/home/shachar/repos/PorCrystalStructures/data/raw_xyz/xyz/porphyrins/XUKYAD_0.xyz,metal,NO_METAL
5863,/home/shachar/repos/PorCrystalStructures/data/raw_xyz/xyz/porphyrins/XUKYAD_1.xyz,metal,NO_METAL
5864,/home/shachar/repos/PorCrystalStructures/data/raw_xyz/xyz/porphyrins/XUKYAD_2.xyz,metal,NO_METAL
5865,/home/shachar/repos/PorCrystalStructures/data/raw_xyz/xyz/porphyrins/XULDUE_0.xyz,charge,MOL_ODD_NUMBER_OF_ELECTRONS
5866,/home/shachar/repos/PorCrystalStructures/data/raw_xyz/xyz/porphyrins/XUMPAY_0.xyz,valid,VALID
5867,/home/shachar/repos/PorCrystalStructures/data/raw_xyz/xyz/porphyrins/XUMPAY_1.xyz,metal,NO_METAL
5868,/home/shachar/repos/PorCrystalStructures/data/raw_xyz/xyz/porphyrins/XURKIE_0.xyz,charge,MOL_ODD_NUMBER_OF_ELECTRONS
5869,/home/shachar/repos/PorCrystalStructures/data/raw_xyz/xyz/porphyrins/XURKIE_1.xyz,metal,NO_METAL
5870,/home/shachar/repos/PorCrystalStructures/data/raw_xyz/xyz/porphyrins/XURKOK_0.xyz,charge,MOL_ODD_NUMBER_OF_ELECTRONS
5871,/home/shachar/repos/PorCrystalStructures/data/raw_xyz/xyz/porphyrins/XURKUQ_0.xyz,charge,MOL_ODD_NUMBER_OF_ELECTRONS
5872,/home/shachar/repos/PorCrystalStructures/data/raw_xyz/xyz/porphyrins/XURLAX_0.xyz,topolocial,NOT_CONNECTED_MOLECULE
5873,/home/shachar/repos/PorCrystalStructures/data/raw_xyz/xyz/porphyrins/XURLAX_1.xyz,metal,NO_METAL
5874,/home/shachar/repos/PorCrystalStructures/data/raw_xyz/xyz/porphyrins/XUSYAO_0.xyz,metal,NO_METAL
5875,/home/shachar/repos/PorCrystalStructures/data/raw_xyz/xyz/porphyrins/XUWGON_0.xyz,metal,NO_METAL
5876,/home/shachar/repos/PorCrystalStructures/data/raw_xyz/xyz/porphyrins/XUWGUT_0.xyz,metal,NO_METAL
5877,/home/shachar/repos/PorCrystalStructures/data/raw_xyz/xyz/porphyrins/XUWGUT_1.xyz,metal,NO_METAL
5878,/home/shachar/repos/PorCrystalStructures/data/raw_xyz/xyz/porphyrins/XUYGED_0.xyz,topolocial,NOT_CONNECTED_MOLECULE
5879,/home/shachar/repos/PorCrystalStructures/data/raw_xyz/xyz/porphyrins/XUYGED_1.xyz,metal,NO_METAL
5880,/home/shachar/repos/PorCrystalStructures/data/raw_xyz/xyz/porphyrins/XUYGED_2.xyz,metal,NO_METAL
5881,/home/shachar/repos/PorCrystalStructures/data/raw_xyz/xyz/porphyrins/XUYGED_3.xyz,metal,NO_METAL
5882,/home/shachar/repos/PorCrystalStructures/data/raw_xyz/xyz/porphyrins/XUYJAF_0.xyz,topolocial,NOT_CONNECTED_MOLECULE
5883,/home/shachar/repos/PorCrystalStructures/data/raw_xyz/xyz/porphyrins/XUYJAF_1.xyz,metal,NO_METAL
5884,/home/shachar/repos/PorCrystalStructures/data/raw_xyz/xyz/porphyrins/XUYJAF_2.xyz,metal,NO_METAL
5885,/home/shachar/repos/PorCrystalStructures/data/raw_xyz/xyz/porphyrins/XUYJAF_3.xyz,metal,NO_METAL
5886,/home/shachar/repos/PorCrystalStructures/data/raw_xyz/xyz/porphyrins/XUYMIP_0.xyz,metal,NO_METAL
5887,/home/shachar/repos/PorCrystalStructures/data/raw_xyz/xyz/porphyrins/XUYMUB_0.xyz,charge,COUNTER_MOL_ODD_NUMBER_OF_ELECTRONS
5888,/home/shachar/repos/PorCrystalStructures/data/raw_xyz/xyz/porphyrins/XUYMUB_1.xyz,metal,NO_METAL
5889,/home/shachar/repos/PorCrystalStructures/data/raw_xyz/xyz/porphyrins/XUZFON_0.xyz,charge,MOL_ODD_NUMBER_OF_ELECTRONS
5890,/home/shachar/repos/PorCrystalStructures/data/raw_xyz/xyz/porphyrins/XUZFON_1.xyz,metal,NO_METAL
5891,/home/shachar/repos/PorCrystalStructures/data/raw_xyz/xyz/porphyrins/XUZFUT_0.xyz,charge,MOL_ODD_NUMBER_OF_ELECTRONS
5892,/home/shachar/repos/PorCrystalStructures/data/raw_xyz/xyz/porphyrins/XUZFUT_1.xyz,metal,NO_METAL
5893,/home/shachar/repos/PorCrystalStructures/data/raw_xyz/xyz/porphyrins/XUZGAA_0.xyz,charge,MOL_ODD_NUMBER_OF_ELECTRONS
5894,/home/shachar/repos/PorCrystalStructures/data/raw_xyz/xyz/porphyrins/XUZGEE_0.xyz,charge,MOL_ODD_NUMBER_OF_ELECTRONS
5895,/home/shachar/repos/PorCrystalStructures/data/raw_xyz/xyz/porphyrins/XUZGEE_1.xyz,metal,NO_METAL
5896,/home/shachar/repos/PorCrystalStructures/data/raw_xyz/xyz/porphyrins/XUZGEE_2.xyz,metal,NO_METAL
5897,/home/shachar/repos/PorCrystalStructures/data/raw_xyz/xyz/porphyrins/XUZYUO_0.xyz,valid,VALID
5898,/home/shachar/repos/PorCrystalStructures/data/raw_xyz/xyz/porphyrins/XUZYUO_1.xyz,metal,NO_METAL
5899,/home/shachar/repos/PorCrystalStructures/data/raw_xyz/xyz/porphyrins/YADJAP_0.xyz,charge,MOL_ODD_NUMBER_OF_ELECTRONS
5900,/home/shachar/repos/PorCrystalStructures/data/raw_xyz/xyz/porphyrins/YADJAP_1.xyz,metal,NO_METAL
5901,/home/shachar/repos/PorCrystalStructures/data/raw_xyz/xyz/porphyrins/YADJAP_2.xyz,metal,NO_METAL
5902,/home/shachar/repos/PorCrystalStructures/data/raw_xyz/xyz/porphyrins/YADJET_0.xyz,metal,NO_METAL
5903,/home/shachar/repos/PorCrystalStructures/data/raw_xyz/xyz/porphyrins/YADJET_1.xyz,metal,NO_METAL
5904,/home/shachar/repos/PorCrystalStructures/data/raw_xyz/xyz/porphyrins/YADJET_2.xyz,metal,NO_METAL
5905,/home/shachar/repos/PorCrystalStructures/data/raw_xyz/xyz/porphyrins/YAFPIE_0.xyz,metal,NO_METAL
5906,/home/shachar/repos/PorCrystalStructures/data/raw_xyz/xyz/porphyrins/YAGVUB_0.xyz,topolocial,NOT_SATURATED
5907,/home/shachar/repos/PorCrystalStructures/data/raw_xyz/xyz/porphyrins/YAGVUB_1.xyz,metal,NO_METAL
5908,/home/shachar/repos/PorCrystalStructures/data/raw_xyz/xyz/porphyrins/YAGVUB_2.xyz,metal,NO_METAL
5909,/home/shachar/repos/PorCrystalStructures/data/raw_xyz/xyz/porphyrins/YAGWEM_0.xyz,topolocial,NOT_CONNECTED_MOLECULE
5910,/home/shachar/repos/PorCrystalStructures/data/raw_xyz/xyz/porphyrins/YAGWEM_1.xyz,metal,NO_METAL
5911,/home/shachar/repos/PorCrystalStructures/data/raw_xyz/xyz/porphyrins/YAJLUT_0.xyz,valid,VALID
5912,/home/shachar/repos/PorCrystalStructures/data/raw_xyz/xyz/porphyrins/YAJLUT_1.xyz,metal,NO_METAL
5913,/home/shachar/repos/PorCrystalStructures/data/raw_xyz/xyz/porphyrins/YAJNAZ_0.xyz,valid,VALID
5914,/home/shachar/repos/PorCrystalStructures/data/raw_xyz/xyz/porphyrins/YAJYIV_0.xyz,metal,NO_METAL
5915,/home/shachar/repos/PorCrystalStructures/data/raw_xyz/xyz/porphyrins/YAJYOB_0.xyz,topolocial,NOT_A_MONOMER
5916,/home/shachar/repos/PorCrystalStructures/data/raw_xyz/xyz/porphyrins/YAJYOB_1.xyz,metal,NO_METAL
5917,/home/shachar/repos/PorCrystalStructures/data/raw_xyz/xyz/porphyrins/YAKBIY_0.xyz,topolocial,NOT_CONNECTED_MOLECULE
5918,/home/shachar/repos/PorCrystalStructures/data/raw_xyz/xyz/porphyrins/YAKBIY_1.xyz,topolocial,NOT_CONNECTED_MOLECULE
5919,/home/shachar/repos/PorCrystalStructures/data/raw_xyz/xyz/porphyrins/YAKBIY_2.xyz,metal,NO_METAL
5920,/home/shachar/repos/PorCrystalStructures/data/raw_xyz/xyz/porphyrins/YALYAO_0.xyz,topolocial,NOT_CONNECTED_MOLECULE
5921,/home/shachar/repos/PorCrystalStructures/data/raw_xyz/xyz/porphyrins/YALYES_0.xyz,topolocial,NOT_CONNECTED_MOLECULE
5922,/home/shachar/repos/PorCrystalStructures/data/raw_xyz/xyz/porphyrins/YAMYIU_0.xyz,topolocial,NOT_A_MONOMER
5923,/home/shachar/repos/PorCrystalStructures/data/raw_xyz/xyz/porphyrins/YAMYIU_1.xyz,metal,NO_METAL
5924,/home/shachar/repos/PorCrystalStructures/data/raw_xyz/xyz/porphyrins/YAMYIU_2.xyz,metal,NO_METAL
5925,/home/shachar/repos/PorCrystalStructures/data/raw_xyz/xyz/porphyrins/YANKII_0.xyz,topolocial,NOT_A_MONOMER
5926,/home/shachar/repos/PorCrystalStructures/data/raw_xyz/xyz/porphyrins/YANKII_1.xyz,metal,NO_METAL
5927,/home/shachar/repos/PorCrystalStructures/data/raw_xyz/xyz/porphyrins/YANKOO_0.xyz,topolocial,NOT_A_MONOMER
5928,/home/shachar/repos/PorCrystalStructures/data/raw_xyz/xyz/porphyrins/YANKOO_1.xyz,metal,NO_METAL
5929,/home/shachar/repos/PorCrystalStructures/data/raw_xyz/xyz/porphyrins/YARROY_0.xyz,topolocial,NOT_CONNECTED_MOLECULE
5930,/home/shachar/repos/PorCrystalStructures/data/raw_xyz/xyz/porphyrins/YARTIX_0.xyz,metal,NO_METAL
5931,/home/shachar/repos/PorCrystalStructures/data/raw_xyz/xyz/porphyrins/YARTIX_1.xyz,charge,TOO_LARGE_COUNTER_MOL
5932,/home/shachar/repos/PorCrystalStructures/data/raw_xyz/xyz/porphyrins/YASCED_0.xyz,topolocial,NOT_CONNECTED_MOLECULE
5933,/home/shachar/repos/PorCrystalStructures/data/raw_xyz/xyz/porphyrins/YASCED_1.xyz,metal,NO_METAL
5934,/home/shachar/repos/PorCrystalStructures/data/raw_xyz/xyz/porphyrins/YASDOO_0.xyz,valid,VALID
5935,/home/shachar/repos/PorCrystalStructures/data/raw_xyz/xyz/porphyrins/YAVBOO_0.xyz,topolocial,NOT_CONNECTED_MOLECULE
5936,/home/shachar/repos/PorCrystalStructures/data/raw_xyz/xyz/porphyrins/YAZDIN_0.xyz,topolocial,NOT_SATURATED
5937,/home/shachar/repos/PorCrystalStructures/data/raw_xyz/xyz/porphyrins/YAZDIN_1.xyz,metal,NO_METAL
5938,/home/shachar/repos/PorCrystalStructures/data/raw_xyz/xyz/porphyrins/YAZDIN_2.xyz,metal,NO_METAL
5939,/home/shachar/repos/PorCrystalStructures/data/raw_xyz/xyz/porphyrins/YAZDIN_3.xyz,metal,NO_METAL
5940,/home/shachar/repos/PorCrystalStructures/data/raw_xyz/xyz/porphyrins/YEBMAT_0.xyz,metal,NO_METAL
5941,/home/shachar/repos/PorCrystalStructures/data/raw_xyz/xyz/porphyrins/YEBMAT_1.xyz,metal,NO_METAL
5942,/home/shachar/repos/PorCrystalStructures/data/raw_xyz/xyz/porphyrins/YECQOQ_0.xyz,topolocial,NOT_A_MONOMER
5943,/home/shachar/repos/PorCrystalStructures/data/raw_xyz/xyz/porphyrins/YECQUW_0.xyz,topolocial,NOT_CONNECTED_MOLECULE
5944,/home/shachar/repos/PorCrystalStructures/data/raw_xyz/xyz/porphyrins/YEFPEF_0.xyz,valid,VALID
5945,/home/shachar/repos/PorCrystalStructures/data/raw_xyz/xyz/porphyrins/YEFYAL_0.xyz,topolocial,NOT_CONNECTED_MOLECULE
5946,/home/shachar/repos/PorCrystalStructures/data/raw_xyz/xyz/porphyrins/YEFYAL_1.xyz,metal,NO_METAL
5947,/home/shachar/repos/PorCrystalStructures/data/raw_xyz/xyz/porphyrins/YEFYAL_2.xyz,metal,NO_METAL
5948,/home/shachar/repos/PorCrystalStructures/data/raw_xyz/xyz/porphyrins/YEGREL_0.xyz,metal,NO_METAL
5949,/home/shachar/repos/PorCrystalStructures/data/raw_xyz/xyz/porphyrins/YEGROV_0.xyz,metal,NO_METAL
5950,/home/shachar/repos/PorCrystalStructures/data/raw_xyz/xyz/porphyrins/YEGVOZ_0.xyz,metal,NO_METAL
5951,/home/shachar/repos/PorCrystalStructures/data/raw_xyz/xyz/porphyrins/YEHDAR_0.xyz,valid,VALID
5952,/home/shachar/repos/PorCrystalStructures/data/raw_xyz/xyz/porphyrins/YEHQOS_0.xyz,topolocial,NOT_CONNECTED_MOLECULE
5953,/home/shachar/repos/PorCrystalStructures/data/raw_xyz/xyz/porphyrins/YEHQUY_0.xyz,topolocial,NOT_CONNECTED_MOLECULE
5954,/home/shachar/repos/PorCrystalStructures/data/raw_xyz/xyz/porphyrins/YEHQUY_1.xyz,charge,TOO_LARGE_COUNTER_MOL
5955,/home/shachar/repos/PorCrystalStructures/data/raw_xyz/xyz/porphyrins/YEJSAK_0.xyz,charge,MOL_ODD_NUMBER_OF_ELECTRONS
5956,/home/shachar/repos/PorCrystalStructures/data/raw_xyz/xyz/porphyrins/YEJTAL_0.xyz,topolocial,NOT_SATURATED
5957,/home/shachar/repos/PorCrystalStructures/data/raw_xyz/xyz/porphyrins/YEKZOG_0.xyz,charge,MOL_ODD_NUMBER_OF_ELECTRONS
5958,/home/shachar/repos/PorCrystalStructures/data/raw_xyz/xyz/porphyrins/YEMBAU_0.xyz,topolocial,NOT_CONNECTED_MOLECULE
5959,/home/shachar/repos/PorCrystalStructures/data/raw_xyz/xyz/porphyrins/YENFUU_0.xyz,topolocial,NOT_CONNECTED_MOLECULE
5960,/home/shachar/repos/PorCrystalStructures/data/raw_xyz/xyz/porphyrins/YENFUU_1.xyz,metal,NO_METAL
5961,/home/shachar/repos/PorCrystalStructures/data/raw_xyz/xyz/porphyrins/YENFUU_2.xyz,metal,NO_METAL
5962,/home/shachar/repos/PorCrystalStructures/data/raw_xyz/xyz/porphyrins/YEQMOW_0.xyz,valid,VALID
5963,/home/shachar/repos/PorCrystalStructures/data/raw_xyz/xyz/porphyrins/YEQMOW_1.xyz,metal,NO_METAL
5964,/home/shachar/repos/PorCrystalStructures/data/raw_xyz/xyz/porphyrins/YEQPIU_0.xyz,valid,VALID
5965,/home/shachar/repos/PorCrystalStructures/data/raw_xyz/xyz/porphyrins/YEQPIU_1.xyz,metal,NO_METAL
5966,/home/shachar/repos/PorCrystalStructures/data/raw_xyz/xyz/porphyrins/YEQPOA_0.xyz,valid,VALID
5967,/home/shachar/repos/PorCrystalStructures/data/raw_xyz/xyz/porphyrins/YESKOZ_0.xyz,valid,VALID
5968,/home/shachar/repos/PorCrystalStructures/data/raw_xyz/xyz/porphyrins/YEYFAM_0.xyz,topolocial,NOT_CONNECTED_MOLECULE
5969,/home/shachar/repos/PorCrystalStructures/data/raw_xyz/xyz/porphyrins/YEYFAM_1.xyz,metal,NO_METAL
5970,/home/shachar/repos/PorCrystalStructures/data/raw_xyz/xyz/porphyrins/YEYSEC_0.xyz,topolocial,NOT_CONNECTED_MOLECULE
5971,/home/shachar/repos/PorCrystalStructures/data/raw_xyz/xyz/porphyrins/YIBNEF_0.xyz,topolocial,NOT_CONNECTED_MOLECULE
5972,/home/shachar/repos/PorCrystalStructures/data/raw_xyz/xyz/porphyrins/YIBNEF_1.xyz,topolocial,NOT_CONNECTED_MOLECULE
5973,/home/shachar/repos/PorCrystalStructures/data/raw_xyz/xyz/porphyrins/YIBNEF_2.xyz,metal,NO_METAL
5974,/home/shachar/repos/PorCrystalStructures/data/raw_xyz/xyz/porphyrins/YIBWIS_0.xyz,metal,NO_METAL
5975,/home/shachar/repos/PorCrystalStructures/data/raw_xyz/xyz/porphyrins/YIBWIS_1.xyz,metal,NO_METAL
5976,/home/shachar/repos/PorCrystalStructures/data/raw_xyz/xyz/porphyrins/YIBWIS_2.xyz,metal,NO_METAL
5977,/home/shachar/repos/PorCrystalStructures/data/raw_xyz/xyz/porphyrins/YIBWIS_3.xyz,metal,NO_METAL
5978,/home/shachar/repos/PorCrystalStructures/data/raw_xyz/xyz/porphyrins/YIBWOY_0.xyz,metal,NO_METAL
5979,/home/shachar/repos/PorCrystalStructures/data/raw_xyz/xyz/porphyrins/YIBWOY_1.xyz,metal,NO_METAL
5980,/home/shachar/repos/PorCrystalStructures/data/raw_xyz/xyz/porphyrins/YIBWOY_2.xyz,metal,NO_METAL
5981,/home/shachar/repos/PorCrystalStructures/data/raw_xyz/xyz/porphyrins/YIBWOY_3.xyz,metal,NO_METAL
5982,/home/shachar/repos/PorCrystalStructures/data/raw_xyz/xyz/porphyrins/YIBWUE_0.xyz,metal,NO_METAL
5983,/home/shachar/repos/PorCrystalStructures/data/raw_xyz/xyz/porphyrins/YIFLEH_0.xyz,topolocial,NOT_SATURATED
5984,/home/shachar/repos/PorCrystalStructures/data/raw_xyz/xyz/porphyrins/YIGBIB_0.xyz,charge,MOL_ODD_NUMBER_OF_ELECTRONS
5985,/home/shachar/repos/PorCrystalStructures/data/raw_xyz/xyz/porphyrins/YILQOA_0.xyz,topolocial,DOESNT_HAVE_METAL
5986,/home/shachar/repos/PorCrystalStructures/data/raw_xyz/xyz/porphyrins/YILQOA_1.xyz,metal,NO_METAL
5987,/home/shachar/repos/PorCrystalStructures/data/raw_xyz/xyz/porphyrins/YILSUI_0.xyz,topolocial,BIDENTATE_MACROCYCLE_SUBS
5988,/home/shachar/repos/PorCrystalStructures/data/raw_xyz/xyz/porphyrins/YILSUI_1.xyz,metal,NO_METAL
5989,/home/shachar/repos/PorCrystalStructures/data/raw_xyz/xyz/porphyrins/YILSUI_2.xyz,metal,NO_METAL
5990,/home/shachar/repos/PorCrystalStructures/data/raw_xyz/xyz/porphyrins/YIMYOI_0.xyz,topolocial,BIDENTATE_MACROCYCLE_SUBS
5991,/home/shachar/repos/PorCrystalStructures/data/raw_xyz/xyz/porphyrins/YIMYOI_1.xyz,metal,NO_METAL
5992,/home/shachar/repos/PorCrystalStructures/data/raw_xyz/xyz/porphyrins/YIMYOI_2.xyz,metal,NO_METAL
5993,/home/shachar/repos/PorCrystalStructures/data/raw_xyz/xyz/porphyrins/YIMYOI_3.xyz,metal,NO_METAL
5994,/home/shachar/repos/PorCrystalStructures/data/raw_xyz/xyz/porphyrins/YIMYUO_0.xyz,topolocial,BIDENTATE_MACROCYCLE_SUBS
5995,/home/shachar/repos/PorCrystalStructures/data/raw_xyz/xyz/porphyrins/YIMYUO_1.xyz,metal,NO_METAL
5996,/home/shachar/repos/PorCrystalStructures/data/raw_xyz/xyz/porphyrins/YIPGOU_0.xyz,topolocial,NOT_A_MONOMER
5997,/home/shachar/repos/PorCrystalStructures/data/raw_xyz/xyz/porphyrins/YIPGOU_1.xyz,metal,NO_METAL
5998,/home/shachar/repos/PorCrystalStructures/data/raw_xyz/xyz/porphyrins/YIPGOU_2.xyz,metal,NO_METAL
5999,/home/shachar/repos/PorCrystalStructures/data/raw_xyz/xyz/porphyrins/YIPGOU_3.xyz,metal,NO_METAL
6000,/home/shachar/repos/PorCrystalStructures/data/raw_xyz/xyz/porphyrins/YIPGOU_4.xyz,metal,NO_METAL
6001,/home/shachar/repos/PorCrystalStructures/data/raw_xyz/xyz/porphyrins/YIPGOU_5.xyz,metal,NO_METAL
6002,/home/shachar/repos/PorCrystalStructures/data/raw_xyz/xyz/porphyrins/YIPGOU_6.xyz,metal,NO_METAL
6003,/home/shachar/repos/PorCrystalStructures/data/raw_xyz/xyz/porphyrins/YIXVIK_0.xyz,topolocial,NOT_SATURATED
6004,/home/shachar/repos/PorCrystalStructures/data/raw_xyz/xyz/porphyrins/YIXYOU_0.xyz,topolocial,NOT_CONNECTED_MOLECULE
6005,/home/shachar/repos/PorCrystalStructures/data/raw_xyz/xyz/porphyrins/YIXYOU_1.xyz,metal,NO_METAL
6006,/home/shachar/repos/PorCrystalStructures/data/raw_xyz/xyz/porphyrins/YOGHAE_0.xyz,topolocial,NOT_SATURATED
6007,/home/shachar/repos/PorCrystalStructures/data/raw_xyz/xyz/porphyrins/YOGHAE_1.xyz,topolocial,NOT_SATURATED
6008,/home/shachar/repos/PorCrystalStructures/data/raw_xyz/xyz/porphyrins/YOGHAE_2.xyz,topolocial,NOT_SATURATED
6009,/home/shachar/repos/PorCrystalStructures/data/raw_xyz/xyz/porphyrins/YOGHAE_3.xyz,topolocial,NOT_SATURATED
6010,/home/shachar/repos/PorCrystalStructures/data/raw_xyz/xyz/porphyrins/YOGHAE_4.xyz,metal,NO_METAL
6011,/home/shachar/repos/PorCrystalStructures/data/raw_xyz/xyz/porphyrins/YOGHAE_5.xyz,metal,NO_METAL
6012,/home/shachar/repos/PorCrystalStructures/data/raw_xyz/xyz/porphyrins/YOGJUA_0.xyz,topolocial,NOT_CONNECTED_MOLECULE
6013,/home/shachar/repos/PorCrystalStructures/data/raw_xyz/xyz/porphyrins/YOHNEP_0.xyz,valence,BAD VALENCE
6014,/home/shachar/repos/PorCrystalStructures/data/raw_xyz/xyz/porphyrins/YOKVIF_0.xyz,topolocial,NOT_CONNECTED_MOLECULE
6015,/home/shachar/repos/PorCrystalStructures/data/raw_xyz/xyz/porphyrins/YOLMUK_0.xyz,topolocial,NOT_CONNECTED_MOLECULE
6016,/home/shachar/repos/PorCrystalStructures/data/raw_xyz/xyz/porphyrins/YOLMUK_1.xyz,topolocial,NOT_A_MONOMER
6017,/home/shachar/repos/PorCrystalStructures/data/raw_xyz/xyz/porphyrins/YOLMUK_2.xyz,metal,NO_METAL
6018,/home/shachar/repos/PorCrystalStructures/data/raw_xyz/xyz/porphyrins/YOLMUK_3.xyz,metal,NO_METAL
6019,/home/shachar/repos/PorCrystalStructures/data/raw_xyz/xyz/porphyrins/YOLMUK_4.xyz,metal,NO_METAL
6020,/home/shachar/repos/PorCrystalStructures/data/raw_xyz/xyz/porphyrins/YOMMIW_0.xyz,charge,TOO_LARGE_COUNTER_MOL
6021,/home/shachar/repos/PorCrystalStructures/data/raw_xyz/xyz/porphyrins/YOMMIW_1.xyz,metal,NO_METAL
6022,/home/shachar/repos/PorCrystalStructures/data/raw_xyz/xyz/porphyrins/YOMMIW_2.xyz,metal,NO_METAL
6023,/home/shachar/repos/PorCrystalStructures/data/raw_xyz/xyz/porphyrins/YOMMIW_3.xyz,metal,NO_METAL
6024,/home/shachar/repos/PorCrystalStructures/data/raw_xyz/xyz/porphyrins/YOMMIW_4.xyz,metal,NO_METAL
6025,/home/shachar/repos/PorCrystalStructures/data/raw_xyz/xyz/porphyrins/YONPAT_0.xyz,topolocial,BIDENTATE_MACROCYCLE_SUBS
6026,/home/shachar/repos/PorCrystalStructures/data/raw_xyz/xyz/porphyrins/YONPAT_1.xyz,metal,NO_METAL
6027,/home/shachar/repos/PorCrystalStructures/data/raw_xyz/xyz/porphyrins/YONPEX_0.xyz,topolocial,NOT_CONNECTED_MOLECULE
6028,/home/shachar/repos/PorCrystalStructures/data/raw_xyz/xyz/porphyrins/YONPEX_1.xyz,metal,NO_METAL
6029,/home/shachar/repos/PorCrystalStructures/data/raw_xyz/xyz/porphyrins/YONPEX_2.xyz,metal,NO_METAL
6030,/home/shachar/repos/PorCrystalStructures/data/raw_xyz/xyz/porphyrins/YONPIB_0.xyz,topolocial,BIDENTATE_MACROCYCLE_SUBS
6031,/home/shachar/repos/PorCrystalStructures/data/raw_xyz/xyz/porphyrins/YONPIB_1.xyz,metal,NO_METAL
6032,/home/shachar/repos/PorCrystalStructures/data/raw_xyz/xyz/porphyrins/YONPUN_0.xyz,metal,NO_METAL
6033,/home/shachar/repos/PorCrystalStructures/data/raw_xyz/xyz/porphyrins/YONPUN_1.xyz,metal,NO_METAL
6034,/home/shachar/repos/PorCrystalStructures/data/raw_xyz/xyz/porphyrins/YONPUN_2.xyz,metal,NO_METAL
6035,/home/shachar/repos/PorCrystalStructures/data/raw_xyz/xyz/porphyrins/YONZUY_0.xyz,metal,NO_METAL
6036,/home/shachar/repos/PorCrystalStructures/data/raw_xyz/xyz/porphyrins/YOVSUY_0.xyz,topolocial,NOT_A_MONOMER
6037,/home/shachar/repos/PorCrystalStructures/data/raw_xyz/xyz/porphyrins/YOWJID_0.xyz,valid,VALID
6038,/home/shachar/repos/PorCrystalStructures/data/raw_xyz/xyz/porphyrins/YOXNIL_0.xyz,metal,NO_METAL
6039,/home/shachar/repos/PorCrystalStructures/data/raw_xyz/xyz/porphyrins/YOXVEM_0.xyz,topolocial,NOT_SATURATED
6040,/home/shachar/repos/PorCrystalStructures/data/raw_xyz/xyz/porphyrins/YOXVEM_1.xyz,metal,NO_METAL
6041,/home/shachar/repos/PorCrystalStructures/data/raw_xyz/xyz/porphyrins/YOXVEM_2.xyz,metal,NO_METAL
6042,/home/shachar/repos/PorCrystalStructures/data/raw_xyz/xyz/porphyrins/YOXVEM_3.xyz,metal,NO_METAL
6043,/home/shachar/repos/PorCrystalStructures/data/raw_xyz/xyz/porphyrins/YOXVUC_0.xyz,topolocial,NOT_SATURATED
6044,/home/shachar/repos/PorCrystalStructures/data/raw_xyz/xyz/porphyrins/YOXVUC_1.xyz,metal,NO_METAL
6045,/home/shachar/repos/PorCrystalStructures/data/raw_xyz/xyz/porphyrins/YOXVUC_2.xyz,metal,NO_METAL
6046,/home/shachar/repos/PorCrystalStructures/data/raw_xyz/xyz/porphyrins/YOXVUC_3.xyz,metal,NO_METAL
6047,/home/shachar/repos/PorCrystalStructures/data/raw_xyz/xyz/porphyrins/YOXWAJ_0.xyz,topolocial,NOT_SATURATED
6048,/home/shachar/repos/PorCrystalStructures/data/raw_xyz/xyz/porphyrins/YUBTEU_0.xyz,charge,MOL_ODD_NUMBER_OF_ELECTRONS
6049,/home/shachar/repos/PorCrystalStructures/data/raw_xyz/xyz/porphyrins/YUBTEU_1.xyz,metal,NO_METAL
6050,/home/shachar/repos/PorCrystalStructures/data/raw_xyz/xyz/porphyrins/YUBTEU_2.xyz,metal,NO_METAL
6051,/home/shachar/repos/PorCrystalStructures/data/raw_xyz/xyz/porphyrins/YUCHEJ_0.xyz,topolocial,NOT_CONNECTED_MOLECULE
6052,/home/shachar/repos/PorCrystalStructures/data/raw_xyz/xyz/porphyrins/YUGMAO_0.xyz,topolocial,NOT_SATURATED
6053,/home/shachar/repos/PorCrystalStructures/data/raw_xyz/xyz/porphyrins/YUKFEP_0.xyz,topolocial,NOT_A_MONOMER
6054,/home/shachar/repos/PorCrystalStructures/data/raw_xyz/xyz/porphyrins/YUKFEP_1.xyz,topolocial,NOT_A_MONOMER
6055,/home/shachar/repos/PorCrystalStructures/data/raw_xyz/xyz/porphyrins/YUKFEP_2.xyz,metal,NO_METAL
6056,/home/shachar/repos/PorCrystalStructures/data/raw_xyz/xyz/porphyrins/YUKFEP_3.xyz,metal,NO_METAL
6057,/home/shachar/repos/PorCrystalStructures/data/raw_xyz/xyz/porphyrins/YUKKIY10_0.xyz,topolocial,NOT_SATURATED
6058,/home/shachar/repos/PorCrystalStructures/data/raw_xyz/xyz/porphyrins/YUKKIY10_1.xyz,metal,NO_METAL
6059,/home/shachar/repos/PorCrystalStructures/data/raw_xyz/xyz/porphyrins/YUKKIY10_2.xyz,metal,NO_METAL
6060,/home/shachar/repos/PorCrystalStructures/data/raw_xyz/xyz/porphyrins/YUKKIY_0.xyz,topolocial,NOT_SATURATED
6061,/home/shachar/repos/PorCrystalStructures/data/raw_xyz/xyz/porphyrins/YUKKIY_1.xyz,metal,NO_METAL
6062,/home/shachar/repos/PorCrystalStructures/data/raw_xyz/xyz/porphyrins/YUKKIY_2.xyz,metal,NO_METAL
6063,/home/shachar/repos/PorCrystalStructures/data/raw_xyz/xyz/porphyrins/YUKMAT_0.xyz,metal,NO_METAL
6064,/home/shachar/repos/PorCrystalStructures/data/raw_xyz/xyz/porphyrins/YUKMAT_1.xyz,metal,NO_METAL
6065,/home/shachar/repos/PorCrystalStructures/data/raw_xyz/xyz/porphyrins/YUKRIF_0.xyz,metal,NO_METAL
6066,/home/shachar/repos/PorCrystalStructures/data/raw_xyz/xyz/porphyrins/YUKRIF_1.xyz,metal,NO_METAL
6067,/home/shachar/repos/PorCrystalStructures/data/raw_xyz/xyz/porphyrins/YULJOH_0.xyz,topolocial,NOT_SATURATED
6068,/home/shachar/repos/PorCrystalStructures/data/raw_xyz/xyz/porphyrins/YUNLAX_0.xyz,topolocial,NOT_SATURATED
6069,/home/shachar/repos/PorCrystalStructures/data/raw_xyz/xyz/porphyrins/YUWTIU_0.xyz,metal,NO_METAL
6070,/home/shachar/repos/PorCrystalStructures/data/raw_xyz/xyz/porphyrins/YUWTIU_1.xyz,metal,NO_METAL
6071,/home/shachar/repos/PorCrystalStructures/data/raw_xyz/xyz/porphyrins/YUWVES_0.xyz,metal,NO_METAL
6072,/home/shachar/repos/PorCrystalStructures/data/raw_xyz/xyz/porphyrins/YUWVES_1.xyz,metal,NO_METAL
6073,/home/shachar/repos/PorCrystalStructures/data/raw_xyz/xyz/porphyrins/YUYRIU_0.xyz,topolocial,NOT_SATURATED
6074,/home/shachar/repos/PorCrystalStructures/data/raw_xyz/xyz/porphyrins/YUYRIU_1.xyz,metal,NO_METAL
6075,/home/shachar/repos/PorCrystalStructures/data/raw_xyz/xyz/porphyrins/YUYROA_0.xyz,topolocial,NOT_CONNECTED_MOLECULE
6076,/home/shachar/repos/PorCrystalStructures/data/raw_xyz/xyz/porphyrins/YUYROA_1.xyz,metal,NO_METAL
6077,/home/shachar/repos/PorCrystalStructures/data/raw_xyz/xyz/porphyrins/ZADWAC_0.xyz,topolocial,NOT_A_MONOMER
6078,/home/shachar/repos/PorCrystalStructures/data/raw_xyz/xyz/porphyrins/ZADWAC_1.xyz,metal,NO_METAL
6079,/home/shachar/repos/PorCrystalStructures/data/raw_xyz/xyz/porphyrins/ZAJCOF_0.xyz,metal,NO_METAL
6080,/home/shachar/repos/PorCrystalStructures/data/raw_xyz/xyz/porphyrins/ZAJCOF_1.xyz,metal,NO_METAL
6081,/home/shachar/repos/PorCrystalStructures/data/raw_xyz/xyz/porphyrins/ZAJCOF_2.xyz,metal,NO_METAL
6082,/home/shachar/repos/PorCrystalStructures/data/raw_xyz/xyz/porphyrins/ZAJMAY_0.xyz,metal,NO_METAL
6083,/home/shachar/repos/PorCrystalStructures/data/raw_xyz/xyz/porphyrins/ZAJMEC_0.xyz,metal,NO_METAL
6084,/home/shachar/repos/PorCrystalStructures/data/raw_xyz/xyz/porphyrins/ZAJMEC_1.xyz,metal,NO_METAL
6085,/home/shachar/repos/PorCrystalStructures/data/raw_xyz/xyz/porphyrins/ZALHUP_0.xyz,metal,NO_METAL
6086,/home/shachar/repos/PorCrystalStructures/data/raw_xyz/xyz/porphyrins/ZALYET_0.xyz,topolocial,NOT_A_MONOMER
6087,/home/shachar/repos/PorCrystalStructures/data/raw_xyz/xyz/porphyrins/ZALYET_1.xyz,metal,NO_METAL
6088,/home/shachar/repos/PorCrystalStructures/data/raw_xyz/xyz/porphyrins/ZALZAN_0.xyz,topolocial,NOT_CONNECTED_MOLECULE
6089,/home/shachar/repos/PorCrystalStructures/data/raw_xyz/xyz/porphyrins/ZAMLUY_0.xyz,topolocial,NOT_CONNECTED_MOLECULE
6090,/home/shachar/repos/PorCrystalStructures/data/raw_xyz/xyz/porphyrins/ZAMLUY_1.xyz,metal,NO_METAL
6091,/home/shachar/repos/PorCrystalStructures/data/raw_xyz/xyz/porphyrins/ZAMLUY_2.xyz,metal,NO_METAL
6092,/home/shachar/repos/PorCrystalStructures/data/raw_xyz/xyz/porphyrins/ZAPXAP_0.xyz,topolocial,NOT_CONNECTED_MOLECULE
6093,/home/shachar/repos/PorCrystalStructures/data/raw_xyz/xyz/porphyrins/ZAQSUF_0.xyz,metal,NO_METAL
6094,/home/shachar/repos/PorCrystalStructures/data/raw_xyz/xyz/porphyrins/ZAQSUF_1.xyz,metal,NO_METAL
6095,/home/shachar/repos/PorCrystalStructures/data/raw_xyz/xyz/porphyrins/ZAQTAM_0.xyz,metal,NO_METAL
6096,/home/shachar/repos/PorCrystalStructures/data/raw_xyz/xyz/porphyrins/ZAQTAM_1.xyz,metal,NO_METAL
6097,/home/shachar/repos/PorCrystalStructures/data/raw_xyz/xyz/porphyrins/ZAQTEQ_0.xyz,metal,NO_METAL
6098,/home/shachar/repos/PorCrystalStructures/data/raw_xyz/xyz/porphyrins/ZAWFEI_0.xyz,charge,MOL_ODD_NUMBER_OF_ELECTRONS
6099,/home/shachar/repos/PorCrystalStructures/data/raw_xyz/xyz/porphyrins/ZAWFUY01_0.xyz,metal,NO_METAL
6100,/home/shachar/repos/PorCrystalStructures/data/raw_xyz/xyz/porphyrins/ZAWFUY01_1.xyz,topolocial,NOT_A_MONOMER
6101,/home/shachar/repos/PorCrystalStructures/data/raw_xyz/xyz/porphyrins/ZAWFUY01_2.xyz,metal,NO_METAL
6102,/home/shachar/repos/PorCrystalStructures/data/raw_xyz/xyz/porphyrins/ZAWFUY_0.xyz,metal,NO_METAL
6103,/home/shachar/repos/PorCrystalStructures/data/raw_xyz/xyz/porphyrins/ZAWFUY_1.xyz,topolocial,NOT_A_MONOMER
6104,/home/shachar/repos/PorCrystalStructures/data/raw_xyz/xyz/porphyrins/ZAWFUY_2.xyz,metal,NO_METAL
6105,/home/shachar/repos/PorCrystalStructures/data/raw_xyz/xyz/porphyrins/ZAWJEM_0.xyz,charge,MOL_ODD_NUMBER_OF_ELECTRONS
6106,/home/shachar/repos/PorCrystalStructures/data/raw_xyz/xyz/porphyrins/ZAWJEM_1.xyz,metal,NO_METAL
6107,/home/shachar/repos/PorCrystalStructures/data/raw_xyz/xyz/porphyrins/ZAXFAI_0.xyz,metal,NO_METAL
6108,/home/shachar/repos/PorCrystalStructures/data/raw_xyz/xyz/porphyrins/ZAXFAI_1.xyz,metal,NO_METAL
6109,/home/shachar/repos/PorCrystalStructures/data/raw_xyz/xyz/porphyrins/ZAXFAI_2.xyz,metal,NO_METAL
6110,/home/shachar/repos/PorCrystalStructures/data/raw_xyz/xyz/porphyrins/ZAXGIO_0.xyz,topolocial,NOT_CONNECTED_MOLECULE
6111,/home/shachar/repos/PorCrystalStructures/data/raw_xyz/xyz/porphyrins/ZAYMOD_0.xyz,metal,NO_METAL
6112,/home/shachar/repos/PorCrystalStructures/data/raw_xyz/xyz/porphyrins/ZAYNAQ_0.xyz,topolocial,NOT_CONNECTED_MOLECULE
6113,/home/shachar/repos/PorCrystalStructures/data/raw_xyz/xyz/porphyrins/ZAYNAQ_1.xyz,metal,NO_METAL
6114,/home/shachar/repos/PorCrystalStructures/data/raw_xyz/xyz/porphyrins/ZAZGOW_0.xyz,topolocial,DOESNT_HAVE_METAL
6115,/home/shachar/repos/PorCrystalStructures/data/raw_xyz/xyz/porphyrins/ZAZGUC_0.xyz,topolocial,DOESNT_HAVE_METAL
6116,/home/shachar/repos/PorCrystalStructures/data/raw_xyz/xyz/porphyrins/ZAZNIZ_0.xyz,metal,NO_METAL
6117,/home/shachar/repos/PorCrystalStructures/data/raw_xyz/xyz/porphyrins/ZAZNIZ_1.xyz,metal,NO_METAL
6118,/home/shachar/repos/PorCrystalStructures/data/raw_xyz/xyz/porphyrins/ZAZNOF_0.xyz,topolocial,NOT_SATURATED
6119,/home/shachar/repos/PorCrystalStructures/data/raw_xyz/xyz/porphyrins/ZEBQOQ_0.xyz,topolocial,NOT_A_MONOMER
6120,/home/shachar/repos/PorCrystalStructures/data/raw_xyz/xyz/porphyrins/ZECPOP_0.xyz,topolocial,NOT_A_MONOMER
6121,/home/shachar/repos/PorCrystalStructures/data/raw_xyz/xyz/porphyrins/ZECPOP_1.xyz,metal,NO_METAL
6122,/home/shachar/repos/PorCrystalStructures/data/raw_xyz/xyz/porphyrins/ZECPOP_2.xyz,metal,NO_METAL
6123,/home/shachar/repos/PorCrystalStructures/data/raw_xyz/xyz/porphyrins/ZEJLUX_0.xyz,valid,VALID
6124,/home/shachar/repos/PorCrystalStructures/data/raw_xyz/xyz/porphyrins/ZEJMAE_0.xyz,valid,VALID
6125,/home/shachar/repos/PorCrystalStructures/data/raw_xyz/xyz/porphyrins/ZEJMIM_0.xyz,valid,VALID
6126,/home/shachar/repos/PorCrystalStructures/data/raw_xyz/xyz/porphyrins/ZEJMUY_0.xyz,valid,VALID
6127,/home/shachar/repos/PorCrystalStructures/data/raw_xyz/xyz/porphyrins/ZEKWOB_0.xyz,topolocial,NOT_CONNECTED_MOLECULE
6128,/home/shachar/repos/PorCrystalStructures/data/raw_xyz/xyz/porphyrins/ZEKXOE01_0.xyz,valid,VALID
6129,/home/shachar/repos/PorCrystalStructures/data/raw_xyz/xyz/porphyrins/ZEKXOE_0.xyz,valid,VALID
6130,/home/shachar/repos/PorCrystalStructures/data/raw_xyz/xyz/porphyrins/ZEQQOB_0.xyz,topolocial,NOT_SATURATED
6131,/home/shachar/repos/PorCrystalStructures/data/raw_xyz/xyz/porphyrins/ZEQQOB_1.xyz,metal,NO_METAL
6132,/home/shachar/repos/PorCrystalStructures/data/raw_xyz/xyz/porphyrins/ZEQQOB_2.xyz,metal,NO_METAL
6133,/home/shachar/repos/PorCrystalStructures/data/raw_xyz/xyz/porphyrins/ZEQQUH_0.xyz,charge,MOL_ODD_NUMBER_OF_ELECTRONS
6134,/home/shachar/repos/PorCrystalStructures/data/raw_xyz/xyz/porphyrins/ZEQRAO_0.xyz,valid,VALID
6135,/home/shachar/repos/PorCrystalStructures/data/raw_xyz/xyz/porphyrins/ZEQRAO_1.xyz,metal,NO_METAL
6136,/home/shachar/repos/PorCrystalStructures/data/raw_xyz/xyz/porphyrins/ZERKEQ_0.xyz,topolocial,NOT_A_MONOMER
6137,/home/shachar/repos/PorCrystalStructures/data/raw_xyz/xyz/porphyrins/ZERKEQ_1.xyz,charge,TOO_LARGE_COUNTER_MOL
6138,/home/shachar/repos/PorCrystalStructures/data/raw_xyz/xyz/porphyrins/ZESFUA_0.xyz,valid,VALID
6139,/home/shachar/repos/PorCrystalStructures/data/raw_xyz/xyz/porphyrins/ZESFUA_1.xyz,metal,NO_METAL
6140,/home/shachar/repos/PorCrystalStructures/data/raw_xyz/xyz/porphyrins/ZESFUA_2.xyz,metal,NO_METAL
6141,/home/shachar/repos/PorCrystalStructures/data/raw_xyz/xyz/porphyrins/ZEVLET_0.xyz,topolocial,NOT_CONNECTED_MOLECULE
6142,/home/shachar/repos/PorCrystalStructures/data/raw_xyz/xyz/porphyrins/ZEVLET_1.xyz,metal,NO_METAL
6143,/home/shachar/repos/PorCrystalStructures/data/raw_xyz/xyz/porphyrins/ZEVLIX_0.xyz,topolocial,NOT_CONNECTED_MOLECULE
6144,/home/shachar/repos/PorCrystalStructures/data/raw_xyz/xyz/porphyrins/ZEVLIX_1.xyz,metal,NO_METAL
6145,/home/shachar/repos/PorCrystalStructures/data/raw_xyz/xyz/porphyrins/ZEYXIM_0.xyz,metal,NO_METAL
6146,/home/shachar/repos/PorCrystalStructures/data/raw_xyz/xyz/porphyrins/ZEYXUY_0.xyz,metal,NO_METAL
6147,/home/shachar/repos/PorCrystalStructures/data/raw_xyz/xyz/porphyrins/ZEYXUY_1.xyz,metal,NO_METAL
6148,/home/shachar/repos/PorCrystalStructures/data/raw_xyz/xyz/porphyrins/ZIJDAX_0.xyz,topolocial,NOT_SATURATED
6149,/home/shachar/repos/PorCrystalStructures/data/raw_xyz/xyz/porphyrins/ZIJPIU_0.xyz,topolocial,NOT_CONNECTED_MOLECULE
6150,/home/shachar/repos/PorCrystalStructures/data/raw_xyz/xyz/porphyrins/ZIJPIU_1.xyz,metal,NO_METAL
6151,/home/shachar/repos/PorCrystalStructures/data/raw_xyz/xyz/porphyrins/ZIMNEO_0.xyz,topolocial,BIDENTATE_AXIAL_LIGANDS
6152,/home/shachar/repos/PorCrystalStructures/data/raw_xyz/xyz/porphyrins/ZIMNEO_1.xyz,metal,NO_METAL
6153,/home/shachar/repos/PorCrystalStructures/data/raw_xyz/xyz/porphyrins/ZIRZEH02_0.xyz,charge,COUNTER_MOL_ODD_NUMBER_OF_ELECTRONS
6154,/home/shachar/repos/PorCrystalStructures/data/raw_xyz/xyz/porphyrins/ZIRZEH02_1.xyz,charge,MOL_ODD_NUMBER_OF_ELECTRONS
6155,/home/shachar/repos/PorCrystalStructures/data/raw_xyz/xyz/porphyrins/ZIRZOR_0.xyz,charge,MOL_ODD_NUMBER_OF_ELECTRONS
6156,/home/shachar/repos/PorCrystalStructures/data/raw_xyz/xyz/porphyrins/ZIRZOR_1.xyz,metal,NO_METAL
6157,/home/shachar/repos/PorCrystalStructures/data/raw_xyz/xyz/porphyrins/ZIRZOR_2.xyz,metal,NO_METAL
6158,/home/shachar/repos/PorCrystalStructures/data/raw_xyz/xyz/porphyrins/ZISCIQ_0.xyz,topolocial,NOT_CONNECTED_MOLECULE
6159,/home/shachar/repos/PorCrystalStructures/data/raw_xyz/xyz/porphyrins/ZISMOD_0.xyz,topolocial,NOT_SATURATED
6160,/home/shachar/repos/PorCrystalStructures/data/raw_xyz/xyz/porphyrins/ZISMOD_1.xyz,metal,NO_METAL
6161,/home/shachar/repos/PorCrystalStructures/data/raw_xyz/xyz/porphyrins/ZISMOD_2.xyz,metal,NO_METAL
6162,/home/shachar/repos/PorCrystalStructures/data/raw_xyz/xyz/porphyrins/ZISZIK_0.xyz,topolocial,NOT_SATURATED
6163,/home/shachar/repos/PorCrystalStructures/data/raw_xyz/xyz/porphyrins/ZISZIK_1.xyz,metal,NO_METAL
6164,/home/shachar/repos/PorCrystalStructures/data/raw_xyz/xyz/porphyrins/ZISZIK_2.xyz,metal,NO_METAL
6165,/home/shachar/repos/PorCrystalStructures/data/raw_xyz/xyz/porphyrins/ZISZUW_0.xyz,topolocial,NOT_SATURATED
6166,/home/shachar/repos/PorCrystalStructures/data/raw_xyz/xyz/porphyrins/ZISZUW_1.xyz,metal,NO_METAL
6167,/home/shachar/repos/PorCrystalStructures/data/raw_xyz/xyz/porphyrins/ZISZUW_2.xyz,metal,NO_METAL
6168,/home/shachar/repos/PorCrystalStructures/data/raw_xyz/xyz/porphyrins/ZISZUW_3.xyz,metal,NO_METAL
6169,/home/shachar/repos/PorCrystalStructures/data/raw_xyz/xyz/porphyrins/ZITLOD_0.xyz,charge,COUNTER_MOL_ODD_NUMBER_OF_ELECTRONS
6170,/home/shachar/repos/PorCrystalStructures/data/raw_xyz/xyz/porphyrins/ZITLOD_1.xyz,charge,MOL_ODD_NUMBER_OF_ELECTRONS
6171,/home/shachar/repos/PorCrystalStructures/data/raw_xyz/xyz/porphyrins/ZITLOD_2.xyz,metal,NO_METAL
6172,/home/shachar/repos/PorCrystalStructures/data/raw_xyz/xyz/porphyrins/ZITLOD_3.xyz,metal,NO_METAL
6173,/home/shachar/repos/PorCrystalStructures/data/raw_xyz/xyz/porphyrins/ZITLUJ01_0.xyz,topolocial,NOT_SATURATED
6174,/home/shachar/repos/PorCrystalStructures/data/raw_xyz/xyz/porphyrins/ZITLUJ01_1.xyz,metal,NO_METAL
6175,/home/shachar/repos/PorCrystalStructures/data/raw_xyz/xyz/porphyrins/ZITLUJ02_0.xyz,valid,VALID
6176,/home/shachar/repos/PorCrystalStructures/data/raw_xyz/xyz/porphyrins/ZITLUJ02_1.xyz,metal,NO_METAL
6177,/home/shachar/repos/PorCrystalStructures/data/raw_xyz/xyz/porphyrins/ZITLUJ_0.xyz,charge,COUNTER_MOL_ODD_NUMBER_OF_ELECTRONS
6178,/home/shachar/repos/PorCrystalStructures/data/raw_xyz/xyz/porphyrins/ZITLUJ_1.xyz,metal,NO_METAL
6179,/home/shachar/repos/PorCrystalStructures/data/raw_xyz/xyz/porphyrins/ZITMAQ_0.xyz,topolocial,NOT_CONNECTED_MOLECULE
6180,/home/shachar/repos/PorCrystalStructures/data/raw_xyz/xyz/porphyrins/ZITMAQ_1.xyz,metal,NO_METAL
6181,/home/shachar/repos/PorCrystalStructures/data/raw_xyz/xyz/porphyrins/ZITMEU_0.xyz,topolocial,NOT_CONNECTED_MOLECULE
6182,/home/shachar/repos/PorCrystalStructures/data/raw_xyz/xyz/porphyrins/ZITMEU_1.xyz,metal,NO_METAL
6183,/home/shachar/repos/PorCrystalStructures/data/raw_xyz/xyz/porphyrins/ZITMEU_2.xyz,metal,NO_METAL
6184,/home/shachar/repos/PorCrystalStructures/data/raw_xyz/xyz/porphyrins/ZITMIY_0.xyz,topolocial,NOT_CONNECTED_MOLECULE
6185,/home/shachar/repos/PorCrystalStructures/data/raw_xyz/xyz/porphyrins/ZITMOE_0.xyz,topolocial,NOT_CONNECTED_MOLECULE
6186,/home/shachar/repos/PorCrystalStructures/data/raw_xyz/xyz/porphyrins/ZITMUK_0.xyz,charge,TOO_LARGE_COUNTER_MOL
6187,/home/shachar/repos/PorCrystalStructures/data/raw_xyz/xyz/porphyrins/ZITMUK_1.xyz,metal,NO_METAL
6188,/home/shachar/repos/PorCrystalStructures/data/raw_xyz/xyz/porphyrins/ZITMUK_2.xyz,metal,NO_METAL
6189,/home/shachar/repos/PorCrystalStructures/data/raw_xyz/xyz/porphyrins/ZITNIZ_0.xyz,valid,VALID
6190,/home/shachar/repos/PorCrystalStructures/data/raw_xyz/xyz/porphyrins/ZITNIZ_1.xyz,metal,NO_METAL
6191,/home/shachar/repos/PorCrystalStructures/data/raw_xyz/xyz/porphyrins/ZOBNOW_0.xyz,metal,NO_METAL
6192,/home/shachar/repos/PorCrystalStructures/data/raw_xyz/xyz/porphyrins/ZOBNOW_1.xyz,metal,NO_METAL
6193,/home/shachar/repos/PorCrystalStructures/data/raw_xyz/xyz/porphyrins/ZOBNUC_0.xyz,metal,NO_METAL
6194,/home/shachar/repos/PorCrystalStructures/data/raw_xyz/xyz/porphyrins/ZOBNUC_1.xyz,metal,NO_METAL
6195,/home/shachar/repos/PorCrystalStructures/data/raw_xyz/xyz/porphyrins/ZOBNUC_2.xyz,metal,NO_METAL
6196,/home/shachar/repos/PorCrystalStructures/data/raw_xyz/xyz/porphyrins/ZOBPEO_0.xyz,metal,NO_METAL
6197,/home/shachar/repos/PorCrystalStructures/data/raw_xyz/xyz/porphyrins/ZOCWEW_0.xyz,metal,NO_METAL
6198,/home/shachar/repos/PorCrystalStructures/data/raw_xyz/xyz/porphyrins/ZOCWEW_1.xyz,metal,NO_METAL
6199,/home/shachar/repos/PorCrystalStructures/data/raw_xyz/xyz/porphyrins/ZOFJUC_0.xyz,topolocial,NOT_A_MONOMER
6200,/home/shachar/repos/PorCrystalStructures/data/raw_xyz/xyz/porphyrins/ZOFLUE_0.xyz,topolocial,NOT_A_MONOMER
6201,/home/shachar/repos/PorCrystalStructures/data/raw_xyz/xyz/porphyrins/ZOHQOE_0.xyz,valid,VALID
6202,/home/shachar/repos/PorCrystalStructures/data/raw_xyz/xyz/porphyrins/ZOHQUK_0.xyz,valid,VALID
6203,/home/shachar/repos/PorCrystalStructures/data/raw_xyz/xyz/porphyrins/ZOHQUK_1.xyz,metal,NO_METAL
6204,/home/shachar/repos/PorCrystalStructures/data/raw_xyz/xyz/porphyrins/ZONQOI_0.xyz,valid,VALID
6205,/home/shachar/repos/PorCrystalStructures/data/raw_xyz/xyz/porphyrins/ZONQOI_1.xyz,metal,NO_METAL
6206,/home/shachar/repos/PorCrystalStructures/data/raw_xyz/xyz/porphyrins/ZONXEF_0.xyz,valid,VALID
6207,/home/shachar/repos/PorCrystalStructures/data/raw_xyz/xyz/porphyrins/ZONXEF_1.xyz,metal,NO_METAL
6208,/home/shachar/repos/PorCrystalStructures/data/raw_xyz/xyz/porphyrins/ZOQVOQ_0.xyz,topolocial,NOT_CONNECTED_MOLECULE
6209,/home/shachar/repos/PorCrystalStructures/data/raw_xyz/xyz/porphyrins/ZOQVOQ_1.xyz,metal,NO_METAL
6210,/home/shachar/repos/PorCrystalStructures/data/raw_xyz/xyz/porphyrins/ZOQVUW_0.xyz,topolocial,NOT_SATURATED
6211,/home/shachar/repos/PorCrystalStructures/data/raw_xyz/xyz/porphyrins/ZOQWAD_0.xyz,topolocial,NOT_CONNECTED_MOLECULE
6212,/home/shachar/repos/PorCrystalStructures/data/raw_xyz/xyz/porphyrins/ZORGOC_0.xyz,metal,NO_METAL
6213,/home/shachar/repos/PorCrystalStructures/data/raw_xyz/xyz/porphyrins/ZORGOC_1.xyz,metal,NO_METAL
6214,/home/shachar/repos/PorCrystalStructures/data/raw_xyz/xyz/porphyrins/ZORGUI_0.xyz,metal,NO_METAL
6215,/home/shachar/repos/PorCrystalStructures/data/raw_xyz/xyz/porphyrins/ZORGUI_1.xyz,metal,NO_METAL
6216,/home/shachar/repos/PorCrystalStructures/data/raw_xyz/xyz/porphyrins/ZORGUI_2.xyz,metal,NO_METAL
6217,/home/shachar/repos/PorCrystalStructures/data/raw_xyz/xyz/porphyrins/ZOTKOI_0.xyz,topolocial,NOT_A_MONOMER
6218,/home/shachar/repos/PorCrystalStructures/data/raw_xyz/xyz/porphyrins/ZOXCAS_0.xyz,charge,MOL_ODD_NUMBER_OF_ELECTRONS
6219,/home/shachar/repos/PorCrystalStructures/data/raw_xyz/xyz/porphyrins/ZOXQUA_0.xyz,valid,VALID
6220,/home/shachar/repos/PorCrystalStructures/data/raw_xyz/xyz/porphyrins/ZUBBIH_0.xyz,metal,NO_METAL
6221,/home/shachar/repos/PorCrystalStructures/data/raw_xyz/xyz/porphyrins/ZUBHIP_0.xyz,metal,NO_METAL
6222,/home/shachar/repos/PorCrystalStructures/data/raw_xyz/xyz/porphyrins/ZUBHIP_1.xyz,metal,NO_METAL
6223,/home/shachar/repos/PorCrystalStructures/data/raw_xyz/xyz/porphyrins/ZUCLIU_0.xyz,metal,NO_METAL
6224,/home/shachar/repos/PorCrystalStructures/data/raw_xyz/xyz/porphyrins/ZUCLIU_1.xyz,metal,NO_METAL
6225,/home/shachar/repos/PorCrystalStructures/data/raw_xyz/xyz/porphyrins/ZUGXUU_0.xyz,topolocial,NOT_A_MONOMER
6226,/home/shachar/repos/PorCrystalStructures/data/raw_xyz/xyz/porphyrins/ZUGXUU_1.xyz,metal,NO_METAL
6227,/home/shachar/repos/PorCrystalStructures/data/raw_xyz/xyz/porphyrins/ZUGXUU_2.xyz,metal,NO_METAL
6228,/home/shachar/repos/PorCrystalStructures/data/raw_xyz/xyz/porphyrins/ZUJKOG_0.xyz,topolocial,NOT_CONNECTED_MOLECULE
6229,/home/shachar/repos/PorCrystalStructures/data/raw_xyz/xyz/porphyrins/ZUJKOG_1.xyz,metal,NO_METAL
6230,/home/shachar/repos/PorCrystalStructures/data/raw_xyz/xyz/porphyrins/ZUJKOG_2.xyz,metal,NO_METAL
6231,/home/shachar/repos/PorCrystalStructures/data/raw_xyz/xyz/porphyrins/ZUJYOU_0.xyz,metal,NO_METAL
6232,/home/shachar/repos/PorCrystalStructures/data/raw_xyz/xyz/porphyrins/ZUMRAA_0.xyz,metal,NO_METAL
6233,/home/shachar/repos/PorCrystalStructures/data/raw_xyz/xyz/porphyrins/ZUMREE_0.xyz,topolocial,BIDENTATE_MACROCYCLE_SUBS
6234,/home/shachar/repos/PorCrystalStructures/data/raw_xyz/xyz/porphyrins/ZUMREE_1.xyz,metal,NO_METAL
6235,/home/shachar/repos/PorCrystalStructures/data/raw_xyz/xyz/porphyrins/ZUMREE_2.xyz,metal,NO_METAL
6236,/home/shachar/repos/PorCrystalStructures/data/raw_xyz/xyz/porphyrins/ZUNMAY_0.xyz,metal,NO_METAL
6237,/home/shachar/repos/PorCrystalStructures/data/raw_xyz/xyz/porphyrins/ZURCUM_0.xyz,topolocial,NOT_CONNECTED_MOLECULE
6238,/home/shachar/repos/PorCrystalStructures/data/raw_xyz/xyz/porphyrins/ZURCUM_1.xyz,topolocial,NOT_CONNECTED_MOLECULE
6239,/home/shachar/repos/PorCrystalStructures/data/raw_xyz/xyz/porphyrins/ZURCUM_2.xyz,metal,NO_METAL
6240,/home/shachar/repos/PorCrystalStructures/data/raw_xyz/xyz/porphyrins/ZURCUM_3.xyz,metal,NO_METAL
6241,/home/shachar/repos/PorCrystalStructures/data/raw_xyz/xyz/porphyrins/ZURDAT_0.xyz,charge,MOL_ODD_NUMBER_OF_ELECTRONS
6242,/home/shachar/repos/PorCrystalStructures/data/raw_xyz/xyz/porphyrins/ZURDAT_1.xyz,charge,TOO_LARGE_COUNTER_MOL
6243,/home/shachar/repos/PorCrystalStructures/data/raw_xyz/xyz/porphyrins/ZURDAT_2.xyz,metal,NO_METAL
6244,/home/shachar/repos/PorCrystalStructures/data/raw_xyz/xyz/porphyrins/ZURDAT_3.xyz,metal,NO_METAL
6245,/home/shachar/repos/PorCrystalStructures/data/raw_xyz/xyz/porphyrins/ZURDAT_4.xyz,metal,NO_METAL
6246,/home/shachar/repos/PorCrystalStructures/data/raw_xyz/xyz/porphyrins/ZURDAT_5.xyz,metal,NO_METAL
6247,/home/shachar/repos/PorCrystalStructures/data/raw_xyz/xyz/porphyrins/ZURVIR_0.xyz,topolocial,NOT_SATURATED
6248,/home/shachar/repos/PorCrystalStructures/data/raw_xyz/xyz/porphyrins/ZURVIR_1.xyz,metal,NO_METAL
6249,/home/shachar/repos/PorCrystalStructures/data/raw_xyz/xyz/porphyrins/ZURVIR_2.xyz,metal,NO_METAL
6250,/home/shachar/repos/PorCrystalStructures/data/raw_xyz/xyz/porphyrins/ZURVIR_3.xyz,metal,NO_METAL
6251,/home/shachar/repos/PorCrystalStructures/data/raw_xyz/xyz/porphyrins/ZURVOX_0.xyz,topolocial,NOT_CONNECTED_MOLECULE
6252,/home/shachar/repos/PorCrystalStructures/data/raw_xyz/xyz/porphyrins/ZURVOX_1.xyz,metal,NO_METAL
6253,/home/shachar/repos/PorCrystalStructures/data/raw_xyz/xyz/porphyrins/ZURVOX_2.xyz,metal,NO_METAL
6254,/home/shachar/repos/PorCrystalStructures/data/raw_xyz/xyz/porphyrins/ZUSREK_0.xyz,topolocial,NOT_A_MONOMER
6255,/home/shachar/repos/PorCrystalStructures/data/raw_xyz/xyz/porphyrins/ZUSRIO_0.xyz,topolocial,NOT_CONNECTED_MOLECULE
6256,/home/shachar/repos/PorCrystalStructures/data/raw_xyz/xyz/porphyrins/ZUSRIO_1.xyz,metal,NO_METAL
6257,/home/shachar/repos/PorCrystalStructures/data/raw_xyz/xyz/porphyrins/ZUSRIO_2.xyz,metal,NO_METAL
6258,/home/shachar/repos/PorCrystalStructures/data/raw_xyz/xyz/porphyrins/ZUSRIO_3.xyz,metal,NO_METAL
6259,/home/shachar/repos/PorCrystalStructures/data/raw_xyz/xyz/porphyrins/ZUTJOP_0.xyz,metal,NO_METAL
6260,/home/shachar/repos/PorCrystalStructures/data/raw_xyz/xyz/porphyrins/ZUTMIK_0.xyz,topolocial,NOT_CONNECTED_MOLECULE
6261,/home/shachar/repos/PorCrystalStructures/data/raw_xyz/xyz/porphyrins/ZUTPUZ_0.xyz,metal,NO_METAL
6262,/home/shachar/repos/PorCrystalStructures/data/raw_xyz/xyz/porphyrins/ZUTQAG_0.xyz,metal,NO_METAL
6263,/home/shachar/repos/PorCrystalStructures/data/raw_xyz/xyz/porphyrins/ZUTQEK_0.xyz,valid,VALID
6264,/home/shachar/repos/PorCrystalStructures/data/raw_xyz/xyz/porphyrins/ZUVQAL_0.xyz,metal,NO_METAL
6265,/home/shachar/repos/PorCrystalStructures/data/raw_xyz/xyz/porphyrins/ZUVQAL_1.xyz,metal,NO_METAL
6266,/home/shachar/repos/PorCrystalStructures/data/raw_xyz/xyz/porphyrins/ZUWHIK_0.xyz,metal,NO_METAL
6267,/home/shachar/repos/PorCrystalStructures/data/raw_xyz/xyz/porphyrins/ZUZPIV_0.xyz,valid,VALID
6268,/home/shachar/repos/PorCrystalStructures/data/raw_xyz/xyz/porphyrins/ZUZPIV_1.xyz,metal,NO_METAL
6269,/home/shachar/repos/PorCrystalStructures/data/raw_xyz/xyz/porphyrins/ZUZPIV_2.xyz,metal,NO_METAL
6270,/home/shachar/repos/PorCrystalStructures/data/raw_xyz/xyz/porphyrins/ZUZPOB_0.xyz,topolocial,NOT_CONNECTED_MOLECULE
6271,/home/shachar/repos/PorCrystalStructures/data/raw_xyz/xyz/porphyrins/ZUZQES_0.xyz,metal,NO_METAL
6272,/home/shachar/repos/PorCrystalStructures/data/raw_xyz/xyz/porphyrins/ZUZQES_1.xyz,metal,NO_METAL
