,id,type,xyz,cif,smiles,structure_metadata,doi,orca_out,orca_xyz,singlet_energy,triplet_energy,quintet_energy,journal
0,ADIQAI,,/home/shachar/repos/PorCrystalStructures/data/xyz/crystal/ADIQAI_0.xyz,/home/shachar/repos/PorCrystalStructures/data/ccdc_data/cif/porphyrins/ADIQAI.cif,c1ccccc1C1=c2ccc3=C(c4ccccc4)C4=[N]5[Mn]6([N]7=C1C=CC7=C(c1ccc(C(=C5C=C4)c4ccccc4)n61)c1ccccc1)(n23)O[Si](c1ccccc1)(c1ccccc1)c1ccccc1,"{""audit_creation_date"": ""2017-10-03"", ""audit_creation_method"": ""CSD-ConQuest-V1"", ""database_code_CSD"": ""ADIQAI"", ""database_code_depnum_ccdc_archive"": ""CCDC 1445098"", ""chemical_formula_sum"": ""C62 H43 Mn1 N4 O1 Si1"", ""chemical_formula_moiety"": """", ""journal_volume"": ""69"", ""journal_year"": ""2016"", ""journal_page_first"": ""1970"", ""journal_name_full"": ""J.Coord.Chem. "", ""publ_author_name"": [""D.J.Meininger"", ""Z.Kasrawi"", ""H.D.Arman"", ""Z.J.Tonzetich""]}",10.1080/00958972.2016.1187727,,,-4118.599835567632,-4118.614815270324,-4118.634847077516,J.Coord.Chem. 
1,AKOTUQ,,/home/shachar/repos/PorCrystalStructures/data/xyz/crystal/AKOTUQ_0.xyz,/home/shachar/repos/PorCrystalStructures/data/ccdc_data/cif/porphyrins/AKOTUQ.cif,[Ni@]123[N]4=C5C(=c6n1c(=C(c1cc(cc(c1)C(C)(C)C)C(C)(C)C)C1=[N]2C(=C(c2cc(cc(c2)C(C)(C)C)C(C)(C)C)c2ccc(C(=C4C=C5c4ncccc4)c4cc(C(C)(C)C)cc(C(C)(C)C)c4)n32)C=C1)cc6c1ncccc1)c1ccccc1,"{""audit_creation_date"": ""2011-06-07"", ""audit_creation_method"": ""CSD-ConQuest-V1"", ""database_code_CSD"": ""AKOTUQ"", ""database_code_depnum_ccdc_archive"": ""CCDC 813442"", ""chemical_formula_sum"": ""C90 H92 Cl2 N6 Ni1"", ""chemical_formula_moiety"": """", ""journal_volume"": ""29"", ""journal_year"": ""2010"", ""journal_page_first"": ""3997"", ""journal_name_full"": ""Organometallics "", ""publ_author_name"": [""K.Yoshida"", ""S.Yamaguchi"", ""A.Osuka"", ""H.Shinokubo""]}",10.1021/om100644n,,,-4852.775466459689,-4852.754859645742,-4852.693657224419,Organometallics 
2,ALITEU,,/home/shachar/repos/PorCrystalStructures/data/xyz/crystal/ALITEU_0.xyz,/home/shachar/repos/PorCrystalStructures/data/ccdc_data/cif/porphyrins/ALITEU.cif,C[C][N][Ru]123([N]4=C5C(=c6ccc(=C(c7c8c(cc9c7[C@@H]7C[C@H]9CC7)[C@H]7C[C@@H]8CC7)C7=[N]2C(=C(c2c8c(cc9c2[C@@H]2C[C@H]9CC2)[C@@H]2CC[C@H]8C2)c2ccc(n32)C(=C4C=C5)c2c3c(cc4[C@@H]5CC[C@@H](C5)c24)[C@H]2C[C@@H]3CC2)C=C7)n16)c1c2[C@@H]3C[C@H](c2cc2c1[C@@H]1C[C@H]2CC1)CC3)[P](F)(F)F,"{""audit_creation_date"": ""2004-02-17"", ""audit_creation_method"": ""CSD-ConQuest-V1"", ""database_code_CSD"": ""ALITEU"", ""database_code_depnum_ccdc_archive"": ""CCDC 210100"", ""chemical_formula_sum"": ""C92 H85 F3 N5 P1 Ru1"", ""chemical_formula_moiety"": """", ""journal_volume"": ""9"", ""journal_year"": ""2003"", ""journal_page_first"": ""4746"", ""journal_name_full"": ""Chem.-Eur.J. "", ""publ_author_name"": [""A.Berkessel"", ""P.Kaiser"", ""J.Lex""]}",10.1002/chem.200305045,,,,,,Chem.-Eur.J. 
3,ANUYOY,,/home/shachar/repos/PorCrystalStructures/data/xyz/crystal/ANUYOY_0.xyz,/home/shachar/repos/PorCrystalStructures/data/ccdc_data/cif/porphyrins/ANUYOY.cif,c1c2=C(C3=[N]4[Rh]56(C(=O)[C@H](C)CCCC(=O)C)n2c(=C(C2=[N]5C(=C(c5ccc(C(=C4C=C3)c3ccc(cc3)C)n65)c3ccc(cc3)C)C=C2)c2ccc(cc2)C)c1)c1ccc(cc1)C,"{""audit_creation_date"": ""2011-06-30"", ""audit_creation_method"": ""CSD-ConQuest-V1"", ""database_code_CSD"": ""ANUYOY"", ""database_code_depnum_ccdc_archive"": ""CCDC 815670"", ""chemical_formula_sum"": ""C56 H49 N4 O2 Rh1"", ""chemical_formula_moiety"": """", ""journal_volume"": ""29"", ""journal_year"": ""2010"", ""journal_page_first"": ""4421"", ""journal_name_full"": ""Organometallics "", ""publ_author_name"": [""Hong Sang Fung"", ""Bao Zhu Li"", ""Kin Shing Chan""]}",10.1021/om1007852,,,-2639.521717744736,,,Organometallics 
4,APANUC,,/home/shachar/repos/PorCrystalStructures/data/xyz/crystal/APANUC_0.xyz,/home/shachar/repos/PorCrystalStructures/data/ccdc_data/cif/porphyrins/APANUC.cif,C(=O)(c1ccccc1)Oc1ccc(C2=c3ccc4=C(C5=[N]6[Zn]7(n34)([N]3=C2C=CC3=C(c2ccc(C(=C6C=C5)c3ccc(cc3)OC(=O)c3ccccc3)n72)c2ccc(cc2)OC(=O)c2ccccc2)[NH]2CCNCC2)c2ccc(cc2)OC(=O)c2ccccc2)cc1,"{""audit_creation_date"": ""2016-06-18"", ""audit_creation_method"": ""CSD-ConQuest-V1"", ""database_code_CSD"": ""APANUC"", ""database_code_depnum_ccdc_archive"": ""CCDC 1483991"", ""chemical_formula_sum"": ""C76 H54 N6 O8 Zn1"", ""chemical_formula_moiety"": """", ""journal_volume"": ""72"", ""journal_year"": ""2016"", ""journal_page_first"": ""937"", ""journal_name_full"": ""Acta Crystallogr.,Sect.E:Cryst.Commun. "", ""publ_author_name"": [""S.Nasri"", ""K.Ezzayani"", ""I.Turowska-Tyrk"", ""T.Roisnel"", ""H.Nasri""]}",10.1107/s2056989016009269,,,-5632.361713079863,-5632.303273445507,-5632.234835112139,"Acta Crystallogr.,Sect.E:Cryst.Commun. "
5,AQOYAI,,/home/shachar/repos/PorCrystalStructures/data/xyz/crystal/AQOYAI_0.xyz,/home/shachar/repos/PorCrystalStructures/data/ccdc_data/cif/porphyrins/AQOYAI.cif,O([Zn]123[N]4=C5C=CC4=C(c4ccc(C(=C6C=CC(=[N]26)C(=c2ccc(=C5c5cc(cc(c5)OCCOCCOCCOC)OCCOCCOCCOC)n12)C#C[Si](C(C)C)(C(C)C)C(C)C)c1cc(OCCOCCOCCOC)cc(OCCOCCOCCOC)c1)n34)C#C[Si](C(C)C)(C(C)C)C(C)C)[S](C)C,"{""audit_creation_date"": ""2016-07-21"", ""audit_creation_method"": ""CSD-ConQuest-V1"", ""database_code_CSD"": ""AQOYAI"", ""database_code_depnum_ccdc_archive"": ""CCDC 1451986"", ""chemical_formula_sum"": ""C84 H122 N4 O17 S1 Si2 Zn1"", ""chemical_formula_moiety"": """", ""journal_volume"": ""18"", ""journal_year"": ""2016"", ""journal_page_first"": ""21954"", ""journal_name_full"": ""Phys.Chem.Chem.Phys.(PCCP) "", ""publ_author_name"": [""Md M.Alam"", ""F.Bolze"", ""C.Daniel"", ""L.Flamigni"", ""C.Gourlaouen"", ""V.Heitz"", ""S.Jenni"", ""J.Schmitt"", ""A.Sour"", ""B.Ventura""]}",10.1039/c6cp01844k,,,-7521.177195003429,,,Phys.Chem.Chem.Phys.(PCCP) 
6,ARODOC,,/home/shachar/repos/PorCrystalStructures/data/xyz/crystal/ARODOC_0.xyz,/home/shachar/repos/PorCrystalStructures/data/ccdc_data/cif/porphyrins/ARODOC.cif,c1cc(C)ccc1C1=C2[N]3=C(C=C2)C(=c2n4c(=C(C5=[N]6C(=C(c7ccc1n7[Rh]346/C=C/c1ccccc1)c1ccc(cc1)C)C=C5)c1ccc(cc1)C)cc2)c1ccc(cc1)C,"{""audit_creation_date"": ""2016-07-26"", ""audit_creation_method"": ""CSD-ConQuest-V1"", ""database_code_CSD"": ""ARODOC"", ""database_code_depnum_ccdc_archive"": ""CCDC 1496115"", ""chemical_formula_sum"": ""C56 H43 N4 Rh1"", ""chemical_formula_moiety"": """", ""journal_volume"": ""35"", ""journal_year"": ""2016"", ""journal_page_first"": ""1847"", ""journal_name_full"": ""Organometallics "", ""publ_author_name"": [""Ka Lai Wong"", ""Chen Chen"", ""Kin Shing Chan""]}",10.1021/acs.organomet.6b00228,,,-2485.499487795977,-2485.428625956657,-2485.356489763904,Organometallics 
7,ASIPIB,,/home/shachar/repos/PorCrystalStructures/data/xyz/crystal/ASIPIB_0.xyz,/home/shachar/repos/PorCrystalStructures/data/ccdc_data/cif/porphyrins/ASIPIB.cif,C1(=C(CC)C2=C(c3c(c(c4C(=C5C(=C(C6=[N]5[Ni]5(n7c(=C6N(=O)=O)c(c(CC)c7=C(N(=O)=O)C1=[N]25)CC)(n34)(N1[CH]NC=C1)N1[CH]NC=C1)CC)CC)N(=O)=O)CC)CC)N(=O)=O)CC,"{""audit_creation_date"": ""2004-06-10"", ""audit_creation_method"": ""CSD-ConQuest-V1"", ""database_code_CSD"": ""ASIPIB"", ""database_code_depnum_ccdc_archive"": ""CCDC 232474"", ""chemical_formula_sum"": ""C46 H54 N14 Ni1 O8"", ""chemical_formula_moiety"": """", ""journal_volume"": ""108"", ""journal_year"": ""2004"", ""journal_page_first"": ""2173"", ""journal_name_full"": ""J.Phys.Chem.B "", ""publ_author_name"": [""K.M.Barkigia"", ""M.W.Renner"", ""M.O.Senge"", ""J.Fajer""]}",10.1021/jp036398d,,,-4392.260591312202,-4392.332325332237,-4392.271117206174,J.Phys.Chem.B 
8,ASIPOH,,/home/shachar/repos/PorCrystalStructures/data/xyz/crystal/ASIPOH_0.xyz,/home/shachar/repos/PorCrystalStructures/data/ccdc_data/cif/porphyrins/ASIPOH.cif,[Ni]123([N]4=C5C(=C(C4=C(c4c(c(c(C(=C6C(=C(C(=[N]36)C(=c3c(c(c(=C5N(=O)=O)n13)CC)CC)N(=O)=O)CC)CC)N(=O)=O)n24)CC)CC)N(=O)=O)CC)CC)(N1[CH]N(C=C1)C)N1[CH]N(C=C1)C,"{""audit_creation_date"": ""2004-06-10"", ""audit_creation_method"": ""CSD-ConQuest-V1"", ""database_code_CSD"": ""ASIPOH"", ""database_code_depnum_ccdc_archive"": ""CCDC 232475"", ""chemical_formula_sum"": ""C48 H58 N14 Ni1 O8"", ""chemical_formula_moiety"": """", ""journal_volume"": ""108"", ""journal_year"": ""2004"", ""journal_page_first"": ""2173"", ""journal_name_full"": ""J.Phys.Chem.B "", ""publ_author_name"": [""K.M.Barkigia"", ""M.W.Renner"", ""M.O.Senge"", ""J.Fajer""]}",10.1021/jp036398d,,,-4470.731901918421,-4470.803615052615,-4470.743505019713,J.Phys.Chem.B 
9,ASIPUN,,/home/shachar/repos/PorCrystalStructures/data/xyz/crystal/ASIPUN_0.xyz,/home/shachar/repos/PorCrystalStructures/data/ccdc_data/cif/porphyrins/ASIPUN.cif,CCC1=C(CC)C2=C(N(=O)=O)c3c(c(c4C(=C5C(=C(C6=[N]5[Ni]5(n7c(=C6N(=O)=O)c(c(c7=C(C1=[N]25)N(=O)=O)CC)CC)(n34)(N1[CH]NC=C1)N1[CH]NC=C1)CC)CC)N(=O)=O)CC)CC,"{""audit_creation_date"": ""2004-06-10"", ""audit_creation_method"": ""CSD-ConQuest-V1"", ""database_code_CSD"": ""ASIPUN"", ""database_code_depnum_ccdc_archive"": ""CCDC 232476"", ""chemical_formula_sum"": ""C43 H50 Cl2 N12 Ni1 O8"", ""chemical_formula_moiety"": """", ""journal_volume"": ""108"", ""journal_year"": ""2004"", ""journal_page_first"": ""2173"", ""journal_name_full"": ""J.Phys.Chem.B "", ""publ_author_name"": [""K.M.Barkigia"", ""M.W.Renner"", ""M.O.Senge"", ""J.Fajer""]}",10.1021/jp036398d,,,,-4392.334672088392,-4392.27568954781,J.Phys.Chem.B 
10,ATEWUT,,/home/shachar/repos/PorCrystalStructures/data/xyz/crystal/ATEWUT_0.xyz,/home/shachar/repos/PorCrystalStructures/data/ccdc_data/cif/porphyrins/ATEWUT.cif,CN(C)c1ccc(cc1)C1=c2c(C)c(C)c3=CC4=[N]5[Zn@]6(n23)n2c(C=C5C(=C4C)CC)c(CC)c(C)c2C=C2C(=C(C)C1=[N]62)C,"{""audit_creation_date"": ""2016-08-24"", ""audit_creation_method"": ""CSD-ConQuest-V1"", ""database_code_CSD"": ""ATEWUT"", ""database_code_depnum_ccdc_archive"": ""CCDC 1471067"", ""chemical_formula_sum"": ""C38 H41 N5 Zn1"", ""chemical_formula_moiety"": """", ""journal_volume"": ""32"", ""journal_year"": ""2016"", ""journal_page_first"": ""1293"", ""journal_name_full"": ""Wuji Huaxue Xuebao(Chin.)(Chin.J.Inorg.Chem.) "", ""publ_author_name"": [""Qiu-Yue Sha"", ""Xue-Mei Yuan"", ""Xiao-Yu  Wang"", ""Ji-Chao Chen"", ""Li Xu"", ""Hai-Jun Xu""]}",10.1007/s40242-016-6093-7,,,-3522.918586549883,-3522.85020117768,-3522.78232434447,Wuji Huaxue Xuebao(Chin.)(Chin.J.Inorg.Chem.) 
11,ATUSOX,,/home/shachar/repos/PorCrystalStructures/data/xyz/crystal/ATUSOX_0.xyz,/home/shachar/repos/PorCrystalStructures/data/ccdc_data/cif/porphyrins/ATUSOX.cif,[Zn]123(n4c5=C(C6=[N]1C(=C(c1ccccc1)c1n2c(cc1)C(=C1C=CC(=[N]31)C(=c4cc5)c1ccccc1)c1ccccc1)C=C6)c1ccccc1)O[S](C)C,"{""audit_creation_date"": ""2004-07-02"", ""audit_creation_method"": ""CSD-ConQuest-V1"", ""database_code_CSD"": ""ATUSOX"", ""database_code_depnum_ccdc_archive"": ""CCDC 239057"", ""chemical_formula_sum"": ""C47.79 H38.95 Cl0.63 N4 O1.79 S1.79 Zn1"", ""chemical_formula_moiety"": """", ""journal_volume"": ""60"", ""journal_year"": ""2004"", ""journal_page_first"": ""m579"", ""journal_name_full"": ""Acta Crystallogr.,Sect.E:Struct.Rep.Online "", ""publ_author_name"": [""M.Vinodu"", ""I.Goldberg""]}",10.1107/s1600536804008591,,,-4241.517174501859,-4241.457683890218,-4241.389406823151,"Acta Crystallogr.,Sect.E:Struct.Rep.Online "
12,AWIQEC,,/home/shachar/repos/PorCrystalStructures/data/xyz/crystal/AWIQEC_0.xyz,/home/shachar/repos/PorCrystalStructures/data/ccdc_data/cif/porphyrins/AWIQEC.cif,c1(ccc(C2=C3[N]4=C(C=C3)C(=c3n5[Pt@@]64[N]4=C(C(=c5cc3)c3ccc(cc3)C(C)(C)C)C=CC4=C(c3ccc2n63)c2ccc(cc2)C(C)(C)C)c2ccc(cc2)C(C)(C)C)cc1)C(C)(C)C,"{""audit_creation_date"": ""2004-08-19"", ""audit_creation_method"": ""CSD-ConQuest-V1"", ""database_code_CSD"": ""AWIQEC"", ""database_code_depnum_ccdc_archive"": ""CCDC 182503"", ""chemical_formula_sum"": ""C66 H65 Cl1 N4 Pt1"", ""chemical_formula_moiety"": """", ""journal_volume"": ""76"", ""journal_year"": ""2003"", ""journal_page_first"": ""2123"", ""journal_name_full"": ""Bull.Chem.Soc.Jpn. "", ""publ_author_name"": [""M.Umemiya"", ""K.Sugiura"", ""H.Miyasaka"", ""T.Ishii"", ""M.Yamashita""]}",10.1246/bcsj.76.2123,,,-2656.701304435233,-2656.628927770896,-2656.555215083217,Bull.Chem.Soc.Jpn. 
13,AWOMOP,,/home/shachar/repos/PorCrystalStructures/data/xyz/crystal/AWOMOP_0.xyz,/home/shachar/repos/PorCrystalStructures/data/ccdc_data/cif/porphyrins/AWOMOP.cif,C(C)C1=C(CC)C2=Cc3c(CC)c(c4C=C5C(=C(C6=[N]5[Pt@]5(n7c(=C6c6ccccc6)c(c(CC)c7=CC1=[N]25)CC)n34)CC)CC)CC,"{""audit_creation_date"": ""2011-09-15"", ""audit_creation_method"": ""CSD-ConQuest-V1"", ""database_code_CSD"": ""AWOMOP"", ""database_code_depnum_ccdc_archive"": ""CCDC 841024"", ""chemical_formula_sum"": ""C42 H48 N4 Pt1"", ""chemical_formula_moiety"": """", ""journal_volume"": ""67"", ""journal_year"": ""2011"", ""journal_page_first"": ""m1077"", ""journal_name_full"": ""Acta Crystallogr.,Sect.E:Struct.Rep.Online "", ""publ_author_name"": [""M.O.Senge"", ""J.Richter""]}",10.1107/s1600536811026882,,,-1964.821816588381,-1964.746447375443,-1964.672067584796,"Acta Crystallogr.,Sect.E:Struct.Rep.Online "
14,AXUWUL,,/home/shachar/repos/PorCrystalStructures/data/xyz/crystal/AXUWUL_0.xyz,/home/shachar/repos/PorCrystalStructures/data/ccdc_data/cif/porphyrins/AXUWUL.cif,c1cccc(C2=c3ccc4=C(C#Cc5ccc(cc5)N(=O)=O)C5=[N]6C(=C(c7ccc8C(=C9C=CC2=[N]9[Ni@]6(n34)n78)C#CC2=CC=C[C@H]2[Fe][C@H]2C=CC=C2)c2ccccc2)C=C5)c1,"{""audit_creation_date"": ""2004-09-24"", ""audit_creation_method"": ""CSD-ConQuest-V1"", ""database_code_CSD"": ""AXUWUL"", ""database_code_depnum_ccdc_archive"": ""CCDC 224460"", ""chemical_formula_sum"": ""C53 H35 Cl3 Fe1 N5 Ni1 O3.5"", ""chemical_formula_moiety"": """", ""journal_volume"": ""689"", ""journal_year"": ""2004"", ""journal_page_first"": ""1593"", ""journal_name_full"": ""J.Organomet.Chem. "", ""publ_author_name"": [""Ka-Lok Cheng"", ""Hung-Wing Li"", ""D.K.P.Ng""]}",10.1016/j.jorganchem.2004.02.007,,,,,,J.Organomet.Chem. 
15,AZIVEK,,/home/shachar/repos/PorCrystalStructures/data/xyz/crystal/AZIVEK_0.xyz,/home/shachar/repos/PorCrystalStructures/data/ccdc_data/cif/porphyrins/AZIVEK.cif,[Pt@@]123[N]4=C5C(=C(C4=C(c4c(c(c(C(=C6C(=C(C(=[N]26)C(=c2c(c(c(=C5c5c(F)c(c(c(c5F)F)F)F)n12)F)F)c1c(c(c(c(c1F)F)F)F)F)F)F)c1c(c(c(c(c1F)F)F)F)F)n34)F)F)c1c(c(c(c(c1F)F)F)F)F)F)F,"{""audit_creation_date"": ""2004-11-10"", ""audit_creation_method"": ""CSD-ConQuest-V1"", ""database_code_CSD"": ""AZIVEK"", ""database_code_depnum_ccdc_archive"": ""CCDC 243129"", ""chemical_formula_sum"": ""C44 F28 N4 Pt1"", ""chemical_formula_moiety"": """", ""journal_volume"": ""43"", ""journal_year"": ""2004"", ""journal_page_first"": ""3724"", ""journal_name_full"": ""Inorg.Chem. "", ""publ_author_name"": [""Siu-Wai Lai"", ""Yuan-Jun Hou"", ""Chi-Ming Che"", ""Hei-Leung Pang"", ""Kwok-Yin Wong"", ""C.K.Chang"", ""Nianyong Zhu""]}",10.1021/ic049902h,,,-4806.058564280332,-4805.980929470793,-4805.90751910998,Inorg.Chem. 
16,BADREE,,/home/shachar/repos/PorCrystalStructures/data/xyz/crystal/BADREE_0.xyz,/home/shachar/repos/PorCrystalStructures/data/ccdc_data/cif/porphyrins/BADREE.cif,c12=CC3=[N]4C(=C(c5ccc6C(=C7C=CC8=[N]7[Zn@]4(n2c(=C8c2cc(cc(C(C)(C)C)c2)C(C)(C)C)cc1)n56)[N][N]c1ccccc1)c1cc(C(C)(C)C)cc(c1)C(C)(C)C)C=C3,"{""audit_creation_date"": ""2002-04-24"", ""audit_creation_method"": ""CSD-ConQuest-V1"", ""database_code_CSD"": ""BADREE"", ""database_code_depnum_ccdc_archive"": ""CCDC 173279"", ""chemical_formula_sum"": ""C57.75 H65 N6 Zn1"", ""chemical_formula_moiety"": """", ""journal_volume"": null, ""journal_year"": ""2002"", ""journal_page_first"": ""320"", ""journal_name_full"": ""J.Chem.Soc.,Perkin Trans.1 "", ""publ_author_name"": [""T.E.O.Screen"", ""I.M.Blake"", ""L.H.Rees"", ""W.Clegg"", ""S.J.Borwick"", ""H.L.Anderson""]}",10.1039/b109915a,,,-4195.19992588434,-4195.147245778861,-4195.078133809699,"J.Chem.Soc.,Perkin Trans.1 "
17,BAYDEL,,/home/shachar/repos/PorCrystalStructures/data/xyz/crystal/BAYDEL_0.xyz,/home/shachar/repos/PorCrystalStructures/data/ccdc_data/cif/porphyrins/BAYDEL.cif,c12=CC3=[N]4C(=Cc5c(c(c6C=C7C(=C(C8=[N]7[Fe]4([C][S])(n2c(=C8)c(c1CC)CC)(N1C=CN(C)[CH]1)n56)CC)CC)CC)CC)C(=C3CC)CC,"{""audit_creation_date"": ""2004-01-20"", ""audit_creation_method"": ""CSD-ConQuest-V1"", ""database_code_CSD"": ""BAYDEL"", ""database_code_depnum_ccdc_archive"": ""CCDC 219777"", ""chemical_formula_sum"": ""C41 H50 Fe1 N6 S1"", ""chemical_formula_moiety"": """", ""journal_volume"": ""42"", ""journal_year"": ""2003"", ""journal_page_first"": ""5202"", ""journal_name_full"": ""Inorg.Chem. "", ""publ_author_name"": [""Changsheng Cao"", ""S.Dahal"", ""Mayou Shang"", ""A.M.Beatty"", ""W.Hibbs"", ""C.E.Schulz"", ""W.R.Scheidt""]}",10.1021/ic030043r,,,-3579.584662005641,-3579.547017410101,-3579.475283023344,Inorg.Chem. 
18,BEDCAO,,/home/shachar/repos/PorCrystalStructures/data/xyz/crystal/BEDCAO_0.xyz,/home/shachar/repos/PorCrystalStructures/data/ccdc_data/cif/porphyrins/BEDCAO.cif,[Nb]123(n4c5=CC6=[N]3C(=Cc3c(c(CC)c(C=C7C(=C(C(=[N]17)C=c4c(c5CC)CC)CC)CC)n23)CC)C(=C6CC)CC)([O])F,"{""audit_creation_date"": ""1982-09-17"", ""audit_creation_method"": ""CSD-ConQuest-V1"", ""database_code_CSD"": ""BEDCAO"", ""database_code_depnum_ccdc_archive"": ""CCDC 1107700"", ""chemical_formula_sum"": ""C36 H44 F1 N4 Nb1 O1"", ""chemical_formula_moiety"": """", ""journal_volume"": null, ""journal_year"": ""1982"", ""journal_page_first"": ""247"", ""journal_name_full"": ""J.Chem.Soc.,Dalton Trans. "", ""publ_author_name"": [""C.Lecomte"", ""J.Protas"", ""P.Richard"", ""J.M.Barbe"", ""R.Guilard""]}",10.1039/dt9820000247,,,,,,"J.Chem.Soc.,Dalton Trans. "
19,BEGLUU,,/home/shachar/repos/PorCrystalStructures/data/xyz/crystal/BEGLUU_0.xyz,/home/shachar/repos/PorCrystalStructures/data/ccdc_data/cif/porphyrins/BEGLUU.cif,[Ni@]123n4c5ccc4C(=C4C=CC(=[N]34)C(=c3ccc(=C(C4=[N]1C(=C5C)C=C4)C)n23)C)C,"{""audit_creation_date"": ""1982-09-16"", ""audit_creation_method"": ""CSD-ConQuest-V1"", ""database_code_CSD"": ""BEGLUU"", ""database_code_depnum_ccdc_archive"": ""CCDC 1107921"", ""chemical_formula_sum"": ""C36 H24 N8 Ni1"", ""chemical_formula_moiety"": """", ""journal_volume"": ""21"", ""journal_year"": ""1982"", ""journal_page_first"": ""199"", ""journal_name_full"": ""Inorg.Chem. "", ""publ_author_name"": [""L.J.Pace"", ""A.Ulman"", ""J.A.Ibers""]}",10.1021/ic00131a037,,,-2651.995205707126,-2651.968643270583,-2651.907833452038,Inorg.Chem. 
20,BITPFE,,/home/shachar/repos/PorCrystalStructures/data/xyz/crystal/BITPFE_0.xyz,/home/shachar/repos/PorCrystalStructures/data/ccdc_data/cif/porphyrins/BITPFE.cif,c1(ccccc1)C1=C2[N]3=C(C=C2)C(=c2n4[Fe]53([N]3=C(C=CC3=C(c3ccccc3)c3n5c1cc3)C(=c4cc2)c1ccccc1)([C][N]C(C)(C)C)[C][N]C(C)(C)C)c1ccccc1,"{""audit_creation_date"": ""1979-11-16"", ""audit_creation_method"": ""CSD-ConQuest-V1"", ""database_code_CSD"": ""BITPFE"", ""database_code_depnum_ccdc_archive"": null, ""chemical_formula_sum"": ""C68 H62 Fe1 N6"", ""chemical_formula_moiety"": """", ""journal_volume"": ""18"", ""journal_year"": ""1979"", ""journal_page_first"": ""1200"", ""journal_name_full"": ""Inorg.Chem. "", ""publ_author_name"": [""G.B.Jameson"", ""J.A.Ibers""]}",10.1021/ic50195a005,,,-3673.536334460121,-3673.498282745623,-3673.44134630982,Inorg.Chem. 
21,BIYXIS,,/home/shachar/repos/PorCrystalStructures/data/xyz/crystal/BIYXIS_0.xyz,/home/shachar/repos/PorCrystalStructures/data/ccdc_data/cif/porphyrins/BIYXIS.cif,C12=[N]3C(=C(c4ccc5C(=C6C=CC7=[N]6[Ir]3(C(=O)NCc3ccccc3)(n3c(=C7c6ccc(cc6)C)ccc3=C1c1ccc(C)cc1)(n45)N1C=CN(C)[CH]1)c1ccc(cc1)C)c1ccc(cc1)C)C=C2,"{""audit_creation_date"": ""2014-05-08"", ""audit_creation_method"": ""CSD-ConQuest-V1"", ""database_code_CSD"": ""BIYXIS"", ""database_code_depnum_ccdc_archive"": ""CCDC 977996"", ""chemical_formula_sum"": ""C72 H74 Ir1 N7 O4"", ""chemical_formula_moiety"": """", ""journal_volume"": ""33"", ""journal_year"": ""2014"", ""journal_page_first"": ""2266"", ""journal_name_full"": ""Organometallics "", ""publ_author_name"": [""T.O.Dairo"", ""A.Ellern"", ""R.J.Angelici"", ""L.Keith Woo""]}",10.1021/om500189a,,,-2875.078590144826,-2875.011070409267,-2874.937051223559,Organometallics 
22,BOHNUK,,/home/shachar/repos/PorCrystalStructures/data/xyz/crystal/BOHNUK_0.xyz,/home/shachar/repos/PorCrystalStructures/data/ccdc_data/cif/porphyrins/BOHNUK.cif,O=C(C1=C[CH]N(C=C1)[Zn]123[N]4=C5C=CC4=C(c4ccc(C(=C6C=CC(=[N]26)C(=c2ccc(=C5c5ccccc5)n12)c1ccccc1)c1ccccc1)n34)c1ccccc1)O[Sn](c1c(cccc1)C=O)(C)C,"{""audit_creation_date"": ""2019-04-23"", ""audit_creation_method"": ""CSD-ConQuest-V1"", ""database_code_CSD"": ""BOHNUK"", ""database_code_depnum_ccdc_archive"": ""CCDC 1860613"", ""chemical_formula_sum"": ""C60 H45 Cl2 N5 O3 Sn1 Zn1"", ""chemical_formula_moiety"": """", ""journal_volume"": ""48"", ""journal_year"": ""2019"", ""journal_page_first"": ""6527"", ""journal_name_full"": ""Dalton Trans. "", ""publ_author_name"": [""A.-A.Somesan"", ""I.Barbul"", ""S.-M.Vieriu"", ""R.A.Varga"", ""C.Silvestru""]}",10.1039/c9dt90287b,,,-4762.804455217278,-4762.744951390041,-4762.676670513441,Dalton Trans. 
23,BORJEY,,/home/shachar/repos/PorCrystalStructures/data/xyz/crystal/BORJEY_0.xyz,/home/shachar/repos/PorCrystalStructures/data/ccdc_data/cif/porphyrins/BORJEY.cif,[Zn]123(n4c5=C(C6=[N]3C(=C(c3ccc(C(=C7C=CC(=[N]17)C(=c4cc5)c1ccccc1)c1ccccc1)n23)c1ccccc1)C=C6)c1ccccc1)N1[CH]C(=CC=C1)N,"{""audit_creation_date"": ""2009-08-25"", ""audit_creation_method"": ""CSD-ConQuest-V1"", ""database_code_CSD"": ""BORJEY"", ""database_code_depnum_ccdc_archive"": ""CCDC 706362"", ""chemical_formula_sum"": ""C49 H34 N6 Zn1"", ""chemical_formula_moiety"": """", ""journal_volume"": null, ""journal_year"": ""2009"", ""journal_page_first"": ""727"", ""journal_name_full"": ""Eur.J.Inorg.Chem. "", ""publ_author_name"": [""T.Kojima"", ""T.Nakanishi"", ""T.Honda"", ""R.Harada"", ""M.Shiro"", ""S.Fukuzumi""]}",10.1002/ejic.200801040,,,-3991.83489657038,-3991.776474961923,-3991.708378035723,Eur.J.Inorg.Chem. 
24,BORJIC,,/home/shachar/repos/PorCrystalStructures/data/xyz/crystal/BORJIC_0.xyz,/home/shachar/repos/PorCrystalStructures/data/ccdc_data/cif/porphyrins/BORJIC.cif,[Zn]123(N4[CH]C=C(C=C4)N)n4c5ccc4C(=C4C=CC(=[N]34)C(=c3ccc(=C(C4=[N]1C(=C5c1ccccc1)C=C4)c1ccccc1)n23)c1ccccc1)c1ccccc1,"{""audit_creation_date"": ""2009-08-25"", ""audit_creation_method"": ""CSD-ConQuest-V1"", ""database_code_CSD"": ""BORJIC"", ""database_code_depnum_ccdc_archive"": ""CCDC 706363"", ""chemical_formula_sum"": ""C50 H35 Cl3 N6 Zn1"", ""chemical_formula_moiety"": """", ""journal_volume"": null, ""journal_year"": ""2009"", ""journal_page_first"": ""727"", ""journal_name_full"": ""Eur.J.Inorg.Chem. "", ""publ_author_name"": [""T.Kojima"", ""T.Nakanishi"", ""T.Honda"", ""R.Harada"", ""M.Shiro"", ""S.Fukuzumi""]}",10.1002/ejic.200801040,,,-3991.841398469686,-3991.783228627158,-3991.714783056122,Eur.J.Inorg.Chem. 
25,BORJOI,,/home/shachar/repos/PorCrystalStructures/data/xyz/crystal/BORJOI_0.xyz,/home/shachar/repos/PorCrystalStructures/data/ccdc_data/cif/porphyrins/BORJOI.cif,[Zn]123([NH2]c4cccnc4)n4c5=C(C6=[N]3C(=C(c3c(c(c(C(=C7C=CC(=[N]17)C(=c4c(c5c1ccccc1)c1ccccc1)c1ccccc1)c1ccccc1)n23)c1ccccc1)c1ccccc1)c1ccccc1)C=C6)c1ccccc1,"{""audit_creation_date"": ""2009-08-25"", ""audit_creation_method"": ""CSD-ConQuest-V1"", ""database_code_CSD"": ""BORJOI"", ""database_code_depnum_ccdc_archive"": ""CCDC 706364"", ""chemical_formula_sum"": ""C73 H50 N6 Zn1"", ""chemical_formula_moiety"": """", ""journal_volume"": null, ""journal_year"": ""2009"", ""journal_page_first"": ""727"", ""journal_name_full"": ""Eur.J.Inorg.Chem. "", ""publ_author_name"": [""T.Kojima"", ""T.Nakanishi"", ""T.Honda"", ""R.Harada"", ""M.Shiro"", ""S.Fukuzumi""]}",10.1002/ejic.200801040,,,-4914.374882327562,-4914.316321636281,-4914.249462390709,Eur.J.Inorg.Chem. 
26,BORKEZ,,/home/shachar/repos/PorCrystalStructures/data/xyz/crystal/BORKEZ_0.xyz,/home/shachar/repos/PorCrystalStructures/data/ccdc_data/cif/porphyrins/BORKEZ.cif,c1ccc(cc1)c1c(c2ccccc2)c2n3c1C(=C1[N]4=C(C(=c5n6c(=C(C7=[N](C(=C2c2ccccc2)C(=C7c2ccccc2)c2ccccc2)[Zn]346N2[CH]C=C(C=C2)N)c2ccccc2)c(c5c2ccccc2)c2ccccc2)c2ccccc2)C(=C1c1ccccc1)c1ccccc1)c1ccccc1,"{""audit_creation_date"": ""2009-08-24"", ""audit_creation_method"": ""CSD-ConQuest-V1"", ""database_code_CSD"": ""BORKEZ"", ""database_code_depnum_ccdc_archive"": ""CCDC 706367"", ""chemical_formula_sum"": ""C104 H82 Cl2 N6 Zn1"", ""chemical_formula_moiety"": """", ""journal_volume"": null, ""journal_year"": ""2009"", ""journal_page_first"": ""727"", ""journal_name_full"": ""Eur.J.Inorg.Chem. "", ""publ_author_name"": [""T.Kojima"", ""T.Nakanishi"", ""T.Honda"", ""R.Harada"", ""M.Shiro"", ""S.Fukuzumi""]}",10.1002/ejic.200801040,,,-5836.918404546481,-5836.870751391232,-5836.805408519864,Eur.J.Inorg.Chem. 
27,BUFMUN,,/home/shachar/repos/PorCrystalStructures/data/xyz/crystal/BUFMUN_0.xyz,/home/shachar/repos/PorCrystalStructures/data/ccdc_data/cif/porphyrins/BUFMUN.cif,c1cc(c2c3=CC4=[N]5[Ni@]67[N]8=C(C=CC8=C(c8ccc(C(=C5C=C4c4ccc(C=O)o4)c4ccc(cc4)C)n68)CCCC)C(=c(c2)n37)c2ccc(cc2)C)oc1C=O,"{""audit_creation_date"": ""2019-12-30"", ""audit_creation_method"": ""CSD-ConQuest-V1"", ""database_code_CSD"": ""BUFMUN"", ""database_code_depnum_ccdc_archive"": ""CCDC 1892186"", ""chemical_formula_sum"": ""C49 H37 Cl3 N4 Ni1 O4"", ""chemical_formula_moiety"": """", ""journal_volume"": ""58"", ""journal_year"": ""2019"", ""journal_page_first"": ""10946"", ""journal_name_full"": ""Angew.Chem.,Int.Ed. "", ""publ_author_name"": [""W.Stawski"", ""K.Hurej"", ""J.Skonieczny"", ""M.Pawlicki""]}",10.1002/anie.201904819,,,-3875.222787668177,,-3875.142451634313,"Angew.Chem.,Int.Ed. "
28,BUGJIX,,/home/shachar/repos/PorCrystalStructures/data/xyz/crystal/BUGJIX_0.xyz,/home/shachar/repos/PorCrystalStructures/data/ccdc_data/cif/porphyrins/BUGJIX.cif,C12=C(c3ccccc3)c3ccc4C(=C5C(=C(C6=[N]5[Zn]5([N]2=C(C(=C1Br)Br)C(=c1ccc(=C6c2ccccc2)n51)c1ccccc1)(n34)N1[CH]C=CC=C1)Br)Br)c1ccccc1,"{""audit_creation_date"": ""2010-08-15"", ""audit_creation_method"": ""CSD-ConQuest-V1"", ""database_code_CSD"": ""BUGJIX"", ""database_code_depnum_ccdc_archive"": ""CCDC 737940"", ""chemical_formula_sum"": ""C51 H34 Br3 Cl2 N5 Zn1"", ""chemical_formula_moiety"": """", ""journal_volume"": ""51"", ""journal_year"": ""2010"", ""journal_page_first"": ""40"", ""journal_name_full"": ""Tetrahedron Lett. "", ""publ_author_name"": [""P.Bhyrappa"", ""V.Velkannan""]}",10.1016/j.tetlet.2009.10.039,,,-14229.5473536534,-14229.495440571802,-14229.425566811002,Tetrahedron Lett. 
29,BUSFON,,/home/shachar/repos/PorCrystalStructures/data/xyz/crystal/BUSFON_0.xyz,/home/shachar/repos/PorCrystalStructures/data/ccdc_data/cif/porphyrins/BUSFON.cif,[Zn]123(n4c5=C(c6ccccc6)C6=[N]1C(=C(c1ccc(C(=C7C=CC(=[N]37)C(=c4cc5)c3ccccc3)c3ccccc3)n21)c1ccccc1)C=C6)O[N](C)(C)C,"{""audit_creation_date"": ""2020-06-01"", ""audit_creation_method"": ""CSD-ConQuest-V1"", ""database_code_CSD"": ""BUSFON"", ""database_code_depnum_ccdc_archive"": ""CCDC 921098"", ""chemical_formula_sum"": ""C48 H39 Cl2 N5 O1 Zn1"", ""chemical_formula_moiety"": """", ""journal_volume"": null, ""journal_year"": ""2020"", ""journal_page_first"": null, ""journal_name_full"": ""CSD Communication(Private Communication) "", ""publ_author_name"": [""N.Paul"", ""R.Sarkar"", ""S.Sarkar""]}",10.30707/tlcsd4.3/jnxd4642,,,-3937.941028184671,-3937.881993830092,-3937.813747411394,CSD Communication(Private Communication) 
30,BUVKOV,,/home/shachar/repos/PorCrystalStructures/data/xyz/crystal/BUVKOV_0.xyz,/home/shachar/repos/PorCrystalStructures/data/ccdc_data/cif/porphyrins/BUVKOV.cif,[Co]123(C(=O)OC)[N]4=C5C=CC4=C(c4ccc(O)cc4)c4n3c(C(=C3C=CC(=[N]23)C(=c2ccc(=C5c3c(cc(cc3C)C)C)n12)c1c(cc(cc1C)C)C)c1c(cc(cc1C)C)C)cc4,"{""audit_creation_date"": ""2020-06-02"", ""audit_creation_method"": ""CSD-ConQuest-V1"", ""database_code_CSD"": ""BUVKOV"", ""database_code_depnum_ccdc_archive"": ""CCDC 1972804"", ""chemical_formula_sum"": ""C55 H49 Co1 N4 O3"", ""chemical_formula_moiety"": """", ""journal_volume"": ""11"", ""journal_year"": ""2020"", ""journal_page_first"": ""4387"", ""journal_name_full"": ""Polym.Chem. "", ""publ_author_name"": [""Zhenqiang Wu"", ""Chi-How Peng"", ""Xuefeng Fu""]}",10.1039/d0py00587h,,,-3948.638729861561,-3948.569497640155,-3948.553261298768,Polym.Chem. 
31,BUXVOG,,/home/shachar/repos/PorCrystalStructures/data/xyz/crystal/BUXVOG_0.xyz,/home/shachar/repos/PorCrystalStructures/data/ccdc_data/cif/porphyrins/BUXVOG.cif,c1c(c(c2cc(cs2)OCCCCCC)sc1c1scc(OCCCCCC)c1)/C=C/C1=c2ccc3=C(C4=[N]5C(=Cc6n7[Ni@@]5([N]5=C1C=CC5=C(c1ccccc1)c7cc6)n23)C=C4)c1ccccc1,"{""audit_creation_date"": ""2011-01-20"", ""audit_creation_method"": ""CSD-ConQuest-V1"", ""database_code_CSD"": ""BUXVOG"", ""database_code_depnum_ccdc_archive"": ""CCDC 733393"", ""chemical_formula_sum"": ""C58 H52 N4 Ni1 O2 S3"", ""chemical_formula_moiety"": """", ""journal_volume"": ""211"", ""journal_year"": ""2010"", ""journal_page_first"": ""359"", ""journal_name_full"": ""Macromol.Chem.Phys. "", ""publ_author_name"": [""M.J.Zollner"", ""J.S.Frahmcke"", ""M.Elstner"", ""U.Jahn"", ""P.G.Jones"", ""E.Becker"", ""W.Kowalsky"", ""H.-H.Johannes""]}",10.1002/macp.201090038,,,-5309.050114745611,-5309.02690409247,,Macromol.Chem.Phys. 
32,CAHCOH,,/home/shachar/repos/PorCrystalStructures/data/xyz/crystal/CAHCOH_0.xyz,/home/shachar/repos/PorCrystalStructures/data/ccdc_data/cif/porphyrins/CAHCOH.cif,S=C(N[C@H]1[C@@H](CCCC1)[NH2][Zn]123[N]4=C5C(=c6ccc(=C(C7=[N]2C(=C(c2ccc(Cl)cc2)c2n1c(C(=C4C=C5)c1ccc(Cl)cc1)cc2)C=C7)c1ccc(cc1)Cl)n36)c1ccc(cc1)Cl)Nc1ccccc1,"{""audit_creation_date"": ""2021-10-21"", ""audit_creation_method"": ""CSD-ConQuest-V1"", ""database_code_CSD"": ""CAHCOH"", ""database_code_depnum_ccdc_archive"": ""CCDC 2081478"", ""chemical_formula_sum"": ""C58 H45 Cl6 N7 S1 Zn1"", ""chemical_formula_moiety"": """", ""journal_volume"": ""9"", ""journal_year"": ""2021"", ""journal_page_first"": ""278"", ""journal_name_full"": ""Chemosensors "", ""publ_author_name"": [""N.Konrad"", ""M.Horetski"", ""M.Sihtmae"", ""Khai-Nghi Truong"", ""I.Osadchuk"", ""T.Burankova"", ""M.Kielmann"", ""J.Adamson"", ""A.Kahru"", ""K.Rissanen"", ""M.O.Senge"", ""V.Borovkov"", ""R.Aav"", ""D.Kananovich""]}",10.3390/chemosensors9100278,,,-6594.685653202764,-6594.627825163347,-6594.559999511982,Chemosensors 
33,CAQMUF,,/home/shachar/repos/PorCrystalStructures/data/xyz/crystal/CAQMUF_0.xyz,/home/shachar/repos/PorCrystalStructures/data/ccdc_data/cif/porphyrins/CAQMUF.cif,c1(c(c(c(c(c1F)F)F)F)F)C1=c2n3[Ni@@]45[N]6=C(C(=c3cc2)O)C=CC6=C(c2n4c(cc2)C(=C2[N]5=C1C=C2)c1c(c(c(c(F)c1F)F)F)F)c1c(F)c(F)c(F)c(F)c1F,"{""audit_creation_date"": ""2017-05-23"", ""audit_creation_method"": ""CSD-ConQuest-V1"", ""database_code_CSD"": ""CAQMUF"", ""database_code_depnum_ccdc_archive"": ""CCDC 1536338"", ""chemical_formula_sum"": ""C44 H21.5 F15 N4 Ni1 O3"", ""chemical_formula_moiety"": """", ""journal_volume"": ""46"", ""journal_year"": ""2017"", ""journal_page_first"": ""8924"", ""journal_name_full"": ""Dalton Trans. "", ""publ_author_name"": [""Y.Sasano"", ""N.Yasuda"", ""H.Maeda""]}",10.1039/c7dt01635b,,,-4749.927953984254,-4749.908653488809,-4749.847226637579,Dalton Trans. 
34,CAQNEO,,/home/shachar/repos/PorCrystalStructures/data/xyz/crystal/CAQNEO_0.xyz,/home/shachar/repos/PorCrystalStructures/data/ccdc_data/cif/porphyrins/CAQNEO.cif,[Ru]123([N]4=C5C(=C(C4=Cc4c(c(c(C=C6C(=C(C(=[N]26)C=c2c(c(c(=C5)n12)CC)CC)CC)CC)n34)CC)CC)CC)CC)([N][O])Cl,"{""audit_creation_date"": ""2005-09-21"", ""audit_creation_method"": ""CSD-ConQuest-V1"", ""database_code_CSD"": ""CAQNEO"", ""database_code_depnum_ccdc_archive"": ""CCDC 236941"", ""chemical_formula_sum"": ""C37 H46 Cl3 N5 O1 Ru1"", ""chemical_formula_moiety"": """", ""journal_volume"": ""358"", ""journal_year"": ""2005"", ""journal_page_first"": ""2855"", ""journal_name_full"": ""Inorg.Chim.Acta "", ""publ_author_name"": [""Nan Xu"", ""Jonghyuk Lee"", ""D.R.Powell"", ""G.B.Richter-Addo""]}",10.1016/j.ica.2004.06.031,,,-2299.717883466926,-2299.648013426286,-2299.560565664087,Inorg.Chim.Acta 
35,CASNOC,,/home/shachar/repos/PorCrystalStructures/data/xyz/crystal/CASNOC_0.xyz,/home/shachar/repos/PorCrystalStructures/data/ccdc_data/cif/porphyrins/CASNOC.cif,c1(CCC(=O)OC)c2C=C3C(=C(C4=[N]3[Zn@@]35n6c(=C4)c(c(c6=CC4=[N]3C(=Cc(n25)c1C)C(=C4C)C)C)C)C)CCC(=O)OC,"{""audit_creation_date"": ""2017-05-24"", ""audit_creation_method"": ""CSD-ConQuest-V1"", ""database_code_CSD"": ""CASNOC"", ""database_code_depnum_ccdc_archive"": ""CCDC 1552212"", ""chemical_formula_sum"": ""C34 H36 N4 O4 Zn1"", ""chemical_formula_moiety"": """", ""journal_volume"": null, ""journal_year"": ""2017"", ""journal_page_first"": null, ""journal_name_full"": ""CSD Communication(Private Communication) "", ""publ_author_name"": [""J.Caleb Clark"", ""F.R.Fronczek"", ""M.Graca H.Vicente""]}",10.1093/acrefore/9780190228613.013.460,,,-3613.809981925973,-3613.741435071897,-3613.673251325781,CSD Communication(Private Communication) 
36,CEBMAZ,,/home/shachar/repos/PorCrystalStructures/data/xyz/crystal/CEBMAZ_0.xyz,/home/shachar/repos/PorCrystalStructures/data/ccdc_data/cif/porphyrins/CEBMAZ.cif,c1(ccccc1)C1=C2[N]3=C(C(=c4ccc5=C(c6ccccc6)C6=[N]7C(=C(c8n([Zn@]37n45)c1cc8[C@@H]1N(c3ccc(cc3)C)[N][C](C1)C(=O)OCC)c1ccccc1)C=C6)c1ccccc1)C=C2,"{""audit_creation_date"": ""2013-02-22"", ""audit_creation_method"": ""CSD-ConQuest-V1"", ""database_code_CSD"": ""CEBMAZ"", ""database_code_depnum_ccdc_archive"": ""CCDC 878828"", ""chemical_formula_sum"": ""C57 H42 N6 O2 Zn1"", ""chemical_formula_moiety"": """", ""journal_volume"": ""68"", ""journal_year"": ""2012"", ""journal_page_first"": ""8181"", ""journal_name_full"": ""Tetrahedron "", ""publ_author_name"": [""N.M.M.Moura"", ""M.A.F.Faustino"", ""M.G.P.M.S.Neves"", ""A.C.Tome"", ""E.M.Rakib"", ""A.Hannioui"", ""S.Mojahidi"", ""S.Hackbarth"", ""B.Roder"", ""F.A.A.Paz"", ""A.M.S.Silva"", ""J.A.S.Cavaleiro""]}",10.1016/j.tet.2012.07.072,,,-4451.288091693374,-4451.224980576256,-4451.15732307398,Tetrahedron 
37,CEHVIX,,/home/shachar/repos/PorCrystalStructures/data/xyz/crystal/CEHVIX_0.xyz,/home/shachar/repos/PorCrystalStructures/data/ccdc_data/cif/porphyrins/CEHVIX.cif,C1(=c2n3[Fe]45(N6[CH]N(C=C6)C)([N]6=C1C=CC6=C(c1ccc(C(=C6C=CC(=[N]46)C(=c3cc2)c2ccccc2NC(=O)c2n(cnc2)C)c2c(NC(=O)c3cncn3C)cccc2)n51)c1c(cccc1)NC(=O)c1cncn1C)N1[CH]N(C)C=C1)c1ccccc1NC(=O)c1cncn1C,"{""audit_creation_date"": ""2017-10-05"", ""audit_creation_method"": ""CSD-ConQuest-V1"", ""database_code_CSD"": ""CEHVIX"", ""database_code_depnum_ccdc_archive"": ""CCDC 1507718"", ""chemical_formula_sum"": ""C78.4 H72.8 Fe1 N20 O5.6"", ""chemical_formula_moiety"": """", ""journal_volume"": ""56"", ""journal_year"": ""2017"", ""journal_page_first"": ""12615"", ""journal_name_full"": ""Inorg.Chem. "", ""publ_author_name"": [""Zhen Yao"", ""C.E.Schulz"", ""Nana Zhan"", ""Jianfeng Li""]}",10.1021/acs.inorgchem.7b02092,,,,,,Inorg.Chem. 
38,CEHVUJ,,/home/shachar/repos/PorCrystalStructures/data/xyz/crystal/CEHVUJ_0.xyz,/home/shachar/repos/PorCrystalStructures/data/ccdc_data/cif/porphyrins/CEHVUJ.cif,c1(cncn1C)C(=O)Nc1c(C2=c3ccc4=C(c5ccccc5NC(=O)c5cncn5C)C5=[N]6[Fe]7(n34)(n3c(ccc3C(=C3C=CC2=[N]73)c2ccccc2NC(=O)c2cncn2C)C(=C6C=C5)c2ccccc2NC(=O)c2cncn2C)(N2[CH]N(C=C2)CC)N2[CH]N(C=C2)CC)cccc1,"{""audit_creation_date"": ""2017-10-05"", ""audit_creation_method"": ""CSD-ConQuest-V1"", ""database_code_CSD"": ""CEHVUJ"", ""database_code_depnum_ccdc_archive"": ""CCDC 1507719"", ""chemical_formula_sum"": ""C80 H70 Fe1 N20 O4"", ""chemical_formula_moiety"": """", ""journal_volume"": ""56"", ""journal_year"": ""2017"", ""journal_page_first"": ""12615"", ""journal_name_full"": ""Inorg.Chem. "", ""publ_author_name"": [""Zhen Yao"", ""C.E.Schulz"", ""Nana Zhan"", ""Jianfeng Li""]}",10.1021/acs.inorgchem.7b02092,,,,,,Inorg.Chem. 
39,CETWON,,/home/shachar/repos/PorCrystalStructures/data/xyz/crystal/CETWON_0.xyz,/home/shachar/repos/PorCrystalStructures/data/ccdc_data/cif/porphyrins/CETWON.cif,c1ccc(cc1)C1=c2ccc3=C(c4ccccc4)C4=[N]5[Fe]6(O[S@@]([O])C7=C[C]=[C]C=[C]7)(n7c(ccc7C(=C5C=C4)c4ccccc4)C(=C4C=CC1=[N]64)c1ccccc1)n23,"{""audit_creation_date"": ""1985-02-07"", ""audit_creation_method"": ""CSD-ConQuest-V1"", ""database_code_CSD"": ""CETWON"", ""database_code_depnum_ccdc_archive"": null, ""chemical_formula_sum"": ""C50 H33 Fe1 N4 O2 S1"", ""chemical_formula_moiety"": """", ""journal_volume"": null, ""journal_year"": ""1984"", ""journal_page_first"": ""567"", ""journal_name_full"": ""J.Chem.Soc.,Dalton Trans. "", ""publ_author_name"": [""P.Cocolios"", ""G.Lagrange"", ""R.Guilard"", ""H.Oumous"", ""C.Lecomte""]}",10.1039/dt9840000567,,,-3950.569939834924,-3950.544838341231,-3950.588866569174,"J.Chem.Soc.,Dalton Trans. "
40,CEZKEX01,,/home/shachar/repos/PorCrystalStructures/data/xyz/crystal/CEZKEX01_0.xyz,/home/shachar/repos/PorCrystalStructures/data/ccdc_data/cif/porphyrins/CEZKEX01.cif,c1ccccc1C1=c2ccc3=C(C4=[N]5[Pt@]6([N]7=C1C=CC7=C(c1ccc(C(=C5C=C4)c4ccccc4)n61)c1ccccc1)n23)c1ccccc1,"{""audit_creation_date"": ""2014-07-11"", ""audit_creation_method"": ""CSD-ConQuest-V1"", ""database_code_CSD"": ""CEZKEX01"", ""database_code_depnum_ccdc_archive"": ""CCDC 753551"", ""chemical_formula_sum"": ""C44 H28 N4 Pt1"", ""chemical_formula_moiety"": """", ""journal_volume"": null, ""journal_year"": ""2010"", ""journal_page_first"": null, ""journal_name_full"": ""CSD Communication(Private Communication) "", ""publ_author_name"": [""S.D.Hoffmann"", ""T.F.Faessler"", ""J.W.Buchler""]}",10.1007/978-3-642-03296-7_9,,,-2028.843006603416,-2028.770578472408,-2028.697075885087,CSD Communication(Private Communication) 
41,CIBTIS,,/home/shachar/repos/PorCrystalStructures/data/xyz/crystal/CIBTIS_0.xyz,/home/shachar/repos/PorCrystalStructures/data/ccdc_data/cif/porphyrins/CIBTIS.cif,[Zn]123(N4[CH]C=CC=C4)[N]4=C5C=c6ccc(=CC7=[N]2C(=Cc2n1c(C=C4C=C5)cc2)C=C7)n36,"{""audit_creation_date"": ""2013-07-07"", ""audit_creation_method"": ""CSD-ConQuest-V1"", ""database_code_CSD"": ""CIBTIS"", ""database_code_depnum_ccdc_archive"": ""CCDC 912743"", ""chemical_formula_sum"": ""C25 H17 N5 Zn1"", ""chemical_formula_moiety"": """", ""journal_volume"": ""16"", ""journal_year"": ""2013"", ""journal_page_first"": ""540"", ""journal_name_full"": ""Comptes Rendus Chimie "", ""publ_author_name"": [""C.H.Devillers"", ""A.K.D.Dime"", ""H.Cattey"", ""D.Lucas""]}",10.1016/j.crci.2013.01.015,,,-3013.977455115409,-3013.912902994258,-3013.844332089171,Comptes Rendus Chimie 
42,CICQAG,,/home/shachar/repos/PorCrystalStructures/data/xyz/crystal/CICQAG_0.xyz,/home/shachar/repos/PorCrystalStructures/data/ccdc_data/cif/porphyrins/CICQAG.cif,c1(ccccc1)C[NH2][Fe]123([N]4=C5C(=c6ccc(=C(C7=[N]1C(=C(c1ccc(C(=C4C=C5)c4ccccc4)n31)c1ccccc1)C=C7)c1ccccc1)n26)c1ccccc1)[NH2]Cc1ccccc1,"{""audit_creation_date"": ""2000-02-03"", ""audit_creation_method"": ""CSD-ConQuest-V1"", ""database_code_CSD"": ""CICQAG"", ""database_code_depnum_ccdc_archive"": ""CCDC 137040"", ""chemical_formula_sum"": ""C58 H46 Fe1 N6"", ""chemical_formula_moiety"": """", ""journal_volume"": ""38"", ""journal_year"": ""1999"", ""journal_page_first"": ""4724"", ""journal_name_full"": ""Inorg.Chem. "", ""publ_author_name"": [""O.Q.Munro"", ""P.S.Madlala"", ""R.A.F.Warby"", ""T.B.Seda"", ""G.Hearne""]}",10.1021/ic990178q,,,-3825.765045681476,-3825.73114716145,-3825.730878110112,Inorg.Chem. 
43,CONQOL,,/home/shachar/repos/PorCrystalStructures/data/xyz/crystal/CONQOL_0.xyz,/home/shachar/repos/PorCrystalStructures/data/ccdc_data/cif/porphyrins/CONQOL.cif,c1(ccccc1)C1=c2cc(c3=C(C4=[N]5[Co]6(n23)([N]2=C1C(=C(C2=C(c1ccc(C(=C5C(=C4Br)Br)c2ccccc2)n61)c1ccccc1)Br)Br)N1OO1)c1ccccc1)N(=O)=O,"{""audit_creation_date"": ""2000-05-03"", ""audit_creation_method"": ""CSD-ConQuest-V1"", ""database_code_CSD"": ""CONQOL"", ""database_code_depnum_ccdc_archive"": null, ""chemical_formula_sum"": ""C48 H35 Br4 Co1 N6 O5"", ""chemical_formula_moiety"": """", ""journal_volume"": null, ""journal_year"": ""1999"", ""journal_page_first"": ""1595"", ""journal_name_full"": ""J.Chem.Soc.,Dalton Trans. "", ""publ_author_name"": [""K.M.Kadish"", ""Zhongping Ou"", ""Xiaoyu Tan"", ""T.Boschi"", ""D.Monti"", ""V.Fares"", ""P.Tagliatesta""]}",10.1039/a809719d,,,,,-13994.152482889967,"J.Chem.Soc.,Dalton Trans. "
44,DAFBOC,,/home/shachar/repos/PorCrystalStructures/data/xyz/crystal/DAFBOC_0.xyz,/home/shachar/repos/PorCrystalStructures/data/ccdc_data/cif/porphyrins/DAFBOC.cif,Clc1c(C2=c3n4[Ru]56([C](c7ccccc7)c7ccccc7)[N]7=C(C(=c4cc3)c3c(Cl)cccc3Cl)C=CC7=C(c3n5c(cc3)C(=C3C=CC2=[N]63)c2c(Cl)cccc2Cl)c2c(cccc2Cl)Cl)c(Cl)ccc1,"{""audit_creation_date"": ""2004-12-02"", ""audit_creation_method"": ""CSD-ConQuest-V1"", ""database_code_CSD"": ""DAFBOC"", ""database_code_depnum_ccdc_archive"": ""CCDC 224979"", ""chemical_formula_sum"": ""C58 H32 Cl10 N4 Ru1"", ""chemical_formula_moiety"": """", ""journal_volume"": ""10"", ""journal_year"": ""2004"", ""journal_page_first"": ""3486"", ""journal_name_full"": ""Chem.-Eur.J. "", ""publ_author_name"": [""Yan Li"", ""Jie-Sheng Huang"", ""Guo-Bao Xu"", ""Nianyong Zhu"", ""Zhong-Yuan Zhou"", ""Chi-Ming Che"", ""Kwok-Yin Wong""]}",10.1002/chem.200490035,,,-6180.645511911666,-6180.593918250738,-6180.524621654985,Chem.-Eur.J. 
45,DAFCIX,,/home/shachar/repos/PorCrystalStructures/data/xyz/crystal/DAFCIX_0.xyz,/home/shachar/repos/PorCrystalStructures/data/ccdc_data/cif/porphyrins/DAFCIX.cif,C1(=c2ccc3=C(C4=[N]5[Ru]6([C](c7ccccc7)c7ccccc7)(n23)(N2[CH]N(C=C2)C)n2c(C(=C5C=C4)c3c(c(c(c(c3F)F)F)F)F)ccc2C(=C2C=CC1=[N]62)c1c(c(c(c(c1F)F)F)F)F)c1c(c(c(c(c1F)F)F)F)F)c1c(c(c(c(c1F)F)F)F)F,"{""audit_creation_date"": ""2004-12-02"", ""audit_creation_method"": ""CSD-ConQuest-V1"", ""database_code_CSD"": ""DAFCIX"", ""database_code_depnum_ccdc_archive"": ""CCDC 224983"", ""chemical_formula_sum"": ""C61 H24 F20 N6 Ru1"", ""chemical_formula_moiety"": """", ""journal_volume"": ""10"", ""journal_year"": ""2004"", ""journal_page_first"": ""3486"", ""journal_name_full"": ""Chem.-Eur.J. "", ""publ_author_name"": [""Yan Li"", ""Jie-Sheng Huang"", ""Guo-Bao Xu"", ""Nianyong Zhu"", ""Zhong-Yuan Zhou"", ""Chi-Ming Che"", ""Kwok-Yin Wong""]}",10.1002/chem.200490035,,,,,,Chem.-Eur.J. 
46,DAFCOD,,/home/shachar/repos/PorCrystalStructures/data/xyz/crystal/DAFCOD_0.xyz,/home/shachar/repos/PorCrystalStructures/data/ccdc_data/cif/porphyrins/DAFCOD.cif,C12=[N]3[Os]45([C](c6ccccc6)c6ccccc6)(n6c(=C1c1c(c(c(c(c1F)F)F)F)F)ccc6=C(C1=[N]4C(=C(c4ccc(C(=C3C=C2)c2c(c(c(c(c2F)F)F)F)F)n54)c2c(c(c(c(c2F)F)F)F)F)C=C1)c1c(c(c(c(c1F)F)F)F)F)N1[CH]N(C=C1)C,"{""audit_creation_date"": ""2004-12-02"", ""audit_creation_method"": ""CSD-ConQuest-V1"", ""database_code_CSD"": ""DAFCOD"", ""database_code_depnum_ccdc_archive"": ""CCDC 224984"", ""chemical_formula_sum"": ""C61 H24 F20 N6 Os1"", ""chemical_formula_moiety"": """", ""journal_volume"": ""10"", ""journal_year"": ""2004"", ""journal_page_first"": ""3486"", ""journal_name_full"": ""Chem.-Eur.J. "", ""publ_author_name"": [""Yan Li"", ""Jie-Sheng Huang"", ""Guo-Bao Xu"", ""Nianyong Zhu"", ""Zhong-Yuan Zhou"", ""Chi-Ming Che"", ""Kwok-Yin Wong""]}",10.1002/chem.200490035,,,,-4749.600294527783,,Chem.-Eur.J. 
47,DAGSUC,,/home/shachar/repos/PorCrystalStructures/data/xyz/crystal/DAGSUC_0.xyz,/home/shachar/repos/PorCrystalStructures/data/ccdc_data/cif/porphyrins/DAGSUC.cif,c12=C(C3=[N]4C(=C(c5ccccc5)c5ccc6n5[Zn@@]54[N]4=C(C=CC4=C6c4cccc6cccc(c46)C(=O)OCCCCCl)C(=c(cc1)n25)c1ccccc1)C=C3)c1ccccc1,"{""audit_creation_date"": ""2016-12-12"", ""audit_creation_method"": ""CSD-ConQuest-V1"", ""database_code_CSD"": ""DAGSUC"", ""database_code_depnum_ccdc_archive"": ""CCDC 1007148"", ""chemical_formula_sum"": ""C54 H39 Cl3 N4 O2 Zn1"", ""chemical_formula_moiety"": """", ""journal_volume"": ""47"", ""journal_year"": ""2017"", ""journal_page_first"": ""597"", ""journal_name_full"": ""Inorg.Nano-Metal Chem. "", ""publ_author_name"": [""Huan Liu"", ""Caifen Ou"", ""Ben Ma"", ""Chuanjiang Hu""]}",10.1080/24701556.2017.1357616,,,-4646.812076684888,-4646.749420104721,-4646.681846021777,Inorg.Nano-Metal Chem. 
48,DAHSUB,,/home/shachar/repos/PorCrystalStructures/data/xyz/crystal/DAHSUB_0.xyz,/home/shachar/repos/PorCrystalStructures/data/ccdc_data/cif/porphyrins/DAHSUB.cif,[Cd]123([N]4=C5C(=c6ccc(=C(C7=[N]2C(=C(c2ccc(C(=C4C=C5)c4ccc(cc4)Cl)n32)c2ccc(cc2)Cl)C=C7)c2ccc(cc2)Cl)n16)c1ccc(cc1)Cl)N1[CH]C=CC=C1,"{""audit_creation_date"": ""2005-04-12"", ""audit_creation_method"": ""CSD-ConQuest-V1"", ""database_code_CSD"": ""DAHSUB"", ""database_code_depnum_ccdc_archive"": ""CCDC 225194"", ""chemical_formula_sum"": ""C54 H34 Cd1 Cl4 N6"", ""chemical_formula_moiety"": """", ""journal_volume"": ""7"", ""journal_year"": ""2004"", ""journal_page_first"": ""1233"", ""journal_name_full"": ""Inorg.Chem.Commun. "", ""publ_author_name"": [""Wun-Sian Wun"", ""Jyh-Horung Chen"", ""Shin-Shin Wang"", ""Jo-Yu Tung"", ""Feng-Ling Liao"", ""Sue-Lein Wang"", ""Lian-Pin Hwang"", ""Shanmugam Elango""]}",10.1016/j.inoche.2004.09.015,,,-4162.958937400432,-4162.903502855609,-4162.835401855256,Inorg.Chem.Commun. 
50,DEFKIM,,/home/shachar/repos/PorCrystalStructures/data/xyz/crystal/DEFKIM_0.xyz,/home/shachar/repos/PorCrystalStructures/data/ccdc_data/cif/porphyrins/DEFKIM.cif,[Zn]123([N]4=C5C=CC4=C(c4ccccc4)c4n2c(cc4)C(=C2[N]1=C(C(=c1n3c(=C5c3ccccc3)cc1)CN1[CH]C=C(N(C)C)C=C1)C=C2)c1ccccc1)OC(=O)C(F)(F)F,"{""audit_creation_date"": ""2022-06-29"", ""audit_creation_method"": ""CSD-ConQuest-V1"", ""database_code_CSD"": ""DEFKIM"", ""database_code_depnum_ccdc_archive"": ""CCDC 1973540"", ""chemical_formula_sum"": ""C48 H35 F3 N6 O2 Zn1"", ""chemical_formula_moiety"": """", ""journal_volume"": ""13"", ""journal_year"": ""2022"", ""journal_page_first"": ""3614"", ""journal_name_full"": ""Nat.Commun. "", ""publ_author_name"": [""A.R.Sekhar"", ""Y.Chitose"", ""Jiri Janos"", ""S.I.Dangoor"", ""A.Ramundo"", ""R.Satchi-Fainaro"", ""P.Slavicek"", ""Petr Klan"", ""R.Weinstain""]}",10.1038/s41467-022-31288-2,,,-4404.141346231593,-4404.085059371147,-4404.01666190896,Nat.Commun. 
51,DEGQUD,,/home/shachar/repos/PorCrystalStructures/data/xyz/crystal/DEGQUD_0.xyz,/home/shachar/repos/PorCrystalStructures/data/ccdc_data/cif/porphyrins/DEGQUD.cif,[Zn]123(n4c5=C(C6=[N]3C(=C(c3ccc(cc3)Br)c3ccc(C(=C7C=CC(=[N]17)C(=c4cc5)c1ccc(cc1)Br)c1ccncc1)n23)C=C6)c1ccncc1)N1[CH]C=CC=C1,"{""audit_creation_date"": ""2013-02-01"", ""audit_creation_method"": ""CSD-ConQuest-V1"", ""database_code_CSD"": ""DEGQUD"", ""database_code_depnum_ccdc_archive"": ""CCDC 835029"", ""chemical_formula_sum"": ""C47 H29 Br2 N7 Zn1"", ""chemical_formula_moiety"": """", ""journal_volume"": ""15"", ""journal_year"": ""2011"", ""journal_page_first"": ""1250"", ""journal_name_full"": ""J.Porphyrins Phthalocyanines "", ""publ_author_name"": [""H.M.Titi"", ""A.Karmakar"", ""I.Goldberg""]}",10.1142/s1088424611004166,,,-9115.184954577791,-9115.126504599246,-9115.058303390913,J.Porphyrins Phthalocyanines 
52,DITDES,,/home/shachar/repos/PorCrystalStructures/data/xyz/crystal/DITDES_0.xyz,/home/shachar/repos/PorCrystalStructures/data/ccdc_data/cif/porphyrins/DITDES.cif,c1c2n3c(C=C4[N]5=C(C(=c6ccc7=C(C8=[N](C(=C2c2ccccc2)C=C8)[Ni@]35n67)c2ccccc2)c2ccccc2)C=C4)c1,"{""audit_creation_date"": ""2018-11-28"", ""audit_creation_method"": ""CSD-ConQuest-V1"", ""database_code_CSD"": ""DITDES"", ""database_code_depnum_ccdc_archive"": ""CCDC 1881841"", ""chemical_formula_sum"": ""C38 H24 N4 Ni1"", ""chemical_formula_moiety"": """", ""journal_volume"": null, ""journal_year"": ""2018"", ""journal_page_first"": null, ""journal_name_full"": ""CSD Communication(Private Communication) "", ""publ_author_name"": [""U.Florke"", ""M.Tunnermann"", ""M.Bauer""]}",10.22618/tp.pcms.20181.156015,,,-3186.932359934363,-3186.911999893299,-3186.842979850993,CSD Communication(Private Communication) 
53,DIVVIO,,/home/shachar/repos/PorCrystalStructures/data/xyz/crystal/DIVVIO_0.xyz,/home/shachar/repos/PorCrystalStructures/data/ccdc_data/cif/porphyrins/DIVVIO.cif,c1c(ccc(c1)C1=c2ccc3=C(C4=[N]5[Co]6([P@@]78CN9[Gd]%10%11(N(C7)c7c(cccc7)[C](O%11)OC)(N(c7c(cccc7)[C](O%10)OC)C8)O[C](c7c9cccc7)OC)(n7c(C(=C5C=C4)c4ccc(cc4)OC)ccc7C(=C4C=CC1=[N]64)c1ccc(cc1)OC)n23)c1ccc(OC)cc1)OC,"{""audit_creation_date"": ""2008-05-01"", ""audit_creation_method"": ""CSD-ConQuest-V1"", ""database_code_CSD"": ""DIVVIO"", ""database_code_depnum_ccdc_archive"": ""CCDC 638603"", ""chemical_formula_sum"": ""C89 H79 Co1 Gd1 N7 O10 P1"", ""chemical_formula_moiety"": """", ""journal_volume"": ""14"", ""journal_year"": ""2008"", ""journal_page_first"": ""721"", ""journal_name_full"": ""Chem.-Eur.J. "", ""publ_author_name"": [""R.Raturi"", ""J.Lefebvre"", ""D.B.Leznoff"", ""B.R.McGarvey"", ""S.A.Johnson""]}",10.1002/chem.200890051,,,,,,Chem.-Eur.J. 
54,DIXXIS,,/home/shachar/repos/PorCrystalStructures/data/xyz/crystal/DIXXIS_0.xyz,/home/shachar/repos/PorCrystalStructures/data/ccdc_data/cif/porphyrins/DIXXIS.cif,[Zn]123(n4c5=C(C6=[N]3C(=C(c3ccc(C(=C7C=CC(=[N]17)C(=c4cc5)c1ccncc1)c1ccc(cc1)I)n23)c1ccc(I)cc1)C=C6)c1ccc(cc1)I)N1[CH]C=CC=C1,"{""audit_creation_date"": ""2008-09-09"", ""audit_creation_method"": ""CSD-ConQuest-V1"", ""database_code_CSD"": ""DIXXIS"", ""database_code_depnum_ccdc_archive"": ""CCDC 662254"", ""chemical_formula_sum"": ""C51 H36 I3 N7 O1 Zn1"", ""chemical_formula_moiety"": """", ""journal_volume"": null, ""journal_year"": ""2008"", ""journal_page_first"": ""1777"", ""journal_name_full"": ""Chem.Commun. "", ""publ_author_name"": [""S.Muniappan"", ""S.Lipstman"", ""I.Goldberg""]}",10.1039/b719625c,,,-4843.962165130692,-4843.902911743944,-4843.83480165077,Chem.Commun. 
55,DOFXOL,,/home/shachar/repos/PorCrystalStructures/data/xyz/crystal/DOFXOL_0.xyz,/home/shachar/repos/PorCrystalStructures/data/ccdc_data/cif/porphyrins/DOFXOL.cif,[Cd]123(n4c5ccc4C(=C4C=CC(=[N]34)C(=c3ccc(=C(C4=[N]1C(=C5c1ccccc1)C=C4)c1ccccc1)n23)c1ccccc1)c1ccccc1)[NH]1CCCCC1,"{""audit_creation_date"": ""1987-02-04"", ""audit_creation_method"": ""CSD-ConQuest-V1"", ""database_code_CSD"": ""DOFXOL"", ""database_code_depnum_ccdc_archive"": null, ""chemical_formula_sum"": ""C57 H49 Cd1 N5"", ""chemical_formula_moiety"": """", ""journal_volume"": ""24"", ""journal_year"": ""1985"", ""journal_page_first"": ""4595"", ""journal_name_full"": ""Inorg.Chem. "", ""publ_author_name"": [""P.F.Rodesiler"", ""E.A.H.Griffith"", ""N.G.Charles"", ""L.Lebioda"", ""E.L.Amma""]}",10.1021/ic00220a033,,,-2328.691683410026,-2328.636465665855,-2328.568172090616,Inorg.Chem. 
56,DOJPAV01,,/home/shachar/repos/PorCrystalStructures/data/xyz/crystal/DOJPAV01_0.xyz,/home/shachar/repos/PorCrystalStructures/data/ccdc_data/cif/porphyrins/DOJPAV01.cif,c1cccc(C2=C3C=CC4=[N]3[Ni]35(n6c(c(c7ccccc7)c(c7ccccc7)c26)C(=C2C=CC(=[N]32)C(=c2c(N(=O)=O)cc(=C4c3ccccc3)n52)c2ccccc2)c2ccccc2)N2[CH]C=CC=C2)c1,"{""audit_creation_date"": ""2014-09-18"", ""audit_creation_method"": ""CSD-ConQuest-V1"", ""database_code_CSD"": ""DOJPAV01"", ""database_code_depnum_ccdc_archive"": ""CCDC 1018319"", ""chemical_formula_sum"": ""C61 H40 N6 Ni1 O2"", ""chemical_formula_moiety"": """", ""journal_volume"": ""53"", ""journal_year"": ""2014"", ""journal_page_first"": ""12706"", ""journal_name_full"": ""Inorg.Chem. "", ""publ_author_name"": [""R.Kumar"", ""M.Sankar""]}",10.1021/ic501259g,,,-4331.10741772493,-4331.12713224187,-4331.070110562022,Inorg.Chem. 
57,DOKROM,,/home/shachar/repos/PorCrystalStructures/data/xyz/crystal/DOKROM_0.xyz,/home/shachar/repos/PorCrystalStructures/data/ccdc_data/cif/porphyrins/DOKROM.cif,[Ni@]123n4c5=C(c6ccccc6)C6=[N]3C(=C(c3ccccc3)c3c(N(=O)=O)cc(C(=C7C(=C(C(=[N]27)C(=c4c(c5Br)Br)c2ccccc2)Br)Br)c2ccccc2)n13)C(=C6Br)Br,"{""audit_creation_date"": ""2014-09-19"", ""audit_creation_method"": ""CSD-ConQuest-V1"", ""database_code_CSD"": ""DOKROM"", ""database_code_depnum_ccdc_archive"": ""CCDC 1019824"", ""chemical_formula_sum"": ""C44 H21 Br6 N5 Ni1 O2"", ""chemical_formula_moiety"": """", ""journal_volume"": null, ""journal_year"": ""2014"", ""journal_page_first"": null, ""journal_name_full"": ""CSD Communication(Private Communication) "", ""publ_author_name"": [""R.Kumar"", ""M.Sankar""]}",10.1044/gics4.2.63,,,-19061.49793914766,-19061.47782221242,-19061.420165474672,CSD Communication(Private Communication) 
58,DOWCAT,,/home/shachar/repos/PorCrystalStructures/data/xyz/crystal/DOWCAT_0.xyz,/home/shachar/repos/PorCrystalStructures/data/ccdc_data/cif/porphyrins/DOWCAT.cif,[Ni@]123n4c5=C(C6=[N]1C(=C(c1ccc(C(=C7C=CC(=[N]27)C(=c4cc5)CC(C)C)CC(C)C)n31)CC(C)C)C=C6)CC(C)C,"{""audit_creation_date"": ""2000-11-28"", ""audit_creation_method"": ""CSD-ConQuest-V1"", ""database_code_CSD"": ""DOWCAT"", ""database_code_depnum_ccdc_archive"": ""CCDC 117305; CCDC 101152"", ""chemical_formula_sum"": ""C36 H44 N4 Ni1"", ""chemical_formula_moiety"": """", ""journal_volume"": ""3"", ""journal_year"": ""1999"", ""journal_page_first"": ""99"", ""journal_name_full"": ""J.Porphyrins Phthalocyanines "", ""publ_author_name"": [""M.O.Senge"", ""I.Bischoff"", ""N.Y.Nelson"", ""K.M.Smith""]}",10.1002/(sici)1099-1409(199902)3:2<99::aid-jpp109>3.3.co;2-y,,,-3122.886076013781,,-3122.799129619247,J.Porphyrins Phthalocyanines 
59,DUQFAY,,/home/shachar/repos/PorCrystalStructures/data/xyz/crystal/DUQFAY_0.xyz,/home/shachar/repos/PorCrystalStructures/data/ccdc_data/cif/porphyrins/DUQFAY.cif,CC(c1cc(C2=C3[N]4=C(C=C3)C(=c3n5[Ni@@]64[N]4=C(C(=c5cc3)[Si](C)(C)C)C=CC4=C(c3n6c2cc3)c2cc(cc(c2)C(C)(C)C)C(C)(C)C)c2cc(cc(c2)C(C)(C)C)C(C)(C)C)cc(C(C)(C)C)c1)(C)C,"{""audit_creation_date"": ""2015-07-22"", ""audit_creation_method"": ""CSD-ConQuest-V1"", ""database_code_CSD"": ""DUQFAY"", ""database_code_depnum_ccdc_archive"": ""CCDC 1405665"", ""chemical_formula_sum"": ""C65 H80 N4 Ni1 Si1"", ""chemical_formula_moiety"": """", ""journal_volume"": ""100"", ""journal_year"": ""2015"", ""journal_page_first"": ""43"", ""journal_name_full"": ""Polyhedron "", ""publ_author_name"": [""In-Taek Lim"", ""Chong-Hyeak Kim"", ""Ki-Young Choi""]}",10.1016/j.poly.2015.07.022,,,-4537.068728114956,-4537.004362675532,-4536.979217354714,Polyhedron 
60,DUVSOE,,/home/shachar/repos/PorCrystalStructures/data/xyz/crystal/DUVSOE_0.xyz,/home/shachar/repos/PorCrystalStructures/data/ccdc_data/cif/porphyrins/DUVSOE.cif,[Zn@@]123n4c5=C(C6=[N]3C(=Cc3n2c(C=C2C=CC(=[N]12)C=c4cc5)cc3)C=C6)c1ccccc1,"{""audit_creation_date"": ""2015-11-19"", ""audit_creation_method"": ""CSD-ConQuest-V1"", ""database_code_CSD"": ""DUVSOE"", ""database_code_depnum_ccdc_archive"": ""CCDC 1414357"", ""chemical_formula_sum"": ""C26.33 H17.32 N4 O0.33 Zn1"", ""chemical_formula_moiety"": """", ""journal_volume"": ""72"", ""journal_year"": ""2016"", ""journal_page_first"": ""105"", ""journal_name_full"": ""Tetrahedron "", ""publ_author_name"": [""M.O.Senge"", ""K.J.Flanagan"", ""A.A.Ryan"", ""C.Ryppa"", ""M.Donath"", ""B.Twamley""]}",10.1016/j.tet.2015.11.008,,,-2996.69571168942,-2996.627487452305,-2996.559386555272,Tetrahedron 
61,DUXROF,,/home/shachar/repos/PorCrystalStructures/data/xyz/crystal/DUXROF_0.xyz,/home/shachar/repos/PorCrystalStructures/data/ccdc_data/cif/porphyrins/DUXROF.cif,C1(=c2ccc3=C(C4=[N]5C(=C(c6ccccc6)c6ccc7C(=C8[N](=C1C(=C8)C=C(C#N)C#N)[Ni@@]5(n23)n67)c1ccccc1)C=C4)c1ccccc1)c1ccccc1,"{""audit_creation_date"": ""2015-11-19"", ""audit_creation_method"": ""CSD-ConQuest-V1"", ""database_code_CSD"": ""DUXROF"", ""database_code_depnum_ccdc_archive"": ""CCDC 1401278"", ""chemical_formula_sum"": ""C48 H28 N6 Ni1"", ""chemical_formula_moiety"": """", ""journal_volume"": ""5"", ""journal_year"": ""2015"", ""journal_page_first"": ""99028"", ""journal_name_full"": ""RSC Advances "", ""publ_author_name"": [""M.K.Chahal"", ""M.Sankar""]}",10.1039/c5ra19847j,,,-3679.092178281168,-3679.03374001342,-3679.011777418614,RSC Advances 
62,EACWAG,,/home/shachar/repos/PorCrystalStructures/data/xyz/crystal/EACWAG_0.xyz,/home/shachar/repos/PorCrystalStructures/data/ccdc_data/cif/porphyrins/EACWAG.cif,[Zn]123(n4c5=C(C6=[N]3C(=C(c3ccc(C(=C7C=CC(=[N]17)C(=c4cc5c1ccccc1)c1ccccc1)c1ccccc1)n23)c1ccccc1)C=C6)c1ccccc1)N1[CH]C=CC=C1,"{""audit_creation_date"": ""1994-05-10"", ""audit_creation_method"": ""CSD-ConQuest-V1"", ""database_code_CSD"": ""EACWAG"", ""database_code_depnum_ccdc_archive"": null, ""chemical_formula_sum"": ""C61 H51 N5 Zn1"", ""chemical_formula_moiety"": """", ""journal_volume"": ""58"", ""journal_year"": ""1993"", ""journal_page_first"": ""5983"", ""journal_name_full"": ""J.Org.Chem. "", ""publ_author_name"": [""S.G.DiMagno"", ""V.S.-Y.Lin"", ""M.J.Therien""]}",10.1021/jo00074a027,,,-4167.144024175132,-4167.085110224446,-4167.016940538939,J.Org.Chem. 
63,EBOMIS,,/home/shachar/repos/PorCrystalStructures/data/xyz/crystal/EBOMIS_0.xyz,/home/shachar/repos/PorCrystalStructures/data/ccdc_data/cif/porphyrins/EBOMIS.cif,[CH]1C=CC=CN1[Zn]123n4c5ccc4C(=C4C=CC(=[N]14)C(=c1ccc(=C(c4ccc(cc4)O)C4=[N]3C(=C5c3ccc(cc3)C(=O)O)C=C4)n21)c1ccc(cc1)C(=O)O)c1ccc(O)cc1,"{""audit_creation_date"": ""2004-11-16"", ""audit_creation_method"": ""CSD-ConQuest-V1"", ""database_code_CSD"": ""EBOMIS"", ""database_code_depnum_ccdc_archive"": ""CCDC 238545"", ""chemical_formula_sum"": ""C59.7 H42.22 N6.74 O6 Zn1"", ""chemical_formula_moiety"": """", ""journal_volume"": ""6"", ""journal_year"": ""2004"", ""journal_page_first"": ""215"", ""journal_name_full"": ""CrystEngComm "", ""publ_author_name"": [""M.Vinodu"", ""I.Goldberg""]}",10.1039/b407157c,,,-4463.738511779169,-4463.681303312007,-4463.611992100075,CrystEngComm 
64,EBOQUH,,/home/shachar/repos/PorCrystalStructures/data/xyz/crystal/EBOQUH_0.xyz,/home/shachar/repos/PorCrystalStructures/data/ccdc_data/cif/porphyrins/EBOQUH.cif,[Fe]123(c4ccc(cc4)F)([N]4=C5C=c6c(c(c(=CC7=[N]2C(=Cc2c(c(c(C=C4C(=C5CC)CC)n32)CC)CC)C(=C7CC)CC)n16)CC)CC)[N][O],"{""audit_creation_date"": ""2001-10-02"", ""audit_creation_method"": ""CSD-ConQuest-V1"", ""database_code_CSD"": ""EBOQUH"", ""database_code_depnum_ccdc_archive"": ""CCDC 167346"", ""chemical_formula_sum"": ""C42 H48 F1 Fe1 N5 O1"", ""chemical_formula_moiety"": """", ""journal_volume"": ""123"", ""journal_year"": ""2001"", ""journal_page_first"": ""6314"", ""journal_name_full"": ""J.Am.Chem.Soc. "", ""publ_author_name"": [""G.B.Richter-Addo"", ""R.A.Wheeler"", ""C.A.Hixson"", ""Li Chen"", ""M.A.Khan"", ""M.K.Ellison"", ""C.E.Schulz"", ""W.R.Scheidt""]}",10.1021/ja010276m,,,-3338.53227876439,-3338.48993528887,-3338.418820595126,J.Am.Chem.Soc. 
65,EBORES01,,/home/shachar/repos/PorCrystalStructures/data/xyz/crystal/EBORES01_0.xyz,/home/shachar/repos/PorCrystalStructures/data/ccdc_data/cif/porphyrins/EBORES01.cif,C(C)C1=C(CC)C2=[N]3[Ru]45(c6ccc(cc6)F)(n6c(=C2)c(c(c6=CC2=[N]4C(=Cc4n5c(c(c4CC)CC)C=C13)C(=C2CC)CC)CC)CC)[N][O],"{""audit_creation_date"": ""2001-10-02"", ""audit_creation_method"": ""CSD-ConQuest-V1"", ""database_code_CSD"": ""EBORES01"", ""database_code_depnum_ccdc_archive"": ""CCDC 167347"", ""chemical_formula_sum"": ""C42 H48 F1 N5 O1 Ru1"", ""chemical_formula_moiety"": """", ""journal_volume"": ""123"", ""journal_year"": ""2001"", ""journal_page_first"": ""6314"", ""journal_name_full"": ""J.Am.Chem.Soc. "", ""publ_author_name"": [""G.B.Richter-Addo"", ""R.A.Wheeler"", ""C.A.Hixson"", ""Li Chen"", ""M.A.Khan"", ""M.K.Ellison"", ""C.E.Schulz"", ""W.R.Scheidt""]}",10.1021/ja010276m,,,-2170.019789573291,-2169.949851380055,-2169.882982952486,J.Am.Chem.Soc. 
66,EBORES,,/home/shachar/repos/PorCrystalStructures/data/xyz/crystal/EBORES_0.xyz,/home/shachar/repos/PorCrystalStructures/data/ccdc_data/cif/porphyrins/EBORES.cif,C12=Cc3c(c(c4C=C5C(=C(C6=[N]5[Ru]5(c7ccc(cc7)F)(n7c(=CC(=[N]25)C(=C1CC)CC)c(c(c7=C6)CC)CC)(n34)N=O)CC)CC)CC)CC,"{""audit_creation_date"": ""2001-10-02"", ""audit_creation_method"": ""CSD-ConQuest-V1"", ""database_code_CSD"": ""EBORES"", ""database_code_depnum_ccdc_archive"": ""CCDC 167348"", ""chemical_formula_sum"": ""C42 H48 F1 N5 O1 Ru1"", ""chemical_formula_moiety"": """", ""journal_volume"": ""123"", ""journal_year"": ""2001"", ""journal_page_first"": ""6314"", ""journal_name_full"": ""J.Am.Chem.Soc. "", ""publ_author_name"": [""G.B.Richter-Addo"", ""R.A.Wheeler"", ""C.A.Hixson"", ""Li Chen"", ""M.A.Khan"", ""M.K.Ellison"", ""C.E.Schulz"", ""W.R.Scheidt""]}",10.1021/ja010276m,,,-2170.019806446603,-2169.94986534469,-2169.88300251833,J.Am.Chem.Soc. 
67,ECUBAH,,/home/shachar/repos/PorCrystalStructures/data/xyz/crystal/ECUBAH_0.xyz,/home/shachar/repos/PorCrystalStructures/data/ccdc_data/cif/porphyrins/ECUBAH.cif,Fc1c(C2=c3n4[Fe]56([N]7=C2C(=C(Cl)C7=C(c2c(c(c(c(c2F)F)F)F)F)c2n5c(c(Cl)c2Cl)C(=C2[N]6=C(C(=C2Cl)Cl)C(=c4c(Cl)c3Cl)c2c(c(c(c(c2F)F)F)F)F)c2c(c(c(c(c2F)F)F)F)F)Cl)(N2[CH]N(C=C2)C)N2[CH]N(C)C=C2)c(F)c(F)c(F)c1F,"{""audit_creation_date"": ""2013-04-25"", ""audit_creation_method"": ""CSD-ConQuest-V1"", ""database_code_CSD"": ""ECUBAH"", ""database_code_depnum_ccdc_archive"": ""CCDC 912418"", ""chemical_formula_sum"": ""C52 H12 Cl8 F20 Fe1 N8"", ""chemical_formula_moiety"": """", ""journal_volume"": ""51"", ""journal_year"": ""2012"", ""journal_page_first"": ""11294"", ""journal_name_full"": ""Inorg.Chem. "", ""publ_author_name"": [""R.Patra"", ""D.Sahoo"", ""S.Dey"", ""D.Sil"", ""S.P.Rath""]}",10.1021/ic300229u,,,-9362.845829867303,-9362.819034788701,-9362.801006966782,Inorg.Chem. 
68,EDOHAJ,,/home/shachar/repos/PorCrystalStructures/data/xyz/crystal/EDOHAJ_0.xyz,/home/shachar/repos/PorCrystalStructures/data/ccdc_data/cif/porphyrins/EDOHAJ.cif,[Zn]123(n4c5ccc4C(=C4C=CC(=[N]34)C(=c3ccc(=C(c4ccccc4)C4=[N]1C(=C5c1ccccc1)C=C4)n23)c1ccccc1)c1ccccc1)O[C](C)C,"{""audit_creation_date"": ""2017-10-16"", ""audit_creation_method"": ""CSD-ConQuest-V1"", ""database_code_CSD"": ""EDOHAJ"", ""database_code_depnum_ccdc_archive"": ""CCDC 1521213"", ""chemical_formula_sum"": ""C47 H34 N4 O1 Zn1"", ""chemical_formula_moiety"": """", ""journal_volume"": null, ""journal_year"": ""2017"", ""journal_page_first"": null, ""journal_name_full"": ""CSD Communication(Private Communication) "", ""publ_author_name"": [""V.Andreev"", ""P.Sobolev"", ""V.Tafeenko""]}",10.17587/prin.8.243-249,,,-3881.498769427667,-3881.439136350419,-3881.370961071686,CSD Communication(Private Communication) 
69,EDOHIR,,/home/shachar/repos/PorCrystalStructures/data/xyz/crystal/EDOHIR_0.xyz,/home/shachar/repos/PorCrystalStructures/data/ccdc_data/cif/porphyrins/EDOHIR.cif,c1cccc(C2=c3ccc4=C(C5=[N]6[Zn]7(n34)(n3c(C(=C6C=C5)c4ccccc4)ccc3C(=C3C=CC2=[N]73)c2ccccc2)N2[CH]C=CN=C2N)c2ccccc2)c1,"{""audit_creation_date"": ""2017-10-16"", ""audit_creation_method"": ""CSD-ConQuest-V1"", ""database_code_CSD"": ""EDOHIR"", ""database_code_depnum_ccdc_archive"": ""CCDC 1521215"", ""chemical_formula_sum"": ""C51 H39 N7 O1 Zn1"", ""chemical_formula_moiety"": """", ""journal_volume"": null, ""journal_year"": ""2017"", ""journal_page_first"": null, ""journal_name_full"": ""CSD Communication(Private Communication) "", ""publ_author_name"": [""V.Andreev"", ""P.Sobolev"", ""V.Tafeenko""]}",10.17587/prin.8.243-249,,,-4007.926799986912,-4007.867295096148,-4007.79873074808,CSD Communication(Private Communication) 
70,EKETUJ,,/home/shachar/repos/PorCrystalStructures/data/xyz/crystal/EKETUJ_0.xyz,/home/shachar/repos/PorCrystalStructures/data/ccdc_data/cif/porphyrins/EKETUJ.cif,[Ni@]123n4c5=CC6=[N]3C(=C(c3n2c(C=C2[N]1=C(C(=c4c(C)c5CCCCCC)c1ccccc1)C(=C2CCCCCC)C)c(c3C)CCCCCC)c1ccccc1)C(=C6CCCCCC)C,"{""audit_creation_date"": ""2003-11-07"", ""audit_creation_method"": ""CSD-ConQuest-V1"", ""database_code_CSD"": ""EKETUJ"", ""database_code_depnum_ccdc_archive"": ""CCDC 222831"", ""chemical_formula_sum"": ""C60 H76 N4 Ni1"", ""chemical_formula_moiety"": """", ""journal_volume"": ""59"", ""journal_year"": ""2003"", ""journal_page_first"": ""m818"", ""journal_name_full"": ""Acta Crystallogr.,Sect.E:Struct.Rep.Online "", ""publ_author_name"": [""A.D.Bond"", ""N.Feeder"", ""J.E.Redman"", ""S.J.Teat"", ""J.K.M.Sanders""]}",10.1107/s1600536803018853,,,-4055.060987400533,-4055.037467622501,-4054.968303567049,"Acta Crystallogr.,Sect.E:Struct.Rep.Online "
71,EQUFON,,/home/shachar/repos/PorCrystalStructures/data/xyz/crystal/EQUFON_0.xyz,/home/shachar/repos/PorCrystalStructures/data/ccdc_data/cif/porphyrins/EQUFON.cif,c1cc(C2=C3C=CC4=[N]3[Zn]35(n6c(ccc26)C(=C2C=CC(=[N]32)C(=c2ccc(=C4c3c4ccccc4ccc3O)n52)c2ccc(cc2)O)c2c(ccc3ccccc23)O)N2[CH]C=CC=C2)ccc1,"{""audit_creation_date"": ""2016-07-28"", ""audit_creation_method"": ""CSD-ConQuest-V1"", ""database_code_CSD"": ""EQUFON"", ""database_code_depnum_ccdc_archive"": ""CCDC 1496561"", ""chemical_formula_sum"": ""C67 H47 N7 O3 Zn1"", ""chemical_formula_moiety"": """", ""journal_volume"": null, ""journal_year"": ""2016"", ""journal_page_first"": null, ""journal_name_full"": ""CSD Communication(Private Communication) "", ""publ_author_name"": [""liguo yang""]}",10.1017/9781316809976.027,,,-4468.806049287591,-4468.746609610237,-4468.6783170653,CSD Communication(Private Communication) 
72,EREDIO,,/home/shachar/repos/PorCrystalStructures/data/xyz/crystal/EREDIO_0.xyz,/home/shachar/repos/PorCrystalStructures/data/ccdc_data/cif/porphyrins/EREDIO.cif,[Ru]123(n4c5=C(C6=[N]1C(=C(c1ccc(C(=C7[N]3=C(C(=c4cc5)c3ccc(C)cc3)C=C7)c3ccc(C)cc3)n21)c1ccc(C)cc1)C=C6)c1ccc(C)cc1)(N(c1cc(C)c(c(c1)C)OC)[O])N(c1cc(C)c(c(C)c1)OC)[O],"{""audit_creation_date"": ""2004-05-06"", ""audit_creation_method"": ""CSD-ConQuest-V1"", ""database_code_CSD"": ""EREDIO"", ""database_code_depnum_ccdc_archive"": ""CCDC 216564"", ""chemical_formula_sum"": ""C66 H58 N6 O4 Ru1"", ""chemical_formula_moiety"": """", ""journal_volume"": null, ""journal_year"": ""2004"", ""journal_page_first"": ""189"", ""journal_name_full"": ""Dalton Trans. "", ""publ_author_name"": [""Jonghyuk Lee"", ""B.Twamley"", ""G.B.Richter-Addo""]}",10.1039/b315051h,,,-3269.321678130976,-3269.271625284946,-3269.225060268179,Dalton Trans. 
73,EREDUA,,/home/shachar/repos/PorCrystalStructures/data/xyz/crystal/EREDUA_0.xyz,/home/shachar/repos/PorCrystalStructures/data/ccdc_data/cif/porphyrins/EREDUA.cif,[Ru]123([N]4=C5C(=c6ccc(=C(C7=[N]2C(=C(c2ccc(C(=C4C=C5)c4ccc(C)cc4)n32)c2ccc(C)cc2)C=C7)c2ccc(C)cc2)n16)c1ccc(C)cc1)(N(c1ccccc1)[O])N1[CH]C=CC=C1,"{""audit_creation_date"": ""2004-05-06"", ""audit_creation_method"": ""CSD-ConQuest-V1"", ""database_code_CSD"": ""EREDUA"", ""database_code_depnum_ccdc_archive"": ""CCDC 216560"", ""chemical_formula_sum"": ""C59 H46 N6 O1 Ru1"", ""chemical_formula_moiety"": """", ""journal_volume"": null, ""journal_year"": ""2004"", ""journal_page_first"": ""189"", ""journal_name_full"": ""Dalton Trans. "", ""publ_author_name"": [""Jonghyuk Lee"", ""B.Twamley"", ""G.B.Richter-Addo""]}",10.1039/b315051h,,,-2770.38037098328,-2770.318004816458,-2770.267520421942,Dalton Trans. 
74,EREFAI,,/home/shachar/repos/PorCrystalStructures/data/xyz/crystal/EREFAI_0.xyz,/home/shachar/repos/PorCrystalStructures/data/ccdc_data/cif/porphyrins/EREFAI.cif,c1cc2C(=C3C=CC4=[N]3[Ru]35(n6c(=C(C7=[N]3C(=C(c1n25)c1ccccc1)C=C7)c1ccccc1)ccc6=C4c1ccccc1)(N1C=CN(C)[CH]1)N(c1ccccc1C)[O])c1ccccc1,"{""audit_creation_date"": ""2004-05-06"", ""audit_creation_method"": ""CSD-ConQuest-V1"", ""database_code_CSD"": ""EREFAI"", ""database_code_depnum_ccdc_archive"": ""CCDC 216565"", ""chemical_formula_sum"": ""C72.5 H61 N7 O1 Ru1"", ""chemical_formula_moiety"": """", ""journal_volume"": null, ""journal_year"": ""2004"", ""journal_page_first"": ""189"", ""journal_name_full"": ""Dalton Trans. "", ""publ_author_name"": [""Jonghyuk Lee"", ""B.Twamley"", ""G.B.Richter-Addo""]}",10.1039/b315051h,,,-2669.930430124855,-2669.868003219518,-2669.816123730751,Dalton Trans. 
75,ETISEI,,/home/shachar/repos/PorCrystalStructures/data/xyz/crystal/ETISEI_0.xyz,/home/shachar/repos/PorCrystalStructures/data/ccdc_data/cif/porphyrins/ETISEI.cif,c1cc(C2=C3[N]4=C(C(=c5n6[Zn]74(n4c2ccc4C(=C2C=CC(=[N]72)C(=c6cc5)c2ccc(N(c4ccc(cc4)OC)c4ccc(cc4)OC)cc2)c2ccc(N(c4ccc(cc4)OC)c4ccc(OC)cc4)cc2)[O])c2ccc(N(c4ccc(OC)cc4)c4ccc(OC)cc4)cc2)C=C3)ccc1N(c1ccc(OC)cc1)c1ccc(OC)cc1,"{""audit_creation_date"": ""2021-05-25"", ""audit_creation_method"": ""CSD-ConQuest-V1"", ""database_code_CSD"": ""ETISEI"", ""database_code_depnum_ccdc_archive"": ""CCDC 2038530"", ""chemical_formula_sum"": ""C107 H90 N8 O9 Zn1"", ""chemical_formula_moiety"": """", ""journal_volume"": ""193"", ""journal_year"": ""2021"", ""journal_page_first"": ""109469"", ""journal_name_full"": ""Dyes Pigm. "", ""publ_author_name"": [""Ting Sun"", ""Zilong Zhang"", ""Jianbin Xu"", ""Lusheng Liang"", ""Chi-Lun Mai"", ""Lu Ren"", ""Qin Zhou"", ""Yaming Yu"", ""Bao Zhang"", ""Peng Gao""]}",10.1016/j.dyepig.2021.109469,,,,,,Dyes Pigm. 
76,ETISIM,,/home/shachar/repos/PorCrystalStructures/data/xyz/crystal/ETISIM_0.xyz,/home/shachar/repos/PorCrystalStructures/data/ccdc_data/cif/porphyrins/ETISIM.cif,c12=C(C3=[N]4[Mn]56(n2c(=C(c2ccc(cc2)N(c2ccc(cc2)OC)c2ccc(OC)cc2)C2=[N]5C(=C(c5ccc(N(c7ccc(cc7)OC)c7ccc(cc7)OC)cc5)c5n6c(cc5)C(=C4C=C3)c3ccc(cc3)N(c3ccc(OC)cc3)c3ccc(cc3)OC)C=C2)cc1)Cl)c1ccc(N(c2ccc(cc2)OC)c2ccc(cc2)OC)cc1,"{""audit_creation_date"": ""2021-05-25"", ""audit_creation_method"": ""CSD-ConQuest-V1"", ""database_code_CSD"": ""ETISIM"", ""database_code_depnum_ccdc_archive"": ""CCDC 2038532"", ""chemical_formula_sum"": ""C100 H80 Cl1 Mn1 N8 O8"", ""chemical_formula_moiety"": """", ""journal_volume"": ""193"", ""journal_year"": ""2021"", ""journal_page_first"": ""109469"", ""journal_name_full"": ""Dyes Pigm. "", ""publ_author_name"": [""Ting Sun"", ""Zilong Zhang"", ""Jianbin Xu"", ""Lusheng Liang"", ""Chi-Lun Mai"", ""Lu Ren"", ""Qin Zhou"", ""Yaming Yu"", ""Bao Zhang"", ""Peng Gao""]}",10.1016/j.dyepig.2021.109469,,,-6501.893412508724,-6501.90849016032,-6501.938205011327,Dyes Pigm. 
77,ETUKOW,,/home/shachar/repos/PorCrystalStructures/data/xyz/crystal/ETUKOW_0.xyz,/home/shachar/repos/PorCrystalStructures/data/ccdc_data/cif/porphyrins/ETUKOW.cif,c1ccc(C(=O)Nc2ccccc2C2=c3ccc4=C(C5=[N]6C(=C(c7ccc8C(=C9C=CC2=[N]9[Fe]6(n34)(n78)(N2C=CN([CH]2)C)N2[CH]N(C=C2)C)c2ccccc2NC(=O)c2cnccc2)c2ccccc2NC(=O)c2cccnc2)C=C5)c2ccccc2NC(=O)c2cnccc2)cn1,"{""audit_creation_date"": ""2021-05-25"", ""audit_creation_method"": ""CSD-ConQuest-V1"", ""database_code_CSD"": ""ETUKOW"", ""database_code_depnum_ccdc_archive"": ""CCDC 2068473"", ""chemical_formula_sum"": ""C86 H74 Fe1 N18 O5.5"", ""chemical_formula_moiety"": """", ""journal_volume"": ""6"", ""journal_year"": ""2021"", ""journal_page_first"": null, ""journal_name_full"": ""IUCrData "", ""publ_author_name"": [""Y.Fan"", ""J.Li""]}",10.1107/s2414314621009883,,,,,,IUCrData 
78,EWURUL,,/home/shachar/repos/PorCrystalStructures/data/xyz/crystal/EWURUL_0.xyz,/home/shachar/repos/PorCrystalStructures/data/ccdc_data/cif/porphyrins/EWURUL.cif,[Fe]123([N]4=C5C(=C(C4=C(c4c(c(c(n24)C(=C2C(=C(C(=[N]32)C(=c2c(c(c(=C5c3c(c(c(c(c3F)F)F)F)F)n12)Br)Br)c1c(c(c(c(c1F)F)F)F)F)Br)Br)c1c(c(c(F)c(F)c1F)F)F)Br)Br)c1c(F)c(c(c(c1F)F)F)F)Br)Br)(N1[CH]N(C=C1)C)N1[CH]N(C=C1)C,"{""audit_creation_date"": ""2016-10-04"", ""audit_creation_method"": ""CSD-ConQuest-V1"", ""database_code_CSD"": ""EWURUL"", ""database_code_depnum_ccdc_archive"": ""CCDC 1508060"", ""chemical_formula_sum"": ""C52 H12 Br8 F20 Fe1 N8"", ""chemical_formula_moiety"": """", ""journal_volume"": ""55"", ""journal_year"": ""2016"", ""journal_page_first"": ""9632"", ""journal_name_full"": ""Inorg.Chem. "", ""publ_author_name"": [""Bin Hu"", ""MingruiHe"", ""Zhen Yao"", ""C.E.Schulz"", ""JianfengLi""]}",10.1021/acs.inorgchem.6b01364,,,-26273.200961621074,-26273.174242854948,-26273.155742200284,Inorg.Chem. 
79,EWUSAS,,/home/shachar/repos/PorCrystalStructures/data/xyz/crystal/EWUSAS_0.xyz,/home/shachar/repos/PorCrystalStructures/data/ccdc_data/cif/porphyrins/EWUSAS.cif,C(N1C=CN([CH]1)[Fe]123([N]4=C5C(=C(C4=C(c4c(Br)c(c(C(=C6C(=C(C(=[N]26)C(=c2c(c(c(=C5c5c(c(c(c(c5F)F)F)F)F)n32)Br)Br)c2c(c(c(c(c2F)F)F)F)F)Br)Br)c2c(F)c(F)c(F)c(c2F)F)n14)Br)c1c(c(c(c(c1F)F)F)F)F)Br)Br)N1[CH]N(C=C1)CC)C,"{""audit_creation_date"": ""2016-10-04"", ""audit_creation_method"": ""CSD-ConQuest-V1"", ""database_code_CSD"": ""EWUSAS"", ""database_code_depnum_ccdc_archive"": ""CCDC 1508061"", ""chemical_formula_sum"": ""C54 H16 Br8 F20 Fe1 N8"", ""chemical_formula_moiety"": """", ""journal_volume"": ""55"", ""journal_year"": ""2016"", ""journal_page_first"": ""9632"", ""journal_name_full"": ""Inorg.Chem. "", ""publ_author_name"": [""Bin Hu"", ""MingruiHe"", ""Zhen Yao"", ""C.E.Schulz"", ""JianfengLi""]}",10.1021/acs.inorgchem.6b01364,,,-26351.691477554272,-26351.66576470397,-26351.647548264686,Inorg.Chem. 
80,FAMTAS,,/home/shachar/repos/PorCrystalStructures/data/xyz/crystal/FAMTAS_0.xyz,/home/shachar/repos/PorCrystalStructures/data/ccdc_data/cif/porphyrins/FAMTAS.cif,Cc1ccc(C2=c3ccc4=C(C5=[N]6[Rh]7(Cc8cc(cc(c8)C)C)([N]8=C2C=CC8=C(c2ccc(C(=C6C=C5)c5ccc(C)cc5)n72)c2ccc(cc2)C)n34)c2ccc(cc2)C)cc1,"{""audit_creation_date"": ""2022-01-10"", ""audit_creation_method"": ""CSD-ConQuest-V1"", ""database_code_CSD"": ""FAMTAS"", ""database_code_depnum_ccdc_archive"": ""CCDC 923672"", ""chemical_formula_sum"": ""C57 H47 N4 Rh1"", ""chemical_formula_moiety"": """", ""journal_volume"": ""60"", ""journal_year"": ""2013"", ""journal_page_first"": ""779"", ""journal_name_full"": ""J.Chin.Chem.Soc.(Taipei) "", ""publ_author_name"": [""Kwong Shing Choi"", ""Peng Fai Chiu"", ""Chung Sum Chan"", ""Kin Shing Chan""]}",10.1002/jccs.201200635,,,-2525.988728076394,-2525.918836119681,-2525.846012865062,J.Chin.Chem.Soc.(Taipei) 
81,FAMTEW,,/home/shachar/repos/PorCrystalStructures/data/xyz/crystal/FAMTEW_0.xyz,/home/shachar/repos/PorCrystalStructures/data/ccdc_data/cif/porphyrins/FAMTEW.cif,[Rh]123(Cc4ccccc4C)[N]4=C5C=CC4=C(c4ccc(C(=C6C=CC(=[N]26)C(=c2ccc(=C5c5ccc(cc5)C)n12)c1ccc(cc1)C)c1ccc(cc1)C)n34)c1ccc(cc1)C,"{""audit_creation_date"": ""2022-01-10"", ""audit_creation_method"": ""CSD-ConQuest-V1"", ""database_code_CSD"": ""FAMTEW"", ""database_code_depnum_ccdc_archive"": ""CCDC 923671"", ""chemical_formula_sum"": ""C56.5 H45.5 Cl1.5 N4 Rh1"", ""chemical_formula_moiety"": """", ""journal_volume"": ""60"", ""journal_year"": ""2013"", ""journal_page_first"": ""779"", ""journal_name_full"": ""J.Chin.Chem.Soc.(Taipei) "", ""publ_author_name"": [""Kwong Shing Choi"", ""Peng Fai Chiu"", ""Chung Sum Chan"", ""Kin Shing Chan""]}",10.1002/jccs.201200635,,,-2486.740413287974,-2486.670633740718,-2486.597449312478,J.Chin.Chem.Soc.(Taipei) 
82,FAMTIA,,/home/shachar/repos/PorCrystalStructures/data/xyz/crystal/FAMTIA_0.xyz,/home/shachar/repos/PorCrystalStructures/data/ccdc_data/cif/porphyrins/FAMTIA.cif,C1(=c2n3[Rh]45(Cc6c(cccc6)C#N)[N]6=C(C(=c3cc2)c2ccc(cc2)C)C=CC6=C(c2ccc(cc2)C)c2n4c(cc2)C(=C2[N]5=C1C=C2)c1ccc(cc1)C)c1ccc(cc1)C,"{""audit_creation_date"": ""2022-01-10"", ""audit_creation_method"": ""CSD-ConQuest-V1"", ""database_code_CSD"": ""FAMTIA"", ""database_code_depnum_ccdc_archive"": ""CCDC 923670"", ""chemical_formula_sum"": ""C57 H44 Cl2 N5 Rh1"", ""chemical_formula_moiety"": """", ""journal_volume"": ""60"", ""journal_year"": ""2013"", ""journal_page_first"": ""779"", ""journal_name_full"": ""J.Chin.Chem.Soc.(Taipei) "", ""publ_author_name"": [""Kwong Shing Choi"", ""Peng Fai Chiu"", ""Chung Sum Chan"", ""Kin Shing Chan""]}",10.1002/jccs.201200635,,,-2539.638108882861,-2539.567347007678,-2539.483824385522,J.Chin.Chem.Soc.(Taipei) 
83,FAPCAC,,/home/shachar/repos/PorCrystalStructures/data/xyz/crystal/FAPCAC_0.xyz,/home/shachar/repos/PorCrystalStructures/data/ccdc_data/cif/porphyrins/FAPCAC.cif,[Zn@]123n4c5=C(C6=[N]1C(=C(c1n2c(cc1)C(=C1[N]3=C(C=c4cc5)C=C1)c1ccc(cc1)C)c1ccccc1)C=C6)c1ccc(cc1)C,"{""audit_creation_date"": ""2012-03-05"", ""audit_creation_method"": ""CSD-ConQuest-V1"", ""database_code_CSD"": ""FAPCAC"", ""database_code_depnum_ccdc_archive"": ""CCDC 837061"", ""chemical_formula_sum"": ""C40 H28 N4 Zn1"", ""chemical_formula_moiety"": """", ""journal_volume"": ""41"", ""journal_year"": ""2012"", ""journal_page_first"": ""929"", ""journal_name_full"": ""Dalton Trans. "", ""publ_author_name"": [""A.K.D.Dime"", ""C.H.Devillers"", ""H.Cattey"", ""B.Habermeyer"", ""D.Lucas""]}",10.1039/c1dt11330e,,,-3536.449841393156,-3536.38472686554,-3536.316604148978,Dalton Trans. 
84,FARJIU,,/home/shachar/repos/PorCrystalStructures/data/xyz/crystal/FARJIU_0.xyz,/home/shachar/repos/PorCrystalStructures/data/ccdc_data/cif/porphyrins/FARJIU.cif,O=CC1=C2[N]3=C(C(=c4ccc5=C(C6=[N]7[Pd@]3(n45)n3c(C(=C7C=C6)c4ccc(cc4)C)ccc13)c1ccc(cc1)C)c1ccc(cc1)C)C=C2,"{""audit_creation_date"": ""2017-02-23"", ""audit_creation_method"": ""CSD-ConQuest-V1"", ""database_code_CSD"": ""FARJIU"", ""database_code_depnum_ccdc_archive"": ""CCDC 1403207"", ""chemical_formula_sum"": ""C42 H34 N4 O3 Pd1"", ""chemical_formula_moiety"": """", ""journal_volume"": ""19"", ""journal_year"": ""2015"", ""journal_page_first"": ""1021"", ""journal_name_full"": ""J.Porphyrins Phthalocyanines "", ""publ_author_name"": [""S.A.Berhe"", ""Z.B.Molinets"", ""M.N.Frodeman"", ""B.Miller"", ""V.N.Nesterov"", ""K.M.Haynes"", ""C.M.Perry"", ""M.T.Rodriguez"", ""R.N.McDougald Junior"", ""W.Justin Youngblood""]}",10.1142/s1088424615500741,,,-2037.673408392042,-2037.609085422369,-2037.537757932007,J.Porphyrins Phthalocyanines 
85,FATRAW,,/home/shachar/repos/PorCrystalStructures/data/xyz/crystal/FATRAW_0.xyz,/home/shachar/repos/PorCrystalStructures/data/ccdc_data/cif/porphyrins/FATRAW.cif,[Mn]123(n4c5ccc4C(=C4C=CC(=[N]34)C(=c3ccc(=C(C4=[N]2C(=C5c2ccc(cc2)C)C=C4)c2ccc(cc2)C)n13)c1ccc(cc1)C)c1ccc(cc1)C)Cl,"{""audit_creation_date"": ""2017-02-23"", ""audit_creation_method"": ""CSD-ConQuest-V1"", ""database_code_CSD"": ""FATRAW"", ""database_code_depnum_ccdc_archive"": ""CCDC 980778"", ""chemical_formula_sum"": ""C49 H38 Cl2 Mn1 N4"", ""chemical_formula_moiety"": """", ""journal_volume"": ""20"", ""journal_year"": ""2016"", ""journal_page_first"": ""833"", ""journal_name_full"": ""J.Porphyrins Phthalocyanines "", ""publ_author_name"": [""R.Soman"", ""S.Sujatha"", ""C.Arunkuma""]}",10.1142/s1088424616501017,,,-3677.313246988003,-3677.328288134719,-3677.357824503043,J.Porphyrins Phthalocyanines 
86,FAVGUE,,/home/shachar/repos/PorCrystalStructures/data/xyz/crystal/FAVGUE_0.xyz,/home/shachar/repos/PorCrystalStructures/data/ccdc_data/cif/porphyrins/FAVGUE.cif,C12=Cc3c(c(c4C=C5C(=C(C6=[N]5[Fe]5([N]2=C(C(=C1CC)CC)C=c1c(c(c(=C6)n51)CC)CC)(n34)(N(c1ccccc1)[O])N1[CH]N(C=C1)C)CC)CC)CC)CC,"{""audit_creation_date"": ""1999-07-19"", ""audit_creation_method"": ""CSD-ConQuest-V1"", ""database_code_CSD"": ""FAVGUE"", ""database_code_depnum_ccdc_archive"": ""CCDC 103038"", ""chemical_formula_sum"": ""C46 H55 Fe1 N7 O1"", ""chemical_formula_moiety"": """", ""journal_volume"": ""121"", ""journal_year"": ""1999"", ""journal_page_first"": ""3829"", ""journal_name_full"": ""J.Am.Chem.Soc. "", ""publ_author_name"": [""N.Godbout"", ""L.K.Sanders"", ""R.Salzmann"", ""R.H.Havlin"", ""M.Wojdelski"", ""E.Oldfield""]}",10.1021/ja9832820,,,-3504.58214520023,-3504.552776472051,-3504.484541655533,J.Am.Chem.Soc. 
87,FEMQIX,,/home/shachar/repos/PorCrystalStructures/data/xyz/crystal/FEMQIX_0.xyz,/home/shachar/repos/PorCrystalStructures/data/ccdc_data/cif/porphyrins/FEMQIX.cif,[Fe]123([C][O])(n4c5=C(C6=[N]3C(=C(c3ccc(C(=C7C=CC(=[N]17)C(=c4cc5)c1ccccc1)c1ccccc1)n23)c1ccccc1)C=C6)c1ccccc1)N1[CH]N(C=C1)C,"{""audit_creation_date"": ""1999-07-29"", ""audit_creation_method"": ""CSD-ConQuest-V1"", ""database_code_CSD"": ""FEMQIX"", ""database_code_depnum_ccdc_archive"": ""CCDC 1154503"", ""chemical_formula_sum"": ""C56 H42 Fe1 N6 O1"", ""chemical_formula_moiety"": """", ""journal_volume"": ""120"", ""journal_year"": ""1998"", ""journal_page_first"": ""11323"", ""journal_name_full"": ""J.Am.Chem.Soc. "", ""publ_author_name"": [""R.Salzmann"", ""C.J.Ziegler"", ""N.Godbout"", ""M.T.McMahon"", ""K.S.Suslick"", ""E.Oldfield""]}",10.1021/ja9740069,,,-3551.379541019784,-3551.338909399516,-3551.278660941673,J.Am.Chem.Soc. 
88,FEMQOD,,/home/shachar/repos/PorCrystalStructures/data/xyz/crystal/FEMQOD_0.xyz,/home/shachar/repos/PorCrystalStructures/data/ccdc_data/cif/porphyrins/FEMQOD.cif,[C]([O])[Ru]123(n4c5=C(C6=[N]3C(=C(c3ccccc3)c3n2c(C(=C2[N]1=C(C(=c4cc5)c1ccccc1)C=C2)c1ccccc1)cc3)C=C6)c1ccccc1)N1[CH]N(C=C1)C,"{""audit_creation_date"": ""1999-07-29"", ""audit_creation_method"": ""CSD-ConQuest-V1"", ""database_code_CSD"": ""FEMQOD"", ""database_code_depnum_ccdc_archive"": null, ""chemical_formula_sum"": ""C50 H35 Cl3 N6 O1 Ru1"", ""chemical_formula_moiety"": """", ""journal_volume"": ""120"", ""journal_year"": ""1998"", ""journal_page_first"": ""11323"", ""journal_name_full"": ""J.Am.Chem.Soc. "", ""publ_author_name"": [""R.Salzmann"", ""C.J.Ziegler"", ""N.Godbout"", ""M.T.McMahon"", ""K.S.Suslick"", ""E.Oldfield""]}",10.1021/ja9740069,,,-2382.848044220408,-2382.782624356003,-2382.708717241019,J.Am.Chem.Soc. 
89,FEMQUJ,,/home/shachar/repos/PorCrystalStructures/data/xyz/crystal/FEMQUJ_0.xyz,/home/shachar/repos/PorCrystalStructures/data/ccdc_data/cif/porphyrins/FEMQUJ.cif,[C]([O])[Os]123(n4c5=C(C6=[N]3C(=C(c3ccccc3)c3n2c(C(=C2[N]1=C(C(=c4cc5)c1ccccc1)C=C2)c1ccccc1)cc3)C=C6)c1ccccc1)N1[CH]N(C=C1)C,"{""audit_creation_date"": ""1999-07-29"", ""audit_creation_method"": ""CSD-ConQuest-V1"", ""database_code_CSD"": ""FEMQUJ"", ""database_code_depnum_ccdc_archive"": null, ""chemical_formula_sum"": ""C50 H35 Cl3 N6 O1 Os1"", ""chemical_formula_moiety"": """", ""journal_volume"": ""120"", ""journal_year"": ""1998"", ""journal_page_first"": ""11323"", ""journal_name_full"": ""J.Am.Chem.Soc. "", ""publ_author_name"": [""R.Salzmann"", ""C.J.Ziegler"", ""N.Godbout"", ""M.T.McMahon"", ""K.S.Suslick"", ""E.Oldfield""]}",10.1021/ja9740069,,,-2378.652061404871,-2378.584148529821,-2378.519582794563,J.Am.Chem.Soc. 
90,FERWIK,,/home/shachar/repos/PorCrystalStructures/data/xyz/crystal/FERWIK_0.xyz,/home/shachar/repos/PorCrystalStructures/data/ccdc_data/cif/porphyrins/FERWIK.cif,C(=O)(C(F)(F)F)O[Fe]123([N][O])[N]4=C5C=CC4=C(c4n1c(C(=C1C=CC(=[N]21)C(=c1ccc(=C5c2ccccc2)n31)c1ccccc1)c1ccccc1)cc4)c1ccccc1,"{""audit_creation_date"": ""2013-05-19"", ""audit_creation_method"": ""CSD-ConQuest-V1"", ""database_code_CSD"": ""FERWIK"", ""database_code_depnum_ccdc_archive"": ""CCDC 904063"", ""chemical_formula_sum"": ""C52 H40 F3 Fe1 N5 O3"", ""chemical_formula_moiety"": """", ""journal_volume"": ""52"", ""journal_year"": ""2013"", ""journal_page_first"": ""3896"", ""journal_name_full"": ""Angew.Chem.,Int.Ed. "", ""publ_author_name"": [""Nan Xu"", ""L.E.Goodrich"", ""N.Lehnert"", ""D.R.Powell"", ""G.B.Richter-Addo""]}",10.1002/anie.201390054,,,-3828.629447074973,-3828.582088589279,-3828.508051226426,"Angew.Chem.,Int.Ed. "
91,FIGVUM,,/home/shachar/repos/PorCrystalStructures/data/xyz/crystal/FIGVUM_0.xyz,/home/shachar/repos/PorCrystalStructures/data/ccdc_data/cif/porphyrins/FIGVUM.cif,[P]([Rh]123([N]4=C5C(=C(C4=Cc4n3c(C=C3[N]2=C(C=c2c(c(c(=C5)n12)CC)CC)C(=C3CC)CC)c(c4CC)CC)CC)CC)Cl)(c1ccccc1)(c1ccccc1)c1ccccc1,"{""audit_creation_date"": ""1988-01-14"", ""audit_creation_method"": ""CSD-ConQuest-V1"", ""database_code_CSD"": ""FIGVUM"", ""database_code_depnum_ccdc_archive"": ""CCDC 1156138"", ""chemical_formula_sum"": ""C56 H61 Cl7 N4 P1 Rh1"", ""chemical_formula_moiety"": """", ""journal_volume"": ""64"", ""journal_year"": ""1986"", ""journal_page_first"": ""2440"", ""journal_name_full"": ""Can.J.Chem. "", ""publ_author_name"": [""D.C.Thackray"", ""S.Ariel"", ""T.W.Leung"", ""K.Menon"", ""B.R.James"", ""J.Trotter""]}",10.1139/v86-404,,,-3220.485295012509,-3220.415383695763,-3220.318430811077,Can.J.Chem. 
93,FOGGEP,,/home/shachar/repos/PorCrystalStructures/data/xyz/crystal/FOGGEP_0.xyz,/home/shachar/repos/PorCrystalStructures/data/ccdc_data/cif/porphyrins/FOGGEP.cif,C(C(C)C)C1=C2C=CC3=[N]2[Ni@@]24n5c(=C(C6=[N]4C(=Cc4ccc1n24)C=C6)CC(C)C)ccc5=C3CCCC,"{""audit_creation_date"": ""2014-06-06"", ""audit_creation_method"": ""CSD-ConQuest-V1"", ""database_code_CSD"": ""FOGGEP"", ""database_code_depnum_ccdc_archive"": ""CCDC 1006411"", ""chemical_formula_sum"": ""C32 H36 N4 Ni1"", ""chemical_formula_moiety"": """", ""journal_volume"": ""70"", ""journal_year"": ""2014"", ""journal_page_first"": ""m251"", ""journal_name_full"": ""Acta Crystallogr.,Sect.E:Struct.Rep.Online "", ""publ_author_name"": [""M.O.Senge"", ""K.Dahms""]}",10.1107/s1600536814012884,,,-2965.921505687998,-2965.897445307829,-2965.83315724854,"Acta Crystallogr.,Sect.E:Struct.Rep.Online "
94,FOHYIL,,/home/shachar/repos/PorCrystalStructures/data/xyz/crystal/FOHYIL_0.xyz,/home/shachar/repos/PorCrystalStructures/data/ccdc_data/cif/porphyrins/FOHYIL.cif,c1ccccc1[P]([IrH]1([P](c2ccccc2)(c2ccccc2)c2ccccc2)(N2[CH]C=CC=C2c2ccc(cc12)C1=C2C=CC3=[N]2[Ni@]24n5c1ccc5C(=C1[N]2=C(C(=c2ccc(=C3c3ccccc3)n42)c2ccccc2)C=C1)c1ccccc1)Cl)(c1ccccc1)c1ccccc1,"{""audit_creation_date"": ""2005-06-30"", ""audit_creation_method"": ""CSD-ConQuest-V1"", ""database_code_CSD"": ""FOHYIL"", ""database_code_depnum_ccdc_archive"": ""CCDC 213143"", ""chemical_formula_sum"": ""C91 H75 Cl1 Ir1 N5 Ni1 P2"", ""chemical_formula_moiety"": """", ""journal_volume"": ""690"", ""journal_year"": ""2005"", ""journal_page_first"": ""253"", ""journal_name_full"": ""J.Organomet.Chem. "", ""publ_author_name"": [""Ka-Man Cheung"", ""Qian-Feng Zhang"", ""Wing-Leung Mak"", ""H.H.Y.Sung"", ""I.D.Williams"", ""Wa-Hung Leung""]}",10.1016/j.jorganchem.2004.09.018,,,,,,J.Organomet.Chem. 
95,FOKDER,,/home/shachar/repos/PorCrystalStructures/data/xyz/crystal/FOKDER_0.xyz,/home/shachar/repos/PorCrystalStructures/data/ccdc_data/cif/porphyrins/FOKDER.cif,P(=O)(OCC)(OCC)C1=C2C=CC3=[N]2[Pd@]24n5c(=CC6=[N]4C(=C(c4ccc1n24)c1ccc(C(=O)OC)cc1)C=C6)ccc5=C3c1ccc(C(=O)OC)cc1,"{""audit_creation_date"": ""2019-05-29"", ""audit_creation_method"": ""CSD-ConQuest-V1"", ""database_code_CSD"": ""FOKDER"", ""database_code_depnum_ccdc_archive"": ""CCDC 1904436"", ""chemical_formula_sum"": ""C41 H34 Cl3 N4 O7 P1 Pd1"", ""chemical_formula_moiety"": """", ""journal_volume"": ""48"", ""journal_year"": ""2019"", ""journal_page_first"": ""8882"", ""journal_name_full"": ""Dalton Trans. "", ""publ_author_name"": [""M.V.Volostnykh"", ""S.M.Borisov"", ""M.A.Konovalov"", ""A.A.Sinelshchikova"", ""Y.G.Gorbunova"", ""A.Yu.Tsivadze"", ""M.Meyer"", ""C.Stern"", ""A.Bessmertnykh-Lemeune""]}",10.1039/c9dt01577a,,,-2755.840827601829,-2755.76940146746,-2755.699194148066,Dalton Trans. 
96,FOKDIV,,/home/shachar/repos/PorCrystalStructures/data/xyz/crystal/FOKDIV_0.xyz,/home/shachar/repos/PorCrystalStructures/data/ccdc_data/cif/porphyrins/FOKDIV.cif,P(=O)(C1=c2ccc3=C(C4=[N]5[Pt@]6([N]7=C1C=CC7=C(c1ccc(cc1)C(=O)OC)c1ccc(n61)C=C5C=C4)n23)c1ccc(C(=O)OC)cc1)(OCC)OCC,"{""audit_creation_date"": ""2019-05-29"", ""audit_creation_method"": ""CSD-ConQuest-V1"", ""database_code_CSD"": ""FOKDIV"", ""database_code_depnum_ccdc_archive"": ""CCDC 1904437"", ""chemical_formula_sum"": ""C41 H34 Cl3 N4 O7 P1 Pt1"", ""chemical_formula_moiety"": """", ""journal_volume"": ""48"", ""journal_year"": ""2019"", ""journal_page_first"": ""8882"", ""journal_name_full"": ""Dalton Trans. "", ""publ_author_name"": [""M.V.Volostnykh"", ""S.M.Borisov"", ""M.A.Konovalov"", ""A.A.Sinelshchikova"", ""Y.G.Gorbunova"", ""A.Yu.Tsivadze"", ""M.Meyer"", ""C.Stern"", ""A.Bessmertnykh-Lemeune""]}",10.1039/c9dt01577a,,,-2747.316341571272,-2747.242607251855,-2747.16912411733,Dalton Trans. 
97,FOKDOB,,/home/shachar/repos/PorCrystalStructures/data/xyz/crystal/FOKDOB_0.xyz,/home/shachar/repos/PorCrystalStructures/data/ccdc_data/cif/porphyrins/FOKDOB.cif,P(=O)(C1=c2ccc3=C(c4ccc(C)cc4)C4=[N]5[Pd@]6([N]7=C1C=CC7=C(c1ccc(cc1)C)c1ccc(C=C5C=C4)n61)n23)(OCC)OCC,"{""audit_creation_date"": ""2019-05-29"", ""audit_creation_method"": ""CSD-ConQuest-V1"", ""database_code_CSD"": ""FOKDOB"", ""database_code_depnum_ccdc_archive"": ""CCDC 1904438"", ""chemical_formula_sum"": ""C39 H35 Cl2 N4 O3 P1 Pd1"", ""chemical_formula_moiety"": """", ""journal_volume"": ""48"", ""journal_year"": ""2019"", ""journal_page_first"": ""8882"", ""journal_name_full"": ""Dalton Trans. "", ""publ_author_name"": [""M.V.Volostnykh"", ""S.M.Borisov"", ""M.A.Konovalov"", ""A.A.Sinelshchikova"", ""Y.G.Gorbunova"", ""A.Yu.Tsivadze"", ""M.Meyer"", ""C.Stern"", ""A.Bessmertnykh-Lemeune""]}",10.1039/c9dt01577a,,,-2379.024602007326,-2378.953584069561,-2378.883106657588,Dalton Trans. 
98,FOVTOC,,/home/shachar/repos/PorCrystalStructures/data/xyz/crystal/FOVTOC_0.xyz,/home/shachar/repos/PorCrystalStructures/data/ccdc_data/cif/porphyrins/FOVTOC.cif,[Mn]123([N]4=C5C=c6c(CC)c(c(=CC7=[N]2C(=Cc2n1c(C=C4C(=C5CC)CC)c(c2CC)CC)C(=C7CC)CC)n36)CC)Cl,"{""audit_creation_date"": ""2019-09-21"", ""audit_creation_method"": ""CSD-ConQuest-V1"", ""database_code_CSD"": ""FOVTOC"", ""database_code_depnum_ccdc_archive"": ""CCDC 1955053"", ""chemical_formula_sum"": ""C38 H48 Cl5 Mn1 N4"", ""chemical_formula_moiety"": """", ""journal_volume"": null, ""journal_year"": ""2019"", ""journal_page_first"": null, ""journal_name_full"": ""CSD Communication(Private Communication) "", ""publ_author_name"": [""W.Robert Scheidt"", ""Beisong Cheng""]}",10.1093/obo/9780199756841-0236,,,-3225.696412508237,-3225.711378510619,-3225.740940400381,CSD Communication(Private Communication) 
99,FUGCIW,,/home/shachar/repos/PorCrystalStructures/data/xyz/crystal/FUGCIW_0.xyz,/home/shachar/repos/PorCrystalStructures/data/ccdc_data/cif/porphyrins/FUGCIW.cif,c1(ccc(cc1)C)C1=c2ccc3=C(C4=[N]5[Fe]6([C]7[C@H]8C[C@@H]9C[C@@H](C[C@H]7C9)C8)(n23)[N]2=C1C=CC2=C(c1ccc(C(=C5C=C4)c2ccc(cc2)C)n61)c1ccc(cc1)C)c1ccc(cc1)C,"{""audit_creation_date"": ""2020-01-27"", ""audit_creation_method"": ""CSD-ConQuest-V1"", ""database_code_CSD"": ""FUGCIW"", ""database_code_depnum_ccdc_archive"": ""CCDC 1854830"", ""chemical_formula_sum"": ""C59 H50 D1 Cl3 Fe1 N4"", ""chemical_formula_moiety"": """", ""journal_volume"": ""11"", ""journal_year"": ""2020"", ""journal_page_first"": ""2243"", ""journal_name_full"": ""Chemical Science "", ""publ_author_name"": [""Hai-Xu Wang"", ""Qingyun Wan"", ""Kam-Hung Low"", ""Cong-Ying Zhou"", ""Jie-Sheng Huang"", ""Jun-Long Zhang"", ""Chi-Ming Che""]}",10.1039/c9sc05432d,,,-3718.717955133075,-3718.679942584079,-3718.612756199258,Chemical Science 
100,GECGEA,,/home/shachar/repos/PorCrystalStructures/data/xyz/crystal/GECGEA_0.xyz,/home/shachar/repos/PorCrystalStructures/data/ccdc_data/cif/porphyrins/GECGEA.cif,C(C)c1c2n3[Ru]45([S@@](CCCCCCCCCC)C)([S@](CCCCCCCCCC)C)n6c(=CC7=[N]5C(=Cc3c1CC)C(=C7CC)CC)c(c(c6=CC1=[N]4C(=C2)C(=C1CC)CC)CC)CC,"{""audit_creation_date"": ""1989-02-16"", ""audit_creation_method"": ""CSD-ConQuest-V1"", ""database_code_CSD"": ""GECGEA"", ""database_code_depnum_ccdc_archive"": ""CCDC 1164974"", ""chemical_formula_sum"": ""C58 H92 N4 Ru1 S2"", ""chemical_formula_moiety"": """", ""journal_volume"": ""27"", ""journal_year"": ""1988"", ""journal_page_first"": ""2414"", ""journal_name_full"": ""Inorg.Chem. "", ""publ_author_name"": [""B.R.James"", ""A.Pacheco"", ""S.J.Rettig"", ""J.A.Ibers""]}",10.1021/ic00287a011,,,-3371.636743007054,-3371.580345405263,-3371.51231589127,Inorg.Chem. 
101,GEQBOT,,/home/shachar/repos/PorCrystalStructures/data/xyz/crystal/GEQBOT_0.xyz,/home/shachar/repos/PorCrystalStructures/data/ccdc_data/cif/porphyrins/GEQBOT.cif,C(C)c1c2C=C3C(=C(C4=[N]3[Rh]35(n2c(c1CC)C=C1[N]3=C(C=c2c(c(c(=C4)n52)CC)CC)C(=C1CC)CC)c1cccc(c1)C#N)CC)CC,"{""audit_creation_date"": ""1999-04-16"", ""audit_creation_method"": ""CSD-ConQuest-V1"", ""database_code_CSD"": ""GEQBOT"", ""database_code_depnum_ccdc_archive"": null, ""chemical_formula_sum"": ""C43 H48 N5 Rh1"", ""chemical_formula_moiety"": """", ""journal_volume"": ""270"", ""journal_year"": ""1998"", ""journal_page_first"": ""551"", ""journal_name_full"": ""Inorg.Chim.Acta "", ""publ_author_name"": [""Xiang Zhou"", ""Qi Li"", ""T.C.W.Mak"", ""Kin Shing Chan""]}",10.1016/s0020-1693(97)05825-8,,,-2048.769483006173,-2048.695883158689,-2048.619804630978,Inorg.Chim.Acta 
102,GISHIZ,,/home/shachar/repos/PorCrystalStructures/data/xyz/crystal/GISHIZ_0.xyz,/home/shachar/repos/PorCrystalStructures/data/ccdc_data/cif/porphyrins/GISHIZ.cif,C1(=c2ccc3=C(C4=[N]5[Mn]6([N]7=C1C=CC7=C(c1n6c(cc1)C(=C5C=C4)c1ccccc1)c1ccccc1)(N=C=O)n23)c1ccccc1)c1ccccc1,"{""audit_creation_date"": ""1999-04-25"", ""audit_creation_method"": ""CSD-ConQuest-V1"", ""database_code_CSD"": ""GISHIZ"", ""database_code_depnum_ccdc_archive"": ""CCDC 1168697"", ""chemical_formula_sum"": ""C45 H28 Mn1 N5 O1"", ""chemical_formula_moiety"": """", ""journal_volume"": ""51"", ""journal_year"": ""1998"", ""journal_page_first"": ""835"", ""journal_name_full"": ""Aust.J.Chem. "", ""publ_author_name"": [""P.Turner"", ""M.J.Gunter"", ""B.W.Skelton"", ""A.H.White""]}",10.1071/c97150,,,-3228.139290756036,-3228.199502277363,-3228.222438018056,Aust.J.Chem. 
103,GISHUL,,/home/shachar/repos/PorCrystalStructures/data/xyz/crystal/GISHUL_0.xyz,/home/shachar/repos/PorCrystalStructures/data/ccdc_data/cif/porphyrins/GISHUL.cif,[Mn]123([N]4=C5C=CC4=C(c4ccc(C(=C6C=CC(=[N]26)C(=c2ccc(=C5c5ccccc5)n32)c2ccccc2)c2ccccc2)n14)c1ccccc1)I,"{""audit_creation_date"": ""1999-04-26"", ""audit_creation_method"": ""CSD-ConQuest-V1"", ""database_code_CSD"": ""GISHUL"", ""database_code_depnum_ccdc_archive"": null, ""chemical_formula_sum"": ""C51 H36 I1 Mn1 N4"", ""chemical_formula_moiety"": """", ""journal_volume"": ""51"", ""journal_year"": ""1998"", ""journal_page_first"": ""835"", ""journal_name_full"": ""Aust.J.Chem. "", ""publ_author_name"": [""P.Turner"", ""M.J.Gunter"", ""B.W.Skelton"", ""A.H.White""]}",10.1071/c97150,,,-3357.997562268353,-3358.013525704533,-3358.043467792078,Aust.J.Chem. 
104,GISJAT,,/home/shachar/repos/PorCrystalStructures/data/xyz/crystal/GISJAT_0.xyz,/home/shachar/repos/PorCrystalStructures/data/ccdc_data/cif/porphyrins/GISJAT.cif,n12c3=C(c4ccccc4)C4=[N]5[Mn]61([N]1=C(C(=c2cc3)c2ccccc2)C=CC1=C(c1ccccc1)c1n6c(cc1)C(=C5C=C4)c1ccccc1)OC(=O)C,"{""audit_creation_date"": ""1999-04-26"", ""audit_creation_method"": ""CSD-ConQuest-V1"", ""database_code_CSD"": ""GISJAT"", ""database_code_depnum_ccdc_archive"": ""CCDC 1168700"", ""chemical_formula_sum"": ""C49.5 H35 Mn1 N4 O2"", ""chemical_formula_moiety"": """", ""journal_volume"": ""51"", ""journal_year"": ""1998"", ""journal_page_first"": ""835"", ""journal_name_full"": ""Aust.J.Chem. "", ""publ_author_name"": [""P.Turner"", ""M.J.Gunter"", ""B.W.Skelton"", ""A.H.White""]}",10.1071/c97150,,,-3288.503051648067,-3288.518888306108,-3288.4503723972,Aust.J.Chem. 
105,GISJEX,,/home/shachar/repos/PorCrystalStructures/data/xyz/crystal/GISJEX_0.xyz,/home/shachar/repos/PorCrystalStructures/data/ccdc_data/cif/porphyrins/GISJEX.cif,c12=C(C3=[N]4C(=C(c5ccc6C(=C7C=CC8=[N]7[Mn]4(n2c(=C8c2ccccc2)cc1)(n56)N=C=S)c1ccccc1)c1ccccc1)C=C3)c1ccccc1,"{""audit_creation_date"": ""1999-04-26"", ""audit_creation_method"": ""CSD-ConQuest-V1"", ""database_code_CSD"": ""GISJEX"", ""database_code_depnum_ccdc_archive"": ""CCDC 1168701"", ""chemical_formula_sum"": ""C48.5 H32 Mn1 N5 S1"", ""chemical_formula_moiety"": """", ""journal_volume"": ""51"", ""journal_year"": ""1998"", ""journal_page_first"": ""835"", ""journal_name_full"": ""Aust.J.Chem. "", ""publ_author_name"": [""P.Turner"", ""M.J.Gunter"", ""B.W.Skelton"", ""A.H.White""]}",10.1071/c97150,,,-3551.067867711341,-3551.082650416836,-3551.108361099811,Aust.J.Chem. 
106,GIXCIB,,/home/shachar/repos/PorCrystalStructures/data/xyz/crystal/GIXCIB_0.xyz,/home/shachar/repos/PorCrystalStructures/data/ccdc_data/cif/porphyrins/GIXCIB.cif,[Pd@@]1(C)(N2C=CN([Ru]345([C][O])[N]6=C7C(=C(C6=Cc6c(c(c(C=C8C(=C(C(=[N]48)C=c4n3c(=C7)c(c4CC)CC)CC)CC)n56)CC)CC)CC)CC)[CH]C2=C2C=CC=CN12)Cl,"{""audit_creation_date"": ""2014-01-31"", ""audit_creation_method"": ""CSD-ConQuest-V1"", ""database_code_CSD"": ""GIXCIB"", ""database_code_depnum_ccdc_archive"": ""CCDC 824383"", ""chemical_formula_sum"": ""C48 H56 Cl3 N7 O1 Pd1 Ru1"", ""chemical_formula_moiety"": """", ""journal_volume"": ""753"", ""journal_year"": ""2014"", ""journal_page_first"": ""48"", ""journal_name_full"": ""J.Organomet.Chem. "", ""publ_author_name"": [""Yusuke Yasu"", ""A.Inagaki"", ""M.Akita""]}",10.1016/j.jorganchem.2013.12.008,,,-2961.599502036899,-2961.513614986161,-2961.443616262677,J.Organomet.Chem. 
107,GOBBUV01,,/home/shachar/repos/PorCrystalStructures/data/xyz/crystal/GOBBUV01_0.xyz,/home/shachar/repos/PorCrystalStructures/data/ccdc_data/cif/porphyrins/GOBBUV01.cif,c1cccc(C2=C3C=CC4=[N]3[Fe]35(n6c(=C4c4ccccc4)ccc6=C(C4=[N]5C(=C(c5ccc2n35)c2ccccc2)C=C4)c2ccccc2)N2[C](C)NC=C2)c1,"{""audit_creation_date"": ""2008-11-13"", ""audit_creation_method"": ""CSD-ConQuest-V1"", ""database_code_CSD"": ""GOBBUV01"", ""database_code_depnum_ccdc_archive"": ""CCDC 691579"", ""chemical_formula_sum"": ""C50 H37 Fe1 N7"", ""chemical_formula_moiety"": """", ""journal_volume"": ""130"", ""journal_year"": ""2008"", ""journal_page_first"": ""3127"", ""journal_name_full"": ""J.Am.Chem.Soc. "", ""publ_author_name"": [""Chuanjiang Hu"", ""B.C.Noll"", ""P.M.B.Piccoli"", ""A.J.Schultz"", ""C.E.Schulz"", ""W.R.Scheidt""]}",10.1021/ja078222l,,,-3438.154866654505,-3438.170603718499,-3438.16706022327,J.Am.Chem.Soc. 
108,GOBBUV,,/home/shachar/repos/PorCrystalStructures/data/xyz/crystal/GOBBUV_0.xyz,/home/shachar/repos/PorCrystalStructures/data/ccdc_data/cif/porphyrins/GOBBUV.cif,c1cccc(C2=c3ccc4=C(C5=[N]6C(=C(c7ccc8C(=C9C=CC2=[N]9[Fe]6(n34)(N2[C](C)NC=C2)n78)c2ccccc2)c2ccccc2)C=C5)c2ccccc2)c1,"{""audit_creation_date"": ""2008-11-13"", ""audit_creation_method"": ""CSD-ConQuest-V1"", ""database_code_CSD"": ""GOBBUV"", ""database_code_depnum_ccdc_archive"": ""CCDC 691578"", ""chemical_formula_sum"": ""C50 H37 Fe1 N7"", ""chemical_formula_moiety"": """", ""journal_volume"": ""130"", ""journal_year"": ""2008"", ""journal_page_first"": ""3127"", ""journal_name_full"": ""J.Am.Chem.Soc. "", ""publ_author_name"": [""Chuanjiang Hu"", ""B.C.Noll"", ""P.M.B.Piccoli"", ""A.J.Schultz"", ""C.E.Schulz"", ""W.R.Scheidt""]}",10.1021/ja078222l,,,-3438.154858892179,-3438.170587296023,-3438.167016690227,J.Am.Chem.Soc. 
109,GOBWAV,,/home/shachar/repos/PorCrystalStructures/data/xyz/crystal/GOBWAV_0.xyz,/home/shachar/repos/PorCrystalStructures/data/ccdc_data/cif/porphyrins/GOBWAV.cif,[Ni@]123n4c5=C(C6=[N]3C(=C(c3c(c(c(C(=C7C=C(C=O)C(=[N]17)C(=c4c(c5CC)CC)c1ccccc1)c1ccccc1)n23)CC)CC)c1ccccc1)C(=C6)[CH][O])c1ccccc1,"{""audit_creation_date"": ""1999-05-04"", ""audit_creation_method"": ""CSD-ConQuest-V1"", ""database_code_CSD"": ""GOBWAV"", ""database_code_depnum_ccdc_archive"": ""CCDC 113960"", ""chemical_formula_sum"": ""C54 H46 Cl2 N4 Ni1 O1"", ""chemical_formula_moiety"": """", ""journal_volume"": null, ""journal_year"": ""1998"", ""journal_page_first"": ""4187"", ""journal_name_full"": ""J.Chem.Soc.,Dalton Trans. "", ""publ_author_name"": [""M.O.Senge"", ""V.Gerstung"", ""K.Ruhlandt-Senge"", ""S.Runge"", ""I.Lehmann""]}",10.1039/a806460a,,,-3957.912765849873,-3957.855987392514,-3957.834922699336,"J.Chem.Soc.,Dalton Trans. "
110,GOFNAT,,/home/shachar/repos/PorCrystalStructures/data/xyz/crystal/GOFNAT_0.xyz,/home/shachar/repos/PorCrystalStructures/data/ccdc_data/cif/porphyrins/GOFNAT.cif,[Rh]123(CCCc4ccccc4)[N]4=C5C=CC4=C(c4ccc(C(=C6[N]2=C(C(=c2ccc(=C5c5ccc(cc5)C)n12)c1ccc(cc1)C)C=C6)c1ccc(cc1)C)n34)c1ccc(cc1)C,"{""audit_creation_date"": ""2019-06-13"", ""audit_creation_method"": ""CSD-ConQuest-V1"", ""database_code_CSD"": ""GOFNAT"", ""database_code_depnum_ccdc_archive"": ""CCDC 1908688"", ""chemical_formula_sum"": ""C64 H55 N4 Rh1"", ""chemical_formula_moiety"": """", ""journal_volume"": ""38"", ""journal_year"": ""2019"", ""journal_page_first"": ""2582"", ""journal_name_full"": ""Organometallics "", ""publ_author_name"": [""Chen Chen"", ""Shiyu Feng"", ""Kin Shing Chan""]}",10.1021/acs.organomet.9b00290,,,-2525.967891375435,-2525.897533530524,-2525.824561722899,Organometallics 
111,GONHAS,,/home/shachar/repos/PorCrystalStructures/data/xyz/crystal/GONHAS_0.xyz,/home/shachar/repos/PorCrystalStructures/data/ccdc_data/cif/porphyrins/GONHAS.cif,[Ni@@]123n4c5=C(C6=[N]1C(=C(c1n2c(C(=C2[N]3=C(C(=c4cc5)C#Cc3ccc(cc3)N(C)C)C=C2)c2ccccc2)cc1)/C=C/C=O)C=C6)c1ccccc1,"{""audit_creation_date"": ""1999-09-09"", ""audit_creation_method"": ""CSD-ConQuest-V1"", ""database_code_CSD"": ""GONHAS"", ""database_code_depnum_ccdc_archive"": null, ""chemical_formula_sum"": ""C45 H31 N5 Ni1 O1"", ""chemical_formula_moiety"": """", ""journal_volume"": ""63"", ""journal_year"": ""1998"", ""journal_page_first"": ""7143"", ""journal_name_full"": ""J.Org.Chem. "", ""publ_author_name"": [""M.Yeung"", ""A.C.H.Ng"", ""M.G.B.Drew"", ""E.Vorpagel"", ""E.M.Breitung"", ""R.J.McMahon"", ""D.K.P.Ng""]}",10.1021/jo971597c,,,-3587.198321008961,-3587.149012454499,-3587.124689688922,J.Org.Chem. 
112,GONHEW,,/home/shachar/repos/PorCrystalStructures/data/xyz/crystal/GONHEW_0.xyz,/home/shachar/repos/PorCrystalStructures/data/ccdc_data/cif/porphyrins/GONHEW.cif,[Ni@@]123[N]4=C5C(=c6n3c(=C(C3=[N]2C(=C(c2n1c(C(=C4C=C5)c1ccccc1)cc2)C=O)C=C3)c1ccccc1)cc6)C#Cc1ccc(cc1)N(C)C,"{""audit_creation_date"": ""1999-09-09"", ""audit_creation_method"": ""CSD-ConQuest-V1"", ""database_code_CSD"": ""GONHEW"", ""database_code_depnum_ccdc_archive"": null, ""chemical_formula_sum"": ""C43 H29 N5 Ni1 O1"", ""chemical_formula_moiety"": """", ""journal_volume"": ""63"", ""journal_year"": ""1998"", ""journal_page_first"": ""7143"", ""journal_name_full"": ""J.Org.Chem. "", ""publ_author_name"": [""M.Yeung"", ""A.C.H.Ng"", ""M.G.B.Drew"", ""E.Vorpagel"", ""E.M.Breitung"", ""R.J.McMahon"", ""D.K.P.Ng""]}",10.1021/jo971597c,,,-3509.939270366097,-3509.886002820292,-3509.8627399136,J.Org.Chem. 
114,HADHED,,/home/shachar/repos/PorCrystalStructures/data/xyz/crystal/HADHED_0.xyz,/home/shachar/repos/PorCrystalStructures/data/ccdc_data/cif/porphyrins/HADHED.cif,c1(c2c3c(CCc3ccc2)cc1)C1=c2ccc3=C(C4=[N]5[Pt@@]6(n23)[N]2=C1C=CC2=C(c1ccc(C(=C5C=C4)c2ccc3c4c2cccc4CC3)n61)c1ccc2CCc3c2c1ccc3)c1ccc2CCc3c2c1ccc3,"{""audit_creation_date"": ""2021-09-06"", ""audit_creation_method"": ""CSD-ConQuest-V1"", ""database_code_CSD"": ""HADHED"", ""database_code_depnum_ccdc_archive"": ""CCDC 2075384"", ""chemical_formula_sum"": ""C68 H44 N4 Pt1"", ""chemical_formula_moiety"": """", ""journal_volume"": null, ""journal_year"": ""2021"", ""journal_page_first"": null, ""journal_name_full"": ""Eur.J.Inorg.Chem. "", ""publ_author_name"": [""A.Garai"", ""M.Villa"", ""M.Marchini"", ""S.K.Patra"", ""Tanmoy Pain"", ""S.Mondal"", ""P.Ceroni"", ""Sanjib Kar""]}",10.1002/ejic.202101000,,,-2951.46791190494,-2951.394352966866,-2951.322090184524,Eur.J.Inorg.Chem. 
115,HALWAS,,/home/shachar/repos/PorCrystalStructures/data/xyz/crystal/HALWAS_0.xyz,/home/shachar/repos/PorCrystalStructures/data/ccdc_data/cif/porphyrins/HALWAS.cif,c1c2=C(C3=[N]4C(=C(c5ccccc5)c5ccc6C(=C7C=CC8=[N]7[Zn]4(n2c(=C8c2ccccc2)c1)(n56)OC1=C2C(=CC=C[CH]2)Oc2c1cccc2)c1ccccc1)C=C3)c1ccccc1,"{""audit_creation_date"": ""1994-04-27"", ""audit_creation_method"": ""CSD-ConQuest-V1"", ""database_code_CSD"": ""HALWAS"", ""database_code_depnum_ccdc_archive"": null, ""chemical_formula_sum"": ""C57 H36 N4 O2 Zn1"", ""chemical_formula_moiety"": """", ""journal_volume"": ""115"", ""journal_year"": ""1993"", ""journal_page_first"": ""9480"", ""journal_name_full"": ""J.Am.Chem.Soc. "", ""publ_author_name"": [""M.P.Byrn"", ""C.J.Curtis"", ""Yu.Hsiou"", ""S.I.Khan"", ""P.A.Sawin"", ""S.K.Tendick"", ""A.Terzis"", ""C.E.Strouse""]}",10.1021/ja00074a013,,,-4338.2963893153,-4338.236521950741,-4338.16783948344,J.Am.Chem.Soc. 
116,HALWOG,,/home/shachar/repos/PorCrystalStructures/data/xyz/crystal/HALWOG_0.xyz,/home/shachar/repos/PorCrystalStructures/data/ccdc_data/cif/porphyrins/HALWOG.cif,c12=C(C3=[N]4C(=C(c5n6c(C(=C7C=CC8=[N]7[Zn]46(n2c(=C8c2ccccc2)cc1)[NH2][C@H](c1ccccc1)C)c1ccccc1)cc5)c1ccccc1)C=C3)c1ccccc1,"{""audit_creation_date"": ""1994-04-27"", ""audit_creation_method"": ""CSD-ConQuest-V1"", ""database_code_CSD"": ""HALWOG"", ""database_code_depnum_ccdc_archive"": null, ""chemical_formula_sum"": ""C60 H50 N6 Zn1"", ""chemical_formula_moiety"": """", ""journal_volume"": ""115"", ""journal_year"": ""1993"", ""journal_page_first"": ""9480"", ""journal_name_full"": ""J.Am.Chem.Soc. "", ""publ_author_name"": [""M.P.Byrn"", ""C.J.Curtis"", ""Yu.Hsiou"", ""S.I.Khan"", ""P.A.Sawin"", ""S.K.Tendick"", ""A.Terzis"", ""C.E.Strouse""]}",10.1021/ja00074a013,,,-4054.242059551006,-4054.183578532214,-4054.115093746737,J.Am.Chem.Soc. 
117,HALXIB,,/home/shachar/repos/PorCrystalStructures/data/xyz/crystal/HALXIB_0.xyz,/home/shachar/repos/PorCrystalStructures/data/ccdc_data/cif/porphyrins/HALXIB.cif,c1ccccc1C1=C2C=CC3=[N]2[Cd]24(n5c(=C(C6=[N]4C(=C(c4ccc1n24)c1ccccc1)C=C6)c1ccccc1)ccc5=C3c1ccccc1)N1[CH]C=C(C=C1)C,"{""audit_creation_date"": ""1994-04-27"", ""audit_creation_method"": ""CSD-ConQuest-V1"", ""database_code_CSD"": ""HALXIB"", ""database_code_depnum_ccdc_archive"": null, ""chemical_formula_sum"": ""C62 H49 Cd1 N7"", ""chemical_formula_moiety"": """", ""journal_volume"": ""115"", ""journal_year"": ""1993"", ""journal_page_first"": ""9480"", ""journal_name_full"": ""J.Am.Chem.Soc. "", ""publ_author_name"": [""M.P.Byrn"", ""C.J.Curtis"", ""Yu.Hsiou"", ""S.I.Khan"", ""P.A.Sawin"", ""S.K.Tendick"", ""A.Terzis"", ""C.E.Strouse""]}",10.1021/ja00074a013,,,-2364.315269035028,-2364.259194958952,-2364.190850603331,J.Am.Chem.Soc. 
118,HAMDAA,,/home/shachar/repos/PorCrystalStructures/data/xyz/crystal/HAMDAA_0.xyz,/home/shachar/repos/PorCrystalStructures/data/ccdc_data/cif/porphyrins/HAMDAA.cif,c1c2=C(C3=[N]4C(=C(c5ccccc5)c5ccc6C(=C7C=CC8=[N]7[Zn]4(n2c(=C8c2ccccc2)c1)(n56)O[C]1c2c(Cc4c1cccc4)cccc2)c1ccccc1)C=C3)c1ccccc1,"{""audit_creation_date"": ""1994-04-27"", ""audit_creation_method"": ""CSD-ConQuest-V1"", ""database_code_CSD"": ""HAMDAA"", ""database_code_depnum_ccdc_archive"": null, ""chemical_formula_sum"": ""C58 H38 N4 O1 Zn1"", ""chemical_formula_moiety"": """", ""journal_volume"": ""115"", ""journal_year"": ""1993"", ""journal_page_first"": ""9480"", ""journal_name_full"": ""J.Am.Chem.Soc. "", ""publ_author_name"": [""M.P.Byrn"", ""C.J.Curtis"", ""Yu.Hsiou"", ""S.I.Khan"", ""P.A.Sawin"", ""S.K.Tendick"", ""A.Terzis"", ""C.E.Strouse""]}",10.1021/ja00074a013,,,-4302.360791679094,-4302.300730264574,-4302.232293733836,J.Am.Chem.Soc. 
119,HAMDII,,/home/shachar/repos/PorCrystalStructures/data/xyz/crystal/HAMDII_0.xyz,/home/shachar/repos/PorCrystalStructures/data/ccdc_data/cif/porphyrins/HAMDII.cif,[N]12=C3C=CC2=C(c2n4[Zn]51([N]1=C(C(=c6n5c(=C3c3ccccc3)cc6)c3ccccc3)C=CC1=C(c4cc2)c1ccccc1)O[CH]c1ccccc1)c1ccccc1,"{""audit_creation_date"": ""1994-04-27"", ""audit_creation_method"": ""CSD-ConQuest-V1"", ""database_code_CSD"": ""HAMDII"", ""database_code_depnum_ccdc_archive"": null, ""chemical_formula_sum"": ""C58 H40 N4 O2 Zn1"", ""chemical_formula_moiety"": """", ""journal_volume"": ""115"", ""journal_year"": ""1993"", ""journal_page_first"": ""9480"", ""journal_name_full"": ""J.Am.Chem.Soc. "", ""publ_author_name"": [""M.P.Byrn"", ""C.J.Curtis"", ""Yu.Hsiou"", ""S.I.Khan"", ""P.A.Sawin"", ""S.K.Tendick"", ""A.Terzis"", ""C.E.Strouse""]}",10.1021/ja00074a013,,,-4033.639218670494,-4033.578909462257,-4033.510645419999,J.Am.Chem.Soc. 
120,HAMGUX,,/home/shachar/repos/PorCrystalStructures/data/xyz/crystal/HAMGUX_0.xyz,,c1cccc(C2=C3C=CC4=[N]3[Zn]35(n6c(C(=C7C=CC(=[N]57)C(=c5ccc(=C4c4ccccc4)n35)c3ccccc3)c3ccccc3)ccc26)O[C](CCC(=O)C)C)c1,null,,,,-4073.207570319633,-4073.147805183158,-4073.078982477809,
121,HAMHIM,,/home/shachar/repos/PorCrystalStructures/data/xyz/crystal/HAMHIM_0.xyz,/home/shachar/repos/PorCrystalStructures/data/ccdc_data/cif/porphyrins/HAMHIM.cif,[Zn]123([N]4=C5C=CC4=C(c4n1c(C(=C1[N]2=C(C(=c2ccc(=C5c5ccccc5)n32)c2ccccc2)C=C1)c1ccccc1)cc4)c1ccccc1)O[C]1CC[C@@H](CC1)C,"{""audit_creation_date"": ""1994-04-27"", ""audit_creation_method"": ""CSD-ConQuest-V1"", ""database_code_CSD"": ""HAMHIM"", ""database_code_depnum_ccdc_archive"": null, ""chemical_formula_sum"": ""C51 H40 N4 O1 Zn1"", ""chemical_formula_moiety"": """", ""journal_volume"": ""115"", ""journal_year"": ""1993"", ""journal_page_first"": ""9480"", ""journal_name_full"": ""J.Am.Chem.Soc. "", ""publ_author_name"": [""M.P.Byrn"", ""C.J.Curtis"", ""Yu.Hsiou"", ""S.I.Khan"", ""P.A.Sawin"", ""S.K.Tendick"", ""A.Terzis"", ""C.E.Strouse""]}",10.1021/ja00074a013,,,-4037.272014571059,-4037.211713865334,-4037.14356976395,J.Am.Chem.Soc. 
122,HAMLAI,,/home/shachar/repos/PorCrystalStructures/data/xyz/crystal/HAMLAI_0.xyz,/home/shachar/repos/PorCrystalStructures/data/ccdc_data/cif/porphyrins/HAMLAI.cif,[Zn]123(n4c5C(=C6C=CC(=[N]26)C(=c2ccc(=C(C6=[N]3C(=C(c4cc5)c3ccccc3)C=C6)c3ccccc3)n12)c1ccccc1)c1ccccc1)[NH2]c1cc(ccc1)N(=O)=O,"{""audit_creation_date"": ""1994-04-27"", ""audit_creation_method"": ""CSD-ConQuest-V1"", ""database_code_CSD"": ""HAMLAI"", ""database_code_depnum_ccdc_archive"": null, ""chemical_formula_sum"": ""C50 H34 N6 O2 Zn1"", ""chemical_formula_moiety"": """", ""journal_volume"": ""115"", ""journal_year"": ""1993"", ""journal_page_first"": ""9480"", ""journal_name_full"": ""J.Am.Chem.Soc. "", ""publ_author_name"": [""M.P.Byrn"", ""C.J.Curtis"", ""Yu.Hsiou"", ""S.I.Khan"", ""P.A.Sawin"", ""S.K.Tendick"", ""A.Terzis"", ""C.E.Strouse""]}",10.1021/ja00074a013,,,-4180.1615047399,-4180.10202871059,-4180.033676905944,J.Am.Chem.Soc. 
123,HAZMUR,,/home/shachar/repos/PorCrystalStructures/data/xyz/crystal/HAZMUR_0.xyz,/home/shachar/repos/PorCrystalStructures/data/ccdc_data/cif/porphyrins/HAZMUR.cif,[Ru]123([C][O])([N]4=C5C(=c6ccc(=C(C7=[N]2C(=C(c2ccc(C(=C4C=C5)c4c(c(c(c(c4F)F)F)F)F)n12)c1c(c(c(c(c1F)F)F)F)F)C=C7)c1c(c(c(c(c1F)F)F)F)F)n36)c1c(c(c(c(c1F)F)F)F)F)[O],"{""audit_creation_date"": ""2006-04-25"", ""audit_creation_method"": ""CSD-ConQuest-V1"", ""database_code_CSD"": ""HAZMUR"", ""database_code_depnum_ccdc_archive"": ""CCDC 278038"", ""chemical_formula_sum"": ""C47 H14 Cl4 F20 N4 O2 Ru1"", ""chemical_formula_moiety"": """", ""journal_volume"": ""11"", ""journal_year"": ""2005"", ""journal_page_first"": ""7040"", ""journal_name_full"": ""Chem.-Eur.J. "", ""publ_author_name"": [""Chi-Ming Che"", ""Jun-Long Zhang"", ""Rui Zhang"", ""Jie-Sheng Huang"", ""Tat-Shing Lai"", ""Wai-Man Tsui"", ""Xiang-Ge Zhou"", ""Zhong-Yuan Zhou"", ""Nianyong Zhu"", ""Chi Kwong Chang""]}",10.1002/chem.200500814,,,-4176.480163303449,-4176.490520677203,-4176.416630581622,Chem.-Eur.J. 
124,HETDAL,,/home/shachar/repos/PorCrystalStructures/data/xyz/crystal/HETDAL_0.xyz,/home/shachar/repos/PorCrystalStructures/data/ccdc_data/cif/porphyrins/HETDAL.cif,c12=C(C(C)C)C3=[N]4[Ni@@]56n1c(=C(C1=[N]6C(=C(c6n5c(C(=C4C=C3)C(C)C)cc6)C(C)C)C=C1)C(C)C)cc2,"{""audit_creation_date"": ""1995-05-01"", ""audit_creation_method"": ""CSD-ConQuest-V1"", ""database_code_CSD"": ""HETDAL"", ""database_code_depnum_ccdc_archive"": null, ""chemical_formula_sum"": ""C32 H36 N4 Ni1"", ""chemical_formula_moiety"": """", ""journal_volume"": ""33"", ""journal_year"": ""1994"", ""journal_page_first"": ""1879"", ""journal_name_full"": ""Angew.Chem.,Int.Ed. "", ""publ_author_name"": [""T.Ema"", ""M.O.Senge"", ""N.Y.Nelson"", ""H.Ogoshi"", ""K.M.Smith""]}",10.1002/anie.199418791,,,-2965.901687202331,-2965.84017310025,-2965.771427179773,"Angew.Chem.,Int.Ed. "
125,HEWDAO,,/home/shachar/repos/PorCrystalStructures/data/xyz/crystal/HEWDAO_0.xyz,/home/shachar/repos/PorCrystalStructures/data/ccdc_data/cif/porphyrins/HEWDAO.cif,[Ni@]123n4c5=CC6=[N]3C(=C(c3c(c(c(C=C7C(=C(C(=[N]17)C(=c4c(c5C)CC)CC)CC)C)n23)C)CC)CC)C(=C6C)CC,"{""audit_creation_date"": ""1995-08-02"", ""audit_creation_method"": ""CSD-ConQuest-V1"", ""database_code_CSD"": ""HEWDAO"", ""database_code_depnum_ccdc_archive"": null, ""chemical_formula_sum"": ""C36 H44 N4 Ni1"", ""chemical_formula_moiety"": """", ""journal_volume"": ""33"", ""journal_year"": ""1994"", ""journal_page_first"": ""3865"", ""journal_name_full"": ""Inorg.Chem. "", ""publ_author_name"": [""C.J.Medforth"", ""M.O.Senge"", ""T.P.Forsyth"", ""J.D.Hobbs"", ""J.A.Shelnutt"", ""K.M.Smith""]}",10.1021/ic00096a008,,,-3122.891744272482,-3122.859861400301,-3122.796735210702,Inorg.Chem. 
126,HISDUI,,/home/shachar/repos/PorCrystalStructures/data/xyz/crystal/HISDUI_0.xyz,/home/shachar/repos/PorCrystalStructures/data/ccdc_data/cif/porphyrins/HISDUI.cif,c1(ccccc1)C1=C2[N]3=C(C(=c4n5[Os]63([N]3=C(C=CC3=C(c3ccccc3)c3n6c1cc3)C(=c5cc4)c1ccccc1)(N(c1ccccc1)[O])N(c1ccccc1)[O])c1ccccc1)C=C2,"{""audit_creation_date"": ""1999-06-22"", ""audit_creation_method"": ""CSD-ConQuest-V1"", ""database_code_CSD"": ""HISDUI"", ""database_code_depnum_ccdc_archive"": null, ""chemical_formula_sum"": ""C58 H42 Cl4 N6 O2 Os1"", ""chemical_formula_moiety"": """", ""journal_volume"": ""37"", ""journal_year"": ""1998"", ""journal_page_first"": ""4689"", ""journal_name_full"": ""Inorg.Chem. "", ""publ_author_name"": [""Li Chen"", ""M.A.Khan"", ""G.B.Richter-Addo"", ""V.G.Young Junior"", ""D.R.Powell""]}",10.1021/ic980463u,,,-2722.358451334952,-2722.305734720152,-2722.254700180618,Inorg.Chem. 
127,HISFIY,,/home/shachar/repos/PorCrystalStructures/data/xyz/crystal/HISFIY_0.xyz,/home/shachar/repos/PorCrystalStructures/data/ccdc_data/cif/porphyrins/HISFIY.cif,c1ccc(N([O])[Os]234(n5c6ccc5C(=C5[N]2=C(C=C5)C(=c2n3c(=C(C3=[N]4C(=C6c4c(C)cc(C)cc4C)C=C3)c3c(cc(cc3C)C)C)cc2)c2c(cc(C)cc2C)C)c2c(cc(cc2C)C)C)N(c2ccccc2)[O])cc1,"{""audit_creation_date"": ""1999-06-22"", ""audit_creation_method"": ""CSD-ConQuest-V1"", ""database_code_CSD"": ""HISFIY"", ""database_code_depnum_ccdc_archive"": null, ""chemical_formula_sum"": ""C74 H68 N6 O2 Os1"", ""chemical_formula_moiety"": """", ""journal_volume"": ""37"", ""journal_year"": ""1998"", ""journal_page_first"": ""4689"", ""journal_name_full"": ""Inorg.Chem. "", ""publ_author_name"": [""Li Chen"", ""M.A.Khan"", ""G.B.Richter-Addo"", ""V.G.Young Junior"", ""D.R.Powell""]}",10.1021/ic980463u,,,-3193.305922613108,-3193.262463192102,-3193.21773963725,Inorg.Chem. 
128,HIZCEA,,/home/shachar/repos/PorCrystalStructures/data/xyz/crystal/HIZCEA_0.xyz,/home/shachar/repos/PorCrystalStructures/data/ccdc_data/cif/porphyrins/HIZCEA.cif,[Co]123(c4ccc(cc4)OC)n4c5=C(C6=[N]1C(=C(c1ccc(C(=C7C=CC(=[N]37)C(=c4cc5)c3ccc(cc3)C)c3ccc(cc3)C)n21)c1ccc(cc1)C)C=C6)c1ccc(cc1)C,"{""audit_creation_date"": ""2014-04-09"", ""audit_creation_method"": ""CSD-ConQuest-V1"", ""database_code_CSD"": ""HIZCEA"", ""database_code_depnum_ccdc_archive"": ""CCDC 981392"", ""chemical_formula_sum"": ""C55.5 H45 Co1 N4 O1.5"", ""chemical_formula_moiety"": """", ""journal_volume"": ""43"", ""journal_year"": ""2014"", ""journal_page_first"": ""7771"", ""journal_name_full"": ""Dalton Trans. "", ""publ_author_name"": [""Chun Ran Liu"", ""Ying Ying Qian"", ""Kin Shing Chan""]}",10.1039/c4dt00155a,,,-3794.603439302216,-3794.559677499203,-3794.49008703277,Dalton Trans. 
129,HIZFAX,,/home/shachar/repos/PorCrystalStructures/data/xyz/crystal/HIZFAX_0.xyz,/home/shachar/repos/PorCrystalStructures/data/ccdc_data/cif/porphyrins/HIZFAX.cif,c1(ccc(cc1)C)S(=O)(=O)[N][Os]123([N]S(=O)(=O)c4ccc(cc4)C)[N]4=C5C(=c6ccc(=C(C7=[N]2C(=C(c2ccc(C(=C4C=C5)c4ccccc4)n12)c1ccccc1)C=C7)c1ccccc1)n36)c1ccccc1,"{""audit_creation_date"": ""1999-10-05"", ""audit_creation_method"": ""CSD-ConQuest-V1"", ""database_code_CSD"": ""HIZFAX"", ""database_code_depnum_ccdc_archive"": ""CCDC 1176853"", ""chemical_formula_sum"": ""C58 H42 N6 O4 Os1 S2"", ""chemical_formula_moiety"": """", ""journal_volume"": ""37"", ""journal_year"": ""1998"", ""journal_page_first"": ""6564"", ""journal_name_full"": ""Inorg.Chem. "", ""publ_author_name"": [""Sze-Man Au"", ""Wai-Hong Fung"", ""Jie-Sheng Huang"", ""Kung-Kai Cheung"", ""Chi-Ming Che""]}",10.1021/ic980256u,,,-3747.386733868994,-3747.332010706069,-3747.268901314454,Inorg.Chem. 
130,HOHZAG,,/home/shachar/repos/PorCrystalStructures/data/xyz/crystal/HOHZAG_0.xyz,/home/shachar/repos/PorCrystalStructures/data/ccdc_data/cif/porphyrins/HOHZAG.cif,C1=CC2=[N]3[Rh]45(n6c(=C2c2ccc(cc2)C)ccc6=C(C2=[N]4C(=C(c4ccc(C(=C13)c1ccc(C)cc1)n54)c1ccc(cc1)C)C=C2)c1ccc(C)cc1)C1CCCCC1,"{""audit_creation_date"": ""2009-03-13"", ""audit_creation_method"": ""CSD-ConQuest-V1"", ""database_code_CSD"": ""HOHZAG"", ""database_code_depnum_ccdc_archive"": ""CCDC 707974"", ""chemical_formula_sum"": ""C55 H49 Cl2 N4 Rh1"", ""chemical_formula_moiety"": """", ""journal_volume"": ""27"", ""journal_year"": ""2008"", ""journal_page_first"": ""4625"", ""journal_name_full"": ""Organometallics "", ""publ_author_name"": [""Yun Wai Chan"", ""Kin Shing Chan""]}",10.1021/om800397p,,,-2411.867973165306,-2411.79670364661,-2411.723567384639,Organometallics 
131,HOHZEK,,/home/shachar/repos/PorCrystalStructures/data/xyz/crystal/HOHZEK_0.xyz,/home/shachar/repos/PorCrystalStructures/data/ccdc_data/cif/porphyrins/HOHZEK.cif,c1cc(C2=C3C=CC4=[N]3[Rh]35(n6c(=C4c4ccc(cc4)C)ccc6=C(C4=[N]5C(=C(c5ccc2n35)c2ccc(cc2)C)C=C4)c2ccc(C)cc2)C2CCCC2)ccc1C,"{""audit_creation_date"": ""2009-03-13"", ""audit_creation_method"": ""CSD-ConQuest-V1"", ""database_code_CSD"": ""HOHZEK"", ""database_code_depnum_ccdc_archive"": ""CCDC 707975"", ""chemical_formula_sum"": ""C55 H51 N4 O1 Rh1"", ""chemical_formula_moiety"": """", ""journal_volume"": ""27"", ""journal_year"": ""2008"", ""journal_page_first"": ""4625"", ""journal_name_full"": ""Organometallics "", ""publ_author_name"": [""Yun Wai Chan"", ""Kin Shing Chan""]}",10.1021/om800397p,,,-2372.615058828501,-2372.544030550277,-2372.47098274176,Organometallics 
133,HOZKEN,,/home/shachar/repos/PorCrystalStructures/data/xyz/crystal/HOZKEN_0.xyz,/home/shachar/repos/PorCrystalStructures/data/ccdc_data/cif/porphyrins/HOZKEN.cif,[Zn]123(n4c5C(=C6[N]2=C(C(=c2n3c(=C(C3=[N]1C(=C(c4cc5)C1=C[CH]N([Co]45(C)(N(C(=C(C)N4[O])C)[O])N(C(=C(C)N5[O])C)[O])C=C1)C=C3)C1=C[CH]N([Co]34(C)(N(C(=C(C)N3[O])C)[O])N(C(=C(C)N4[O])C)[O])C=C1)cc2)C1=C[CH]N([Co]23(C)(N(C(=C(C)N3[O])C)[O])N(C(=C(C)N2[O])C)[O])C=C1)C=C6)C1=C[CH]N([Co]23(C)(N(C(=C(C)N2[O])C)[O])N(C(=C(C)N3[O])C)[O])C=C1)[O],"{""audit_creation_date"": ""2009-10-28"", ""audit_creation_method"": ""CSD-ConQuest-V1"", ""database_code_CSD"": ""HOZKEN"", ""database_code_depnum_ccdc_archive"": ""CCDC 743643"", ""chemical_formula_sum"": ""C80 H101 Cl9 Co4 N24 O18 Zn1"", ""chemical_formula_moiety"": """", ""journal_volume"": ""48"", ""journal_year"": ""2009"", ""journal_page_first"": ""5626"", ""journal_name_full"": ""Inorg.Chem. "", ""publ_author_name"": [""J.Manono"", ""P.A.Marzilli"", ""F.R.Fronczek"", ""L.G.Marzilli""]}",10.1021/ic900600z,,,,,,Inorg.Chem. 
134,HUGXIT,,/home/shachar/repos/PorCrystalStructures/data/xyz/crystal/HUGXIT_0.xyz,/home/shachar/repos/PorCrystalStructures/data/ccdc_data/cif/porphyrins/HUGXIT.cif,Fc1c(C2=C3C=CC4=[N]3[Ru]35(n6c(=C4c4c(F)cccc4F)ccc6=C(c4c(cccc4F)F)C4=[N]3C(=C(c3c(F)cccc3F)c3ccc2n53)C=C4)([N][C@@]23C[C@@H]4C[C@H](C3)C[C@H](C2)C4)[O])c(F)ccc1,"{""audit_creation_date"": ""2020-04-20"", ""audit_creation_method"": ""CSD-ConQuest-V1"", ""database_code_CSD"": ""HUGXIT"", ""database_code_depnum_ccdc_archive"": ""CCDC 1972136"", ""chemical_formula_sum"": ""C60 H41 F8 N5 O1 Ru1"", ""chemical_formula_moiety"": """", ""journal_volume"": ""56"", ""journal_year"": ""2020"", ""journal_page_first"": ""4428"", ""journal_name_full"": ""Chem.Commun. "", ""publ_author_name"": [""Ka-Pan Shing"", ""Qingyun Wan"", ""Xiao-Yong Chang"", ""Chi-Ming Che""]}",10.1039/c9cc09972g,,,-3317.183765998893,-3317.136620069915,-3317.073032289698,Chem.Commun. 
135,HUWSEZ,,/home/shachar/repos/PorCrystalStructures/data/xyz/crystal/HUWSEZ_0.xyz,/home/shachar/repos/PorCrystalStructures/data/ccdc_data/cif/porphyrins/HUWSEZ.cif,C12=C(c3ccc4C(=C5C=CC6=[N]5[Ir]5([C@]78C[C@@H]9C[C@@H](C[C@H](C8)C9)C7)([N]2=C(C=C1)C(=c1ccc(=C6c2ccc(cc2)C)n51)c1ccc(cc1)C)n34)c1ccc(cc1)C)c1ccc(cc1)C,"{""audit_creation_date"": ""2015-11-13"", ""audit_creation_method"": ""CSD-ConQuest-V1"", ""database_code_CSD"": ""HUWSEZ"", ""database_code_depnum_ccdc_archive"": ""CCDC 1048814"", ""chemical_formula_sum"": ""C58 H51 Ir1 N4"", ""chemical_formula_moiety"": """", ""journal_volume"": ""44"", ""journal_year"": ""2015"", ""journal_page_first"": ""20618"", ""journal_name_full"": ""Dalton Trans. "", ""publ_author_name"": [""Huiping Zuo"", ""Zhipeng Liu"", ""Wu Yang"", ""Zhikuan Zhou"", ""Kin Shing Chan""]}",10.1039/c5dt03845f,,,-2560.267254854092,,-2560.12668850096,Dalton Trans. 
136,HUWTAW,,/home/shachar/repos/PorCrystalStructures/data/xyz/crystal/HUWTAW_0.xyz,,c1(ccc(cc1)C)C1=C2C=CC3=[N]2[Ir]24(n5c1ccc5C(=C1C=CC(=[N]41)C(=c1ccc(=C3c3ccc(cc3)C)n21)c1ccc(C)cc1)c1ccc(cc1)C)C1CCCC1,null,,,,-2366.430426907554,-2366.355355970863,-2366.286995136372,
137,HUWTEA,,/home/shachar/repos/PorCrystalStructures/data/xyz/crystal/HUWTEA_0.xyz,/home/shachar/repos/PorCrystalStructures/data/ccdc_data/cif/porphyrins/HUWTEA.cif,[Mn]123(Cl)n4c5C(=C6C=CC(=[N]26)C(=c2ccc(=C(C6=[N]1C(=C(c4cc5)C(=O)OCC)C=C6)C(=O)OCC)n32)C(=O)OCC)C(=O)OCC,"{""audit_creation_date"": ""2015-11-13"", ""audit_creation_method"": ""CSD-ConQuest-V1"", ""database_code_CSD"": ""HUWTEA"", ""database_code_depnum_ccdc_archive"": ""CCDC 1059156"", ""chemical_formula_sum"": ""C32 H28 Cl1 Mn1 N4 O8"", ""chemical_formula_moiety"": """", ""journal_volume"": ""5"", ""journal_year"": ""2015"", ""journal_page_first"": ""97391"", ""journal_name_full"": ""RSC Advances "", ""publ_author_name"": [""Hua-Hua Wang"", ""Hui-Qing Yuan"", ""M.H.R.Mahmood"", ""Yi-Yu Jiang"", ""Fan Cheng"", ""Lei Shi"", ""Hai-Yang Liu""]}",10.1039/c5ra15943a,,,-3665.342976533866,-3665.357912115906,-3665.386470994728,RSC Advances 
138,ICIBOM,,/home/shachar/repos/PorCrystalStructures/data/xyz/crystal/ICIBOM_0.xyz,/home/shachar/repos/PorCrystalStructures/data/ccdc_data/cif/porphyrins/ICIBOM.cif,[Ru]123([C][O])([S]4CCN(CC4)S(=O)(=O)c4cccc5c(cccc45)N(C)C)[N]4=C5C=CC4=C(c4ccc(C(=C6C=CC(=[N]26)C(=c2ccc(=C5c5ccccc5)n12)c1ccccc1)c1ccccc1)n34)c1ccccc1,"{""audit_creation_date"": ""2005-02-10"", ""audit_creation_method"": ""CSD-ConQuest-V1"", ""database_code_CSD"": ""ICIBOM"", ""database_code_depnum_ccdc_archive"": ""CCDC 254207"", ""chemical_formula_sum"": ""C62.5 H51 Cl3 N6 O3 Ru1 S2"", ""chemical_formula_moiety"": """", ""journal_volume"": ""43"", ""journal_year"": ""2004"", ""journal_page_first"": ""6366"", ""journal_name_full"": ""Inorg.Chem. "", ""publ_author_name"": [""Mi Hee Lim"", ""S.J.Lippard""]}",10.1021/ic035418n,,,-3794.219184910634,-3794.153941945279,-3794.080391896815,Inorg.Chem. 
139,ICIYEY,,/home/shachar/repos/PorCrystalStructures/data/xyz/crystal/ICIYEY_0.xyz,/home/shachar/repos/PorCrystalStructures/data/ccdc_data/cif/porphyrins/ICIYEY.cif,C(#N)c1ccc(C2=c3ccc4=C(C5=[N]6[Hg@]7(n34)[N]3=C2C=CC3=C(c2ccc(C(=C6C=C5)c3ccc(cc3)C#N)n72)c2ccc(cc2)C#N)c2ccc(cc2)C#N)cc1,"{""audit_creation_date"": ""2002-02-07"", ""audit_creation_method"": ""CSD-ConQuest-V1"", ""database_code_CSD"": ""ICIYEY"", ""database_code_depnum_ccdc_archive"": ""CCDC 174495"", ""chemical_formula_sum"": ""C48 H24 Hg1 N8"", ""chemical_formula_moiety"": """", ""journal_volume"": ""40"", ""journal_year"": ""2001"", ""journal_page_first"": ""6064"", ""journal_name_full"": ""Inorg.Chem. "", ""publ_author_name"": [""Ming-Cheng Wang"", ""Long-Seen Sue"", ""Bing-Chung Liau"", ""Bao-Tsan Ko"", ""S.Elango"", ""Jyh-Horung Chen""]}",10.1021/ic010275v,,,-2431.353576504979,-2431.297790357271,-2431.233156908128,Inorg.Chem. 
140,IFASEQ,,/home/shachar/repos/PorCrystalStructures/data/xyz/crystal/IFASEQ_0.xyz,/home/shachar/repos/PorCrystalStructures/data/ccdc_data/cif/porphyrins/IFASEQ.cif,C12=C(c3ccc4C(=C5C=CC6=[N]5[Zn]5([N]2=C(C=C1)C(=c1ccc(=C6c2ccccc2)n51)c1ccccc1)(n34)[N][C][Cu@@]12N3[CH]C=CC=C3C[N@@]1(CC1=CC=C[CH]N21)Cc1ccccn1)c1ccccc1)c1ccccc1,"{""audit_creation_date"": ""2018-08-07"", ""audit_creation_method"": ""CSD-ConQuest-V1"", ""database_code_CSD"": ""IFASEQ"", ""database_code_depnum_ccdc_archive"": ""CCDC 1835894"", ""chemical_formula_sum"": ""C64 H48 Cl2 Cu1 N9 Zn1"", ""chemical_formula_moiety"": """", ""journal_volume"": ""140"", ""journal_year"": ""2018"", ""journal_page_first"": ""9904"", ""journal_name_full"": ""J.Am.Chem.Soc. "", ""publ_author_name"": [""Debangsu Sil"", ""Z.Martinez"", ""Shengda Ding"", ""N.Bhuvanesh"", ""D.J.Darensbourg"", ""M.B.Hall"", ""Marcetta Y.Darensbourg""]}",10.1021/jacs.8b04189,,,,,,J.Am.Chem.Soc. 
141,IJURAI,,/home/shachar/repos/PorCrystalStructures/data/xyz/crystal/IJURAI_0.xyz,/home/shachar/repos/PorCrystalStructures/data/ccdc_data/cif/porphyrins/IJURAI.cif,c1ccccc1C1=c2ccc3=C(C4=[N]5[Zn]6(n23)([N]2=C1C=CC2=C(c1ccc(C(=C5C=C4)c2ccccc2)n61)c1ccccc1)ON1C=CC(=C2C=CC=C[C]12)N(=O)=O)c1ccccc1,"{""audit_creation_date"": ""2016-04-05"", ""audit_creation_method"": ""CSD-ConQuest-V1"", ""database_code_CSD"": ""IJURAI"", ""database_code_depnum_ccdc_archive"": ""CCDC 991715"", ""chemical_formula_sum"": ""C53 H34 N6 O3 Zn1"", ""chemical_formula_moiety"": """", ""journal_volume"": ""85"", ""journal_year"": ""2015"", ""journal_page_first"": ""666"", ""journal_name_full"": ""Zh.Obshch.Khim.(Russ.)(Russ.J.Gen.Chem.) "", ""publ_author_name"": [""V.P.Andreev"", ""P.S.Sobolev"", ""N.Sh Lebedeva"", ""V.A.Tafeenko""]}",10.1134/s1070363215050151,,,-4369.399841851113,-4369.343980492316,-4369.274933945948,Zh.Obshch.Khim.(Russ.)(Russ.J.Gen.Chem.) 
142,IKACEE,,/home/shachar/repos/PorCrystalStructures/data/xyz/crystal/IKACEE_0.xyz,/home/shachar/repos/PorCrystalStructures/data/ccdc_data/cif/porphyrins/IKACEE.cif,c1(ccccc1)C1=C2C=CC3=[N]2[Zn]24(n5c(=C(C6=[N]4C(=C(c4ccc1n24)c1ccccc1)C=C6)c1ccccc1)ccc5=C3c1ccccc1)ON1[CH]C=CC=C1/C=C/c1ccc(cc1)N(C)C,"{""audit_creation_date"": ""2016-04-05"", ""audit_creation_method"": ""CSD-ConQuest-V1"", ""database_code_CSD"": ""IKACEE"", ""database_code_depnum_ccdc_archive"": ""CCDC 912706"", ""chemical_formula_sum"": ""C61 H46 Cl6 N6 O1 Zn1"", ""chemical_formula_moiety"": """", ""journal_volume"": ""85"", ""journal_year"": ""2015"", ""journal_page_first"": ""666"", ""journal_name_full"": ""Zh.Obshch.Khim.(Russ.)(Russ.J.Gen.Chem.) "", ""publ_author_name"": [""V.P.Andreev"", ""P.S.Sobolev"", ""N.Sh Lebedeva"", ""V.A.Tafeenko""]}",10.1134/s1070363215050151,,,-4453.335570587442,-4453.276524814049,-4453.209212975472,Zh.Obshch.Khim.(Russ.)(Russ.J.Gen.Chem.) 
143,IMELIV,,/home/shachar/repos/PorCrystalStructures/data/xyz/crystal/IMELIV_0.xyz,/home/shachar/repos/PorCrystalStructures/data/ccdc_data/cif/porphyrins/IMELIV.cif,C1(=c2n3[Fe]45(N6CCN(CC6)C)([N]6=C(C=CC6=C(c6ccc(C(=C7[N]4=C1C=C7)c1ccccc1)n56)c1ccccc1)C(=c3cc2)c1ccccc1)N=O)c1ccccc1,"{""audit_creation_date"": ""2004-03-03"", ""audit_creation_method"": ""CSD-ConQuest-V1"", ""database_code_CSD"": ""IMELIV"", ""database_code_depnum_ccdc_archive"": ""CCDC 224406"", ""chemical_formula_sum"": ""C50 H40 Cl3 Fe1 N7 O1"", ""chemical_formula_moiety"": """", ""journal_volume"": ""42"", ""journal_year"": ""2003"", ""journal_page_first"": ""5722"", ""journal_name_full"": ""Inorg.Chem. "", ""publ_author_name"": [""G.R.A.Wyllie"", ""C.E.Schulz"", ""W.R.Scheidt""]}",10.1021/ic034473t,,,-3608.98062143493,-3608.981306295656,-3608.946759178478,Inorg.Chem. 
144,INIBAL,,/home/shachar/repos/PorCrystalStructures/data/xyz/crystal/INIBAL_0.xyz,/home/shachar/repos/PorCrystalStructures/data/ccdc_data/cif/porphyrins/INIBAL.cif,O(c1ccc(C2=c3ccc4=C(C5=[N]6C(=C(c7ccc8C(=C9[N](=C2C=C9)[Cd]6(n34)(N2[CH]C=NC=C2)n78)c2ccc(OC)cc2)c2ccc(cc2)OC)C=C5)c2ccc(cc2)OC)cc1)C,"{""audit_creation_date"": ""2021-03-11"", ""audit_creation_method"": ""CSD-ConQuest-V1"", ""database_code_CSD"": ""INIBAL"", ""database_code_depnum_ccdc_archive"": ""CCDC 2069722"", ""chemical_formula_sum"": ""C52 H40 Cd1 N6 O4"", ""chemical_formula_moiety"": """", ""journal_volume"": null, ""journal_year"": ""2021"", ""journal_page_first"": null, ""journal_name_full"": ""CSD Communication(Private Communication) "", ""publ_author_name"": [""C.Mchiri"", ""h.Nasri"", ""T.Roisnel""]}",10.30707/tlcsd5.3.1649037688.632982,,,-2798.763659226468,-2798.709227930049,-2798.63972731895,CSD Communication(Private Communication) 
146,IRINIH,,/home/shachar/repos/PorCrystalStructures/data/xyz/crystal/IRINIH_0.xyz,/home/shachar/repos/PorCrystalStructures/data/ccdc_data/cif/porphyrins/IRINIH.cif,[Zn]123(n4c5=C(C6=[N]3C(=C(c3ccc(C(=C7C(=C(C(=[N]17)C(=c4cc5)c1ccccc1)c1ccccc1)c1ccccc1)c1ccccc1)n23)c1ccccc1)C(=C6c1ccccc1)c1ccccc1)c1ccccc1)N1[CH]C=CC=C1,"{""audit_creation_date"": ""2011-07-22"", ""audit_creation_method"": ""CSD-ConQuest-V1"", ""database_code_CSD"": ""IRINIH"", ""database_code_depnum_ccdc_archive"": ""CCDC 789153"", ""chemical_formula_sum"": ""C73 H49 N5 Zn1"", ""chemical_formula_moiety"": """", ""journal_volume"": ""372"", ""journal_year"": ""2011"", ""journal_page_first"": ""417"", ""journal_name_full"": ""Inorg.Chim.Acta "", ""publ_author_name"": [""P.Bhyrappa"", ""K.Karunanithi""]}",10.1016/j.ica.2011.02.057,,,-4859.048366821658,-4858.990731722932,-4858.923586289722,Inorg.Chim.Acta 
147,IRINON,,/home/shachar/repos/PorCrystalStructures/data/xyz/crystal/IRINON_0.xyz,/home/shachar/repos/PorCrystalStructures/data/ccdc_data/cif/porphyrins/IRINON.cif,C1=CC2=C(c3c(c(c4C(=C5C=CC6=[N]5[Zn]5(n7c(=C(C1=[N]25)c1ccccc1)c(c(c7=C6c1ccccc1)c1ccccc1)c1ccccc1)([O])n34)c1ccccc1)c1ccccc1)c1ccccc1)c1ccccc1,"{""audit_creation_date"": ""2011-07-22"", ""audit_creation_method"": ""CSD-ConQuest-V1"", ""database_code_CSD"": ""IRINON"", ""database_code_depnum_ccdc_archive"": ""CCDC 789154"", ""chemical_formula_sum"": ""C70 H48 Cl4 N4 O1 Zn1"", ""chemical_formula_moiety"": """", ""journal_volume"": ""372"", ""journal_year"": ""2011"", ""journal_page_first"": ""417"", ""journal_name_full"": ""Inorg.Chim.Acta "", ""publ_author_name"": [""P.Bhyrappa"", ""K.Karunanithi""]}",10.1016/j.ica.2011.02.057,,,,,,Inorg.Chim.Acta 
149,IWIRUD,,/home/shachar/repos/PorCrystalStructures/data/xyz/crystal/IWIRUD_0.xyz,/home/shachar/repos/PorCrystalStructures/data/ccdc_data/cif/porphyrins/IWIRUD.cif,c1(ccc(cc1)C)C1=c2n3[Co]45(C(=O)C(C)C)[N]6=C(C(=c3cc2)c2ccc(C)cc2)C=CC6=C(c2n5c(C(=C3C=CC1=[N]43)c1ccc(cc1)C)cc2)c1ccc(cc1)C,"{""audit_creation_date"": ""2016-09-15"", ""audit_creation_method"": ""CSD-ConQuest-V1"", ""database_code_CSD"": ""IWIRUD"", ""database_code_depnum_ccdc_archive"": ""CCDC 1504540"", ""chemical_formula_sum"": ""C52 H43 Co1 N4 O1"", ""chemical_formula_moiety"": """", ""journal_volume"": ""35"", ""journal_year"": ""2016"", ""journal_page_first"": ""2480"", ""journal_name_full"": ""Organometallics "", ""publ_author_name"": [""Siu Yin Lee"", ""Hong Sang Fung"", ""Shiyu Feng"", ""Kin Shing Chan""]}",10.1021/acs.organomet.6b00352,,,-3680.52329815713,-3680.454704666526,-3680.419631244341,Organometallics 
150,IWISAK,,/home/shachar/repos/PorCrystalStructures/data/xyz/crystal/IWISAK_0.xyz,/home/shachar/repos/PorCrystalStructures/data/ccdc_data/cif/porphyrins/IWISAK.cif,c1cc(ccc1C1=C2[N]3=C(C=C2)C(=c2n4[Co]53(C(=O)C(C)C)[N]3=C(C(=c4cc2)c2ccc(cc2)OC)C=CC3=C(c2ccc1n52)c1ccc(OC)cc1)c1ccc(OC)cc1)OC,"{""audit_creation_date"": ""2016-09-15"", ""audit_creation_method"": ""CSD-ConQuest-V1"", ""database_code_CSD"": ""IWISAK"", ""database_code_depnum_ccdc_archive"": ""CCDC 1504541"", ""chemical_formula_sum"": ""C52 H43 Co1 N4 O5"", ""chemical_formula_moiety"": """", ""journal_volume"": ""35"", ""journal_year"": ""2016"", ""journal_page_first"": ""2480"", ""journal_name_full"": ""Organometallics "", ""publ_author_name"": [""Siu Yin Lee"", ""Hong Sang Fung"", ""Shiyu Feng"", ""Kin Shing Chan""]}",10.1021/acs.organomet.6b00352,,,-3981.176759527912,-3981.109330257486,-3981.039451974624,Organometallics 
151,IWOHEI,,/home/shachar/repos/PorCrystalStructures/data/xyz/crystal/IWOHEI_0.xyz,/home/shachar/repos/PorCrystalStructures/data/ccdc_data/cif/porphyrins/IWOHEI.cif,c1c(C2=c3ccc4=C(c5ccccc5)C5=[N]6[Zn]7(N8[CH]C=C(N[P]([Fe]9%10([S@]%11[Fe]%10([S@@]9CCC%11)([C][O])([C][O])[C][O])([C][O])[C][O])(c9ccccc9)c9ccccc9)C=C8)(n8c(C(=C6C=C5)c5ccccc5)ccc8C(=C5[N]7=C2C=C5)c2ccccc2)n34)cccc1,"{""audit_creation_date"": ""2011-10-18"", ""audit_creation_method"": ""CSD-ConQuest-V1"", ""database_code_CSD"": ""IWOHEI"", ""database_code_depnum_ccdc_archive"": ""CCDC 806952"", ""chemical_formula_sum"": ""C70 H51 Cl2 Fe2 N6 O5 P1 S2 Zn1"", ""chemical_formula_moiety"": """", ""journal_volume"": ""696"", ""journal_year"": ""2011"", ""journal_page_first"": ""2767"", ""journal_name_full"": ""J.Organomet.Chem. "", ""publ_author_name"": [""Xu-Feng Liu"", ""Xun-Wen Xiao""]}",10.1016/j.jorganchem.2011.05.007,,,-8802.119609465173,-8802.061172285306,-8801.992631981424,J.Organomet.Chem. 
152,IZABOA,,/home/shachar/repos/PorCrystalStructures/data/xyz/crystal/IZABOA_0.xyz,/home/shachar/repos/PorCrystalStructures/data/ccdc_data/cif/porphyrins/IZABOA.cif,[Zn]123(n4c5=C(C6=[N]3C(=C(c3c(c(c(C(=C7C(=C(C(=[N]17)C(=c4c(c5c1ccccc1)c1ccccc1)c1ccccc1)c1ccccc1)c1ccccc1)c1ccccc1)n23)c1ccccc1)c1ccccc1)c1ccccc1)C(=C6c1ccccc1)c1ccccc1)c1ccccc1)[N][C]C,"{""audit_creation_date"": ""2004-10-11"", ""audit_creation_method"": ""CSD-ConQuest-V1"", ""database_code_CSD"": ""IZABOA"", ""database_code_depnum_ccdc_archive"": ""CCDC 248727"", ""chemical_formula_sum"": ""C96 H66 N6 Zn1"", ""chemical_formula_moiety"": """", ""journal_volume"": ""60"", ""journal_year"": ""2004"", ""journal_page_first"": ""m1097"", ""journal_name_full"": ""Acta Crystallogr.,Sect.E:Struct.Rep.Online "", ""publ_author_name"": [""T.Kojima"", ""R.Harada""]}",10.1107/s1600536804016447,,,-5666.240309801322,-5666.189445642587,-5666.12339845335,"Acta Crystallogr.,Sect.E:Struct.Rep.Online "
153,IZAFIZ,,/home/shachar/repos/PorCrystalStructures/data/xyz/crystal/IZAFIZ_0.xyz,/home/shachar/repos/PorCrystalStructures/data/ccdc_data/cif/porphyrins/IZAFIZ.cif,c1(c2=CC3=[N]4[Zn@@]56n7c(c(c(c7C=C4C(=C3CC)CC)CC)CC)C(=C3C(=C(C(=[N]53)C=c(c1CC)n26)CC)CC)CCCC)CC,"{""audit_creation_date"": ""2011-10-11"", ""audit_creation_method"": ""CSD-ConQuest-V1"", ""database_code_CSD"": ""IZAFIZ"", ""database_code_depnum_ccdc_archive"": ""CCDC 817703"", ""chemical_formula_sum"": ""C40 H52 N4 Zn1"", ""chemical_formula_moiety"": """", ""journal_volume"": ""17"", ""journal_year"": ""2011"", ""journal_page_first"": ""7768"", ""journal_name_full"": ""Chem.-Eur.J. "", ""publ_author_name"": [""T.Kakui"", ""S.Sugawara"", ""Y.Hirata"", ""S.Kojima"", ""Y.Yamamoto""]}",10.1002/chem.201101061,,,-3550.894347283508,-3550.825964670777,-3550.761343700207,Chem.-Eur.J. 
154,JAQROJ,,/home/shachar/repos/PorCrystalStructures/data/xyz/crystal/JAQROJ_0.xyz,/home/shachar/repos/PorCrystalStructures/data/ccdc_data/cif/porphyrins/JAQROJ.cif,[Ru]123(n4c5=C(C6=[N]3C(=C(c3ccc(C(=C7C=CC(=[N]17)C(=c4cc5)c1ccccc1)c1ccccc1)n23)c1ccccc1)C=C6)c1ccccc1)([N][C](c1ccccc1)c1ccccc1)O,"{""audit_creation_date"": ""2005-10-07"", ""audit_creation_method"": ""CSD-ConQuest-V1"", ""database_code_CSD"": ""JAQROJ"", ""database_code_depnum_ccdc_archive"": ""CCDC 256067"", ""chemical_formula_sum"": ""C57 H39 N5 O1 Ru1"", ""chemical_formula_moiety"": """", ""journal_volume"": ""44"", ""journal_year"": ""2005"", ""journal_page_first"": ""3780"", ""journal_name_full"": ""Inorg.Chem. "", ""publ_author_name"": [""Jie-Sheng Huang"", ""Sarana Ka-Yan Leung"", ""Zhong-Yuan Zhou"", ""Nianyong Zhu"", ""Chi-Ming Che""]}",10.1021/ic0484102,,,-2635.376884950222,-2635.349421653637,-2635.286276598825,Inorg.Chem. 
155,JAVJIC,,/home/shachar/repos/PorCrystalStructures/data/xyz/crystal/JAVJIC_0.xyz,/home/shachar/repos/PorCrystalStructures/data/ccdc_data/cif/porphyrins/JAVJIC.cif,[Zn]123(n4c5=C(C6=[N]3C(=C(c3n2c(C(=C2[N]1=C(C(=c4cc5)c1ccccc1)C=C2)c1ccccc1)cc3)c1ccccc1)C=C6)c1ccccc1)N1[CH]C=C(CN2Cc3c(cccc3)OCCOc3ccccc3CN(CCC2)Cc2ccccc2)C=C1,"{""audit_creation_date"": ""2017-06-13"", ""audit_creation_method"": ""CSD-ConQuest-V1"", ""database_code_CSD"": ""JAVJIC"", ""database_code_depnum_ccdc_archive"": ""CCDC 1515159"", ""chemical_formula_sum"": ""C76 H63 N7 O2 Zn1"", ""chemical_formula_moiety"": """", ""journal_volume"": ""133"", ""journal_year"": ""2017"", ""journal_page_first"": ""419"", ""journal_name_full"": ""Polyhedron "", ""publ_author_name"": [""B.Ghanbari"", ""L.Shahhoseini"", ""M.Kubicki""]}",10.1016/j.poly.2017.05.033,,,-5241.347676810021,-5241.289824619298,-5241.22146082331,Polyhedron 
156,JAWKOI,,/home/shachar/repos/PorCrystalStructures/data/xyz/crystal/JAWKOI_0.xyz,/home/shachar/repos/PorCrystalStructures/data/ccdc_data/cif/porphyrins/JAWKOI.cif,[Ru]123([N@]4[N]N([C@](c5ccccc5)(C)C4)c4ccc(N(=O)=O)cc4)([N]4=C5C=CC4=C(c4n3c(C(=C3[N]2=C(C(=c2n1c(=C5c1ccccc1)cc2)c1ccccc1)C=C3)c1ccccc1)cc4)c1ccccc1)[C][O],"{""audit_creation_date"": ""2006-01-09"", ""audit_creation_method"": ""CSD-ConQuest-V1"", ""database_code_CSD"": ""JAWKOI"", ""database_code_depnum_ccdc_archive"": ""CCDC 258146"", ""chemical_formula_sum"": ""C64 H52 N8 O4 Ru1"", ""chemical_formula_moiety"": """", ""journal_volume"": ""24"", ""journal_year"": ""2005"", ""journal_page_first"": ""4710"", ""journal_name_full"": ""Organometallics "", ""publ_author_name"": [""S.Fantauzzi"", ""E.Gallo"", ""A.Caselli"", ""F.Ragaini"", ""P.Macchi"", ""N.Casati"", ""S.Cenini""]}",10.1021/om050244y,,,-3065.751911090557,-3065.686371310644,-3065.612806965557,Organometallics 
157,JOCHOZ,,/home/shachar/repos/PorCrystalStructures/data/xyz/crystal/JOCHOZ_0.xyz,/home/shachar/repos/PorCrystalStructures/data/ccdc_data/cif/porphyrins/JOCHOZ.cif,[Zn@@]123n4c5=CC6=[N]3C(=C(c3ccc(C(=C7C=CC(=[N]17)C(=c4cc5)c1ccccc1)[Pd]([P](c1ccccc1)(c1ccccc1)c1ccccc1)(Cl)[P](c1ccccc1)(c1ccccc1)c1ccccc1)n23)c1ccccc1)C=C6,"{""audit_creation_date"": ""2008-09-29"", ""audit_creation_method"": ""CSD-ConQuest-V1"", ""database_code_CSD"": ""JOCHOZ"", ""database_code_depnum_ccdc_archive"": ""CCDC 637318"", ""chemical_formula_sum"": ""C68.42 H49.84 Cl1.84 N4 P2 Pd1 Zn1"", ""chemical_formula_moiety"": """", ""journal_volume"": null, ""journal_year"": ""2008"", ""journal_page_first"": ""2598"", ""journal_name_full"": ""Dalton Trans. "", ""publ_author_name"": [""M.Y.Jiang"", ""Ji-Young Shin"", ""B.O.Patrick"", ""D.Dolphin""]}",10.1039/b801163j,,,-5884.729332004123,-5884.671482125534,-5884.599860187894,Dalton Trans. 
158,JOCRUP,,/home/shachar/repos/PorCrystalStructures/data/xyz/crystal/JOCRUP_0.xyz,/home/shachar/repos/PorCrystalStructures/data/ccdc_data/cif/porphyrins/JOCRUP.cif,C(=O)(C(C)(C)C)Nc1c(C2=c3ccc4=C(c5c(cccc5)NC(=O)C(C)(C)C)C5=[N]6[Fe]7(n34)([N]3=C2C=CC3=C(c2c(cccc2)NC(=O)C(C)(C)C)c2n7c(cc2)C(=C6C=C5)c2c(cccc2)NC(=O)C(C)(C)C)(N2[CH]N(C=C2)C)N2[CH]N(C=C2)C)cccc1,"{""audit_creation_date"": ""2008-09-29"", ""audit_creation_method"": ""CSD-ConQuest-V1"", ""database_code_CSD"": ""JOCRUP"", ""database_code_depnum_ccdc_archive"": ""CCDC 691470"", ""chemical_formula_sum"": ""C76 H82 Fe1 N14 O4"", ""chemical_formula_moiety"": """", ""journal_volume"": ""47"", ""journal_year"": ""2008"", ""journal_page_first"": ""3841"", ""journal_name_full"": ""Inorg.Chem. "", ""publ_author_name"": [""Jianfeng Li"", ""S.M.Nair"", ""B.C.Noll"", ""C.E.Schulz"", ""W.R.Scheidt""]}",10.1021/ic702498c,,,,,,Inorg.Chem. 
159,JOCSEA,,/home/shachar/repos/PorCrystalStructures/data/xyz/crystal/JOCSEA_0.xyz,/home/shachar/repos/PorCrystalStructures/data/ccdc_data/cif/porphyrins/JOCSEA.cif,[Fe]123([N]4=C5C=CC4=C(c4c(NC(=O)C(C)(C)C)cccc4)c4ccc(n34)C(=C3[N]2=C(C=C3)C(=c2n1c(=C5c1ccccc1NC(=O)C(C)(C)C)cc2)c1c(cccc1)NC(=O)C(C)(C)C)c1ccccc1NC(=O)C(C)(C)C)(N1[CH]N(C=C1)C=C)N1C=CN([CH]1)C=C,"{""audit_creation_date"": ""2008-09-29"", ""audit_creation_method"": ""CSD-ConQuest-V1"", ""database_code_CSD"": ""JOCSEA"", ""database_code_depnum_ccdc_archive"": ""CCDC 691472"", ""chemical_formula_sum"": ""C88 H92 Fe1 N12 O4"", ""chemical_formula_moiety"": """", ""journal_volume"": ""47"", ""journal_year"": ""2008"", ""journal_page_first"": ""3841"", ""journal_name_full"": ""Inorg.Chem. "", ""publ_author_name"": [""Jianfeng Li"", ""S.M.Nair"", ""B.C.Noll"", ""C.E.Schulz"", ""W.R.Scheidt""]}",10.1021/ic702498c,,,,,,Inorg.Chem. 
160,JOLKEC,,/home/shachar/repos/PorCrystalStructures/data/xyz/crystal/JOLKEC_0.xyz,/home/shachar/repos/PorCrystalStructures/data/ccdc_data/cif/porphyrins/JOLKEC.cif,c1cc(C2=C3C=CC4=[N]3[Zn]35(n6c(=C4c4ccccc4)ccc6=C(C4=[N]3C(=C(c3ccc2n53)c2ccccc2)C=C4)c2ccccc2)[NH2]c2ccc(cc2)OC)ccc1,"{""audit_creation_date"": ""2014-10-16"", ""audit_creation_method"": ""CSD-ConQuest-V1"", ""database_code_CSD"": ""JOLKEC"", ""database_code_depnum_ccdc_archive"": ""CCDC 924012"", ""chemical_formula_sum"": ""C51 H37 N5 O1 Zn1"", ""chemical_formula_moiety"": """", ""journal_volume"": ""84"", ""journal_year"": ""2014"", ""journal_page_first"": ""1206"", ""journal_name_full"": ""Zh.Obshch.Khim.(Russ.)(Russ.J.Gen.Chem.) "", ""publ_author_name"": [""P.S.Sobolev"", ""V.P.Andreev"", ""T.A.Ekimova""]}",10.1134/s1070363214090369,,,-4090.172179860439,-4090.112673181232,-4090.044848683154,Zh.Obshch.Khim.(Russ.)(Russ.J.Gen.Chem.) 
161,JOVROB,,/home/shachar/repos/PorCrystalStructures/data/xyz/crystal/JOVROB_0.xyz,/home/shachar/repos/PorCrystalStructures/data/ccdc_data/cif/porphyrins/JOVROB.cif,[Ni@@]123[N]4=C5C(=C(C4=Cc4c(c(c(C(=C6[N]2=C(C=c2c(c(c(=C5c5c(cccc5)NC(=O)c5cccnc5)n12)C)CC)C(=C6C)CC)c1c(cccc1)NC(=O)c1cccnc1)n34)C)CC)CC)C,"{""audit_creation_date"": ""1993-01-14"", ""audit_creation_method"": ""CSD-ConQuest-V1"", ""database_code_CSD"": ""JOVROB"", ""database_code_depnum_ccdc_archive"": null, ""chemical_formula_sum"": ""C58 H54 Cl6 N8 Ni1 O2"", ""chemical_formula_moiety"": """", ""journal_volume"": ""31"", ""journal_year"": ""1992"", ""journal_page_first"": ""913"", ""journal_name_full"": ""Inorg.Chem. "", ""publ_author_name"": [""L.K.Woo"", ""M.R.Maurya"", ""R.A.Jacobson"", ""Shumei Yang"", ""S.L.Ringrose""]}",10.1021/ic00031a038,,,-4257.752636166943,-4257.730150055122,-4257.661086612752,Inorg.Chem. 
162,JUVXAB,,/home/shachar/repos/PorCrystalStructures/data/xyz/crystal/JUVXAB_0.xyz,/home/shachar/repos/PorCrystalStructures/data/ccdc_data/cif/porphyrins/JUVXAB.cif,c1(OC)ccc(cc1)[NH2][Zn]123[N]4=C5C(=c6ccc(=C(C7=[N]3C(=C(c3ccccc3)c3ccc(C(=C4C=C5)c4ccccc4)n13)C=C7)c1ccccc1)n26)c1ccccc1,"{""audit_creation_date"": ""2015-12-09"", ""audit_creation_method"": ""CSD-ConQuest-V1"", ""database_code_CSD"": ""JUVXAB"", ""database_code_depnum_ccdc_archive"": ""CCDC 968549"", ""chemical_formula_sum"": ""C51 H37 N5 O1 Zn1"", ""chemical_formula_moiety"": """", ""journal_volume"": ""46"", ""journal_year"": ""2016"", ""journal_page_first"": ""589"", ""journal_name_full"": ""Synth.React.Inorg.,Met.-Org.,Nano-Met.Chem. "", ""publ_author_name"": [""J.A.Obaleye"", ""A.C.Tella"", ""G.K.Obiyenwa"", ""N.Simon"", ""M.D.Olawale""]}",10.5059/yukigoseikyokaishi.74.374,,,-4090.172172800459,-4090.112658103744,-4090.044842438342,"Synth.React.Inorg.,Met.-Org.,Nano-Met.Chem. "
163,JUZSUS,,/home/shachar/repos/PorCrystalStructures/data/xyz/crystal/JUZSUS_0.xyz,/home/shachar/repos/PorCrystalStructures/data/ccdc_data/cif/porphyrins/JUZSUS.cif,C12=Cc3c(c(c4C=C5C(=C(C6=[N]5[Rh]5([N]2=C(C(=C1CC)CC)C=c1c(c(CC)c(=C6)n51)CC)(C(=O)OCC)n34)CC)CC)CC)CC,"{""audit_creation_date"": ""1994-02-02"", ""audit_creation_method"": ""CSD-ConQuest-V1"", ""database_code_CSD"": ""JUZSUS"", ""database_code_depnum_ccdc_archive"": null, ""chemical_formula_sum"": ""C39 H49 N4 O2 Rh1"", ""chemical_formula_moiety"": """", ""journal_volume"": ""12"", ""journal_year"": ""1993"", ""journal_page_first"": ""1161"", ""journal_name_full"": ""Organometallics "", ""publ_author_name"": [""R.G.Miller"", ""J.A.Kyle"", ""G.W.Coates"", ""D.J.Anderson"", ""P.E.Fanwick""]}",10.1021/om00028a033,,,-1992.897553040227,-1992.823755716397,-1992.749940892113,Organometallics 
164,KACVOB,,/home/shachar/repos/PorCrystalStructures/data/xyz/crystal/KACVOB_0.xyz,/home/shachar/repos/PorCrystalStructures/data/ccdc_data/cif/porphyrins/KACVOB.cif,[N]12=C3C(=c4ccc5=C(C6=[N]7C(=C(c8ccc(C(=C1C=C3)c1ccc(C)cc1)n8[Cu@]27n45)c1ccc(cc1)C)C=C6C1=NN(C(=O)N(C)[N]1)C)c1ccc(C)cc1)c1ccc(C)cc1,"{""audit_creation_date"": ""2011-02-21"", ""audit_creation_method"": ""CSD-ConQuest-V1"", ""database_code_CSD"": ""KACVOB"", ""database_code_depnum_ccdc_archive"": ""CCDC 664502"", ""chemical_formula_sum"": ""C52 H41 Cu1 N8 O1"", ""chemical_formula_moiety"": """", ""journal_volume"": ""49"", ""journal_year"": ""2010"", ""journal_page_first"": ""3516"", ""journal_name_full"": ""Inorg.Chem. "", ""publ_author_name"": [""P.K.Poddutoori"", ""M.Pilkington"", ""A.Alberola"", ""V.Polo"", ""J.E.Warren"", ""A.van der Est""]}",10.1021/ic1000649,,,-4155.851940726619,-4155.851981242982,,Inorg.Chem. 
165,KAXZOB,,/home/shachar/repos/PorCrystalStructures/data/xyz/crystal/KAXZOB_0.xyz,/home/shachar/repos/PorCrystalStructures/data/ccdc_data/cif/porphyrins/KAXZOB.cif,O=C1c2c3c4c(cc2)c2c(C#CC5=C6C=CC7=[N]6[Ni]68([N]9=C(C=CC9=C(c9ccc5n89)c5c(cc(C)cc5C)C)C=c5ccc(=C7c7c(cc(cc7C)C)C)n65)(N5[CH]C=CC=C5)N5[CH]C=CC=C5)cc5C(=O)N(C(=O)c6c5c2c(cc6)c4ccc3C(=O)N1C(CC)CC)C(CC)CC,"{""audit_creation_date"": ""2017-07-25"", ""audit_creation_method"": ""CSD-ConQuest-V1"", ""database_code_CSD"": ""KAXZOB"", ""database_code_depnum_ccdc_archive"": ""CCDC 1531300"", ""chemical_formula_sum"": ""C84 H70 N8 Ni1 O4"", ""chemical_formula_moiety"": """", ""journal_volume"": ""5"", ""journal_year"": ""2017"", ""journal_page_first"": ""15529"", ""journal_name_full"": ""J.Mater.Chem.A "", ""publ_author_name"": [""R.Mishra"", ""R.Regar"", ""Rahul Singhal"", ""Piyush Panini"", ""G.D.Sharma"", ""J.Sankar""]}",10.1039/c7ta05338j,,,,,,J.Mater.Chem.A 
166,KECJUA,,/home/shachar/repos/PorCrystalStructures/data/xyz/crystal/KECJUA_0.xyz,/home/shachar/repos/PorCrystalStructures/data/ccdc_data/cif/porphyrins/KECJUA.cif,[Ni@]123n4c5=C(c6c(F)c(F)c(F)c(c6F)F)C6=[N]3C(=C(c3c(F)c(F)c(c(F)c3F)F)c3n2c(cc3)C(=C2[N]1=C(C=C2)C(=c4cc5)O)c1c(F)c(F)c(F)c(c1F)F)C=C6,"{""audit_creation_date"": ""2017-07-26"", ""audit_creation_method"": ""CSD-ConQuest-V1"", ""database_code_CSD"": ""KECJUA"", ""database_code_depnum_ccdc_archive"": ""CCDC 1531865"", ""chemical_formula_sum"": ""C38 H9 F15 N4 Ni1 O1"", ""chemical_formula_moiety"": """", ""journal_volume"": ""23"", ""journal_year"": ""2017"", ""journal_page_first"": ""7217"", ""journal_name_full"": ""Chem.-Eur.J. "", ""publ_author_name"": [""C.Stahler"", ""D.Shimizu"", ""K.Yoshida"", ""Ko Furukawa"", ""R.Herges"", ""A.Osuka""]}",10.1002/chem.201700692,,,,,,Chem.-Eur.J. 
167,KEDGEG,,/home/shachar/repos/PorCrystalStructures/data/xyz/crystal/KEDGEG_0.xyz,/home/shachar/repos/PorCrystalStructures/data/ccdc_data/cif/porphyrins/KEDGEG.cif,c1c(C2=C3C=CC4=[N]3[Rh]35(C(=O)c6ccc(cc6)F)n6c(=C4c4ccc(C)cc4)ccc6=C(c4ccc(cc4)C)C4=[N]3C(=C(c3ccc(cc3)C)c3n5c2cc3)C=C4)ccc(C)c1,"{""audit_creation_date"": ""2006-05-04"", ""audit_creation_method"": ""CSD-ConQuest-V1"", ""database_code_CSD"": ""KEDGEG"", ""database_code_depnum_ccdc_archive"": ""CCDC 297633"", ""chemical_formula_sum"": ""C56 H42 Cl2 F1 N4 O1 Rh1"", ""chemical_formula_moiety"": """", ""journal_volume"": ""25"", ""journal_year"": ""2006"", ""journal_page_first"": ""260"", ""journal_name_full"": ""Organometallics "", ""publ_author_name"": [""Kin Shing Chan"", ""Cheuk Man Lau""]}",10.1021/om0604472,,,,,,Organometallics 
168,KEFFOQ,,/home/shachar/repos/PorCrystalStructures/data/xyz/crystal/KEFFOQ_0.xyz,/home/shachar/repos/PorCrystalStructures/data/ccdc_data/cif/porphyrins/KEFFOQ.cif,[Fe]123([N]4=C5C=CC4=C(c4ccc(C(=C6C=CC(=[N]26)C(=c2ccc(=C5C(C(F)(F)C(F)(F)F)(F)F)n12)C(C(C(F)(F)F)(F)F)(F)F)C(C(C(F)(F)F)(F)F)(F)F)n34)C(C(C(F)(F)F)(F)F)(F)F)(N1[CH]C=CC=C1)N1[CH]C=CC=C1,"{""audit_creation_date"": ""2000-06-26"", ""audit_creation_method"": ""CSD-ConQuest-V1"", ""database_code_CSD"": ""KEFFOQ"", ""database_code_depnum_ccdc_archive"": null, ""chemical_formula_sum"": ""C42 H18 F28 Fe1 N6"", ""chemical_formula_moiety"": """", ""journal_volume"": ""121"", ""journal_year"": ""1999"", ""journal_page_first"": ""5196"", ""journal_name_full"": ""J.Am.Chem.Soc. "", ""publ_author_name"": [""K.T.Moore"", ""J.T.Fletcher"", ""M.J.Therien""]}",10.1021/ja9816741,,,,,,J.Am.Chem.Soc. 
169,KIZSOC,,/home/shachar/repos/PorCrystalStructures/data/xyz/crystal/KIZSOC_0.xyz,/home/shachar/repos/PorCrystalStructures/data/ccdc_data/cif/porphyrins/KIZSOC.cif,c1c(c2ccccc2)ccc([C]([Ru]234[N]5=C6C=CC5=C(c5ccc(C(=C7C=CC(=[N]37)C(=c3ccc(=C6c6ccccc6)n23)c2ccccc2)c2ccccc2)n45)c2ccccc2)c2ccc(c3ccccc3)cc2)c1,"{""audit_creation_date"": ""2008-09-12"", ""audit_creation_method"": ""CSD-ConQuest-V1"", ""database_code_CSD"": ""KIZSOC"", ""database_code_depnum_ccdc_archive"": ""CCDC 655422"", ""chemical_formula_sum"": ""C69 H46 N4 Ru1"", ""chemical_formula_moiety"": """", ""journal_volume"": ""12"", ""journal_year"": ""2008"", ""journal_page_first"": ""35"", ""journal_name_full"": ""J.Porphyrins Phthalocyanines "", ""publ_author_name"": [""S.Wada"", ""M.Shimomura"", ""T.Kikuchi"", ""H.Yuge"", ""T.K.Miyamoto""]}",10.1142/s1088424608000066,,,-2966.155116978302,-2966.103676774154,-2966.035356444409,J.Porphyrins Phthalocyanines 
170,KOGQUT,,/home/shachar/repos/PorCrystalStructures/data/xyz/crystal/KOGQUT_0.xyz,/home/shachar/repos/PorCrystalStructures/data/ccdc_data/cif/porphyrins/KOGQUT.cif,s1cc(cc1C1=C2[N]3=C(C(=c4n5[Zn@]63[N]3=C(C(=c5cc4)c4scc(Br)c4)C=CC3=C(c3n6c1cc3)c1scc(Br)c1)c1scc(Br)c1)C=C2)Br,"{""audit_creation_date"": ""2009-02-26"", ""audit_creation_method"": ""CSD-ConQuest-V1"", ""database_code_CSD"": ""KOGQUT"", ""database_code_depnum_ccdc_archive"": ""CCDC 628481"", ""chemical_formula_sum"": ""C36 H16 Br4 N4 S4 Zn1"", ""chemical_formula_moiety"": """", ""journal_volume"": ""11"", ""journal_year"": ""2008"", ""journal_page_first"": ""1019"", ""journal_name_full"": ""Inorg.Chem.Commun. "", ""publ_author_name"": [""M.Ghazzali"", ""L.Ohrstrom"", ""M.A.M.Abu-Youssef"", ""K.Larsson"", ""O.Hansson"", ""A.Amer"", ""T.Tamm"", ""L.Ohrstrom""]}",10.1039/b713463k,,,-15264.806058986402,-15264.739301260443,-15264.675398352458,Inorg.Chem.Commun. 
172,KOXRUM,,/home/shachar/repos/PorCrystalStructures/data/xyz/crystal/KOXRUM_0.xyz,/home/shachar/repos/PorCrystalStructures/data/ccdc_data/cif/porphyrins/KOXRUM.cif,c1(ccccc1)C1=C(c2ccccc2)C2=[N]3[Ni@@]45n6c(=C2c2ccccc2)ccc6=C(C2=[N]4C(=C(c4n5c(cc4)C(=C13)c1ccccc1)c1ccccc1)C(=C2)c1ccccc1)c1ccccc1,"{""audit_creation_date"": ""2014-11-30"", ""audit_creation_method"": ""CSD-ConQuest-V1"", ""database_code_CSD"": ""KOXRUM"", ""database_code_depnum_ccdc_archive"": ""CCDC 1015207"", ""chemical_formula_sum"": ""C62 H40 N4 Ni1"", ""chemical_formula_moiety"": """", ""journal_volume"": ""87"", ""journal_year"": ""2015"", ""journal_page_first"": ""170"", ""journal_name_full"": ""Polyhedron "", ""publ_author_name"": [""V.Velkannan"", ""P.Bhyrappa""]}",10.1016/j.poly.2014.10.033,,,-4109.473326867093,-4109.448247645932,-4109.383969278068,Polyhedron 
173,KOXSAT,,/home/shachar/repos/PorCrystalStructures/data/xyz/crystal/KOXSAT_0.xyz,/home/shachar/repos/PorCrystalStructures/data/ccdc_data/cif/porphyrins/KOXSAT.cif,Cc1c2=C(C3=[N]4C(=C(c5c(c(c6ccccc6)c6n5[Ni@@]54n2c(=C(C2=[N]5C(=C6c4ccccc4)C(=C2C)C)c2ccccc2)c1c1ccccc1)c1ccccc1)c1ccccc1)C(=C3C)C)c1ccccc1,"{""audit_creation_date"": ""2014-11-30"", ""audit_creation_method"": ""CSD-ConQuest-V1"", ""database_code_CSD"": ""KOXSAT"", ""database_code_depnum_ccdc_archive"": ""CCDC 1015208"", ""chemical_formula_sum"": ""C141 H108 N8 Ni2"", ""chemical_formula_moiety"": """", ""journal_volume"": ""87"", ""journal_year"": ""2015"", ""journal_page_first"": ""170"", ""journal_name_full"": ""Polyhedron "", ""publ_author_name"": [""V.Velkannan"", ""P.Bhyrappa""]}",10.1016/j.poly.2014.10.033,,,-4305.681147647867,-4305.656036886773,-4305.59442109841,Polyhedron 
174,KUDLEB,,/home/shachar/repos/PorCrystalStructures/data/xyz/crystal/KUDLEB_0.xyz,/home/shachar/repos/PorCrystalStructures/data/ccdc_data/cif/porphyrins/KUDLEB.cif,C(F)(F)(F)c1cc([N][Ru]234([N]5=C6C(=c7ccc(=C(C8=[N]3C(=C(c3ccc(C(=C5C=C6)c5ccccc5)n23)c2ccccc2)C=C8)c2ccccc2)n47)c2ccccc2)[N]c2cc(cc(c2)C(F)(F)F)C(F)(F)F)cc(C(F)(F)F)c1,"{""audit_creation_date"": ""2010-04-08"", ""audit_creation_method"": ""CSD-ConQuest-V1"", ""database_code_CSD"": ""KUDLEB"", ""database_code_depnum_ccdc_archive"": ""CCDC 720709"", ""chemical_formula_sum"": ""C60 H34 F12 N6 Ru1"", ""chemical_formula_moiety"": """", ""journal_volume"": null, ""journal_year"": ""2009"", ""journal_page_first"": ""3952"", ""journal_name_full"": ""Chem.Commun. "", ""publ_author_name"": [""S.Fantauzzi"", ""E.Gallo"", ""A.Caselli"", ""F.Rgaini"", ""N.Casati"", ""P.Macchi"", ""S.Cenini""]}",10.1039/b903238j,,,-3923.599187762255,-3923.5667472317,-3923.521967613941,Chem.Commun. 
175,LARKEV,,/home/shachar/repos/PorCrystalStructures/data/xyz/crystal/LARKEV_0.xyz,/home/shachar/repos/PorCrystalStructures/data/ccdc_data/cif/porphyrins/LARKEV.cif,[Co]123(/C=C/Cl)n4c5ccc4C(=C4C=CC(=[N]14)C(=c1ccc(=C(C4=[N]3C(=C5c3ccccc3)C=C4)c3ccccc3)n21)c1ccccc1)c1ccccc1,"{""audit_creation_date"": ""2005-12-01"", ""audit_creation_method"": ""CSD-ConQuest-V1"", ""database_code_CSD"": ""LARKEV"", ""database_code_depnum_ccdc_archive"": ""CCDC 280830"", ""chemical_formula_sum"": ""C46 H30 Cl1 Co1 N4"", ""chemical_formula_moiety"": """", ""journal_volume"": ""44"", ""journal_year"": ""2005"", ""journal_page_first"": ""4852"", ""journal_name_full"": ""Inorg.Chem. "", ""publ_author_name"": [""J.M.Fritsch"", ""K.McNeill""]}",10.1021/ic0504339,,,-3829.308786314708,-3829.262638679892,-3829.19238875069,Inorg.Chem. 
176,LAXBER,,/home/shachar/repos/PorCrystalStructures/data/xyz/crystal/LAXBER_0.xyz,/home/shachar/repos/PorCrystalStructures/data/ccdc_data/cif/porphyrins/LAXBER.cif,C12=[N]3[Rh]45(C(=O)Nc6c(cccc6C)C)n6c(=C2)c(CC)c(c6=CC2=[N]5C(=Cc5c(c(c(n45)C=C3C(=C1CC)CC)CC)CC)C(=C2CC)CC)CC,"{""audit_creation_date"": ""1994-04-11"", ""audit_creation_method"": ""CSD-ConQuest-V1"", ""database_code_CSD"": ""LAXBER"", ""database_code_depnum_ccdc_archive"": null, ""chemical_formula_sum"": ""C45 H54 N5 O1 Rh1"", ""chemical_formula_moiety"": """", ""journal_volume"": ""12"", ""journal_year"": ""1993"", ""journal_page_first"": ""3410"", ""journal_name_full"": ""Organometallics "", ""publ_author_name"": [""G.Poszmik"", ""P.J.Carroll"", ""B.B.Wayland""]}",10.1021/om00033a010,,,-2203.6916875987,-2203.61731408005,-2203.543778698376,Organometallics 
177,LAXCES,,/home/shachar/repos/PorCrystalStructures/data/xyz/crystal/LAXCES_0.xyz,/home/shachar/repos/PorCrystalStructures/data/ccdc_data/cif/porphyrins/LAXCES.cif,[Sc]123(n4c5=CC6=[N]3C(=Cc3c(c(c(C=C7C(=C(C(=[N]17)C=c4c(c5CC)CC)CC)CC)n23)CC)CC)C(=C6CC)CC)C,"{""audit_creation_date"": ""1994-04-11"", ""audit_creation_method"": ""CSD-ConQuest-V1"", ""database_code_CSD"": ""LAXCES"", ""database_code_depnum_ccdc_archive"": null, ""chemical_formula_sum"": ""C38.5 H50 Cl3 N4 Sc1"", ""chemical_formula_moiety"": """", ""journal_volume"": ""12"", ""journal_year"": ""1993"", ""journal_page_first"": ""3645"", ""journal_name_full"": ""Organometallics "", ""publ_author_name"": [""J.Arnold"", ""C.G.Hoffman"", ""D.Y.Dawson"", ""F.J.Hollander""]}",10.1021/om00033a042,,,-2415.244216909052,-2415.176032218179,-2415.110919278092,Organometallics 
178,LAXCOC,,/home/shachar/repos/PorCrystalStructures/data/xyz/crystal/LAXCOC_0.xyz,/home/shachar/repos/PorCrystalStructures/data/ccdc_data/cif/porphyrins/LAXCOC.cif,[Sc]123([C@@H]4C=Cc5ccccc45)[N]4=C5C=c6c(c(c(=CC7=[N]2C(=Cc2n1c(C=C4C(=C5CC)CC)c(CC)c2CC)C(=C7CC)CC)n36)CC)CC,"{""audit_creation_date"": ""1994-04-11"", ""audit_creation_method"": ""CSD-ConQuest-V1"", ""database_code_CSD"": ""LAXCOC"", ""database_code_depnum_ccdc_archive"": null, ""chemical_formula_sum"": ""C45 H51 N4 Sc1"", ""chemical_formula_moiety"": """", ""journal_volume"": ""12"", ""journal_year"": ""1993"", ""journal_page_first"": ""3645"", ""journal_name_full"": ""Organometallics "", ""publ_author_name"": [""J.Arnold"", ""C.G.Hoffman"", ""D.Y.Dawson"", ""F.J.Hollander""]}",10.1021/om00033a042,,,-2722.014404359264,-2721.946138441434,-2721.878912809046,Organometallics 
179,LAXDAP,,/home/shachar/repos/PorCrystalStructures/data/xyz/crystal/LAXDAP_0.xyz,/home/shachar/repos/PorCrystalStructures/data/ccdc_data/cif/porphyrins/LAXDAP.cif,[Zr]123([N]4=C5C=c6c(c(c(=CC7=[N]2C(=Cc2c(c(c(C=C4C(=C5CC)CC)n32)CC)CC)C(=C7CC)CC)n16)CC)CC)(Cl)Cl,"{""audit_creation_date"": ""1994-04-10"", ""audit_creation_method"": ""CSD-ConQuest-V1"", ""database_code_CSD"": ""LAXDAP"", ""database_code_depnum_ccdc_archive"": ""CCDC 1204125"", ""chemical_formula_sum"": ""C39.5 H48 Cl2 N4 Zr1"", ""chemical_formula_moiety"": """", ""journal_volume"": ""12"", ""journal_year"": ""1993"", ""journal_page_first"": ""3655"", ""journal_name_full"": ""Organometallics "", ""publ_author_name"": [""H.Brand"", ""J.Arnold""]}",10.1021/om00033a043,,,-2582.209695048826,-2582.142797285193,-2582.069440703892,Organometallics 
180,LAXDIX,,/home/shachar/repos/PorCrystalStructures/data/xyz/crystal/LAXDIX_0.xyz,/home/shachar/repos/PorCrystalStructures/data/ccdc_data/cif/porphyrins/LAXDIX.cif,[Zr]123(C)(C)n4c5=CC6=[N]3C(=Cc3n2c(C=C2C(=C(C(=[N]12)C=c4c(c5CC)CC)CC)CC)c(c3CC)CC)C(=C6CC)CC,"{""audit_creation_date"": ""1994-04-11"", ""audit_creation_method"": ""CSD-ConQuest-V1"", ""database_code_CSD"": ""LAXDIX"", ""database_code_depnum_ccdc_archive"": null, ""chemical_formula_sum"": ""C39 H52 Cl2 N4 Zr1"", ""chemical_formula_moiety"": """", ""journal_volume"": ""12"", ""journal_year"": ""1993"", ""journal_page_first"": ""3655"", ""journal_name_full"": ""Organometallics "", ""publ_author_name"": [""H.Brand"", ""J.Arnold""]}",10.1021/om00033a043,,,-1741.572970190439,-1741.505738327412,-1741.434321950722,Organometallics 
181,LEFWOJ,,/home/shachar/repos/PorCrystalStructures/data/xyz/crystal/LEFWOJ_0.xyz,/home/shachar/repos/PorCrystalStructures/data/ccdc_data/cif/porphyrins/LEFWOJ.cif,[Mn]123([N]4=C5C=CC4=C(c4n3c(C(=C3C=CC(=[N]23)C(=c2ccc(=C5c3ccccc3)n12)c1ccccc1)c1ccccc1)cc4)c1ccccc1)([N][O])N1C=CN([CH]1)C,"{""audit_creation_date"": ""2006-07-10"", ""audit_creation_method"": ""CSD-ConQuest-V1"", ""database_code_CSD"": ""LEFWOJ"", ""database_code_depnum_ccdc_archive"": ""CCDC 278504"", ""chemical_formula_sum"": ""C65.5 H54 Mn1 N7 O1"", ""chemical_formula_moiety"": """", ""journal_volume"": ""45"", ""journal_year"": ""2006"", ""journal_page_first"": ""2661"", ""journal_name_full"": ""Inorg.Chem. "", ""publ_author_name"": [""Z.N.Zahran"", ""M.J.Shaw"", ""M.A.Khan"", ""G.B.Richter-Addo""]}",10.1021/ic051190n,,,-3455.294687946112,-3455.269286901405,-3455.208447012268,Inorg.Chem. 
182,LEHSOI,,/home/shachar/repos/PorCrystalStructures/data/xyz/crystal/LEHSOI_0.xyz,/home/shachar/repos/PorCrystalStructures/data/ccdc_data/cif/porphyrins/LEHSOI.cif,[Co]123([N]4=C5C=CC4=C(c4ccc(C(=C6C=CC(=[N]26)C(=c2ccc(=C5c5ccccc5)n12)c1ccccc1)c1ccccc1)n34)c1ccccc1)(N1[CH]C=CC=C1)Cl,"{""audit_creation_date"": ""2012-09-04"", ""audit_creation_method"": ""CSD-ConQuest-V1"", ""database_code_CSD"": ""LEHSOI"", ""database_code_depnum_ccdc_archive"": ""CCDC 896576"", ""chemical_formula_sum"": ""C49.5 H33.5 Cl2.5 Co1 N5"", ""chemical_formula_moiety"": """", ""journal_volume"": ""68"", ""journal_year"": ""2012"", ""journal_page_first"": ""m1104"", ""journal_name_full"": ""Acta Crystallogr.,Sect.E:Struct.Rep.Online "", ""publ_author_name"": [""Y.Belghith"", ""J.-C.Daran"", ""H.Nasri""]}",10.1107/s1600536812032564,,,-4000.020176165687,-3999.981581737746,-3999.922871619166,"Acta Crystallogr.,Sect.E:Struct.Rep.Online "
183,LEZLAD,,/home/shachar/repos/PorCrystalStructures/data/xyz/crystal/LEZLAD_0.xyz,/home/shachar/repos/PorCrystalStructures/data/ccdc_data/cif/porphyrins/LEZLAD.cif,c1(ccc(cc1)C)C1=c2ccc3=C(C4=[N]5[Rh]6(C(c7ccccc7)(C)C)([N]7=C1C=CC7=C(c1ccc(cc1)C)c1n6c(C(=C5C=C4)c4ccc(cc4)C)cc1)n23)c1ccc(cc1)C,"{""audit_creation_date"": ""2000-04-27"", ""audit_creation_method"": ""CSD-ConQuest-V1"", ""database_code_CSD"": ""LEZLAD"", ""database_code_depnum_ccdc_archive"": ""CCDC 111997"", ""chemical_formula_sum"": ""C56.5 H45.5 Cl1.5 N4 Rh1"", ""chemical_formula_moiety"": """", ""journal_volume"": null, ""journal_year"": ""1999"", ""journal_page_first"": ""3333"", ""journal_name_full"": ""J.Chem.Soc.,Dalton Trans. "", ""publ_author_name"": [""Kin Wah Mak"", ""Feng Xue"", ""T.C.W.Mak"", ""Kin Shing Chan""]}",10.1039/a904737i,,,-2525.971411732329,-2525.900347474244,-2525.828092323688,"J.Chem.Soc.,Dalton Trans. "
184,LIBCEE,,/home/shachar/repos/PorCrystalStructures/data/xyz/crystal/LIBCEE_0.xyz,/home/shachar/repos/PorCrystalStructures/data/ccdc_data/cif/porphyrins/LIBCEE.cif,C(C)C1=C(CC)C2=Cc3c(c(c4C=C5C(=C(C6=[N]5[Co]5(n7c(=C6)c(c(c7=CC1=[N]25)CC)CC)(C)(n34)N1[CH]C=CC=C1)CC)CC)CC)CC,"{""audit_creation_date"": ""1995-03-06"", ""audit_creation_method"": ""CSD-ConQuest-V1"", ""database_code_CSD"": ""LIBCEE"", ""database_code_depnum_ccdc_archive"": ""CCDC 1206574"", ""chemical_formula_sum"": ""C42 H52 Co1 N5"", ""chemical_formula_moiety"": """", ""journal_volume"": ""116"", ""journal_year"": ""1994"", ""journal_page_first"": ""7189"", ""journal_name_full"": ""J.Am.Chem.Soc. "", ""publ_author_name"": [""J.S.Summers"", ""J.L.Petersen"", ""A.M.Stolzenberg""]}",10.1021/ja00095a022,,,-3285.09877889679,-3285.026631543894,-3284.991256074876,J.Am.Chem.Soc. 
185,LIRFOJ,,/home/shachar/repos/PorCrystalStructures/data/xyz/crystal/LIRFOJ_0.xyz,/home/shachar/repos/PorCrystalStructures/data/ccdc_data/cif/porphyrins/LIRFOJ.cif,C12=C(c3ccc4C(=C5C=CC6=[N]5[Ni@@]5([N]2=C(C=C1)C(=c1ccc(=C6c2cc(cc(c2)C(C)(C)C)C(C)(C)C)n51)c1cc(cc(c1)C(C)(C)C)C(C)(C)C)n34)c1cc(cc(c1)C(C)(C)C)C(C)(C)C)N1c2c(cccc2)Oc2c1cccc2,"{""audit_creation_date"": ""2013-10-16"", ""audit_creation_method"": ""CSD-ConQuest-V1"", ""database_code_CSD"": ""LIRFOJ"", ""database_code_depnum_ccdc_archive"": ""CCDC 941016"", ""chemical_formula_sum"": ""C78 H87 Cl4 N5 Ni1 O1"", ""chemical_formula_moiety"": """", ""journal_volume"": ""52"", ""journal_year"": ""2013"", ""journal_page_first"": ""9728"", ""journal_name_full"": ""Angew.Chem.,Int.Ed. "", ""publ_author_name"": [""N.Fukui"", ""W.-Y.Cha"", ""S.Lee"", ""S.Tokuji"", ""D.Kim"", ""H.Yorimitsu"", ""A.Osuka""]}",10.1002/anie.201304794,,,-4719.286587906908,-4719.267032509588,-4719.199696919894,"Angew.Chem.,Int.Ed. "
186,LIYDEC,,/home/shachar/repos/PorCrystalStructures/data/xyz/crystal/LIYDEC_0.xyz,/home/shachar/repos/PorCrystalStructures/data/ccdc_data/cif/porphyrins/LIYDEC.cif,CCc1c2C(=C3C(=C(CC)C4=[N]3[Zn]35(N6[CH]NC=C6)[N]6=C(C(=C(C6=C(N(=O)=O)c(c1CC)n25)CC)CC)C(=c1c(CC)c(CC)c(=C4N(=O)=O)n31)N(=O)=O)CC)N(=O)=O,"{""audit_creation_date"": ""2000-08-04"", ""audit_creation_method"": ""CSD-ConQuest-V1"", ""database_code_CSD"": ""LIYDEC"", ""database_code_depnum_ccdc_archive"": ""CCDC 100506"", ""chemical_formula_sum"": ""C39 H44 N10 O8 Zn1"", ""chemical_formula_moiety"": """", ""journal_volume"": ""2"", ""journal_year"": ""1998"", ""journal_page_first"": ""107"", ""journal_name_full"": ""J.Porphyrins Phthalocyanines "", ""publ_author_name"": [""M.O.Senge""]}",10.1002/(sici)1099-1409(199803/04)2:2<107::aid-jpp57>3.3.co;2-k,,,-4437.399055280047,-4437.335548695753,-4437.273114045272,J.Porphyrins Phthalocyanines 
187,LIYDOM,,/home/shachar/repos/PorCrystalStructures/data/xyz/crystal/LIYDOM_0.xyz,/home/shachar/repos/PorCrystalStructures/data/ccdc_data/cif/porphyrins/LIYDOM.cif,[Zn]123(N4C=CN[C]4C)n4c5=C(C6=[N]3C(=C(c3c(c(c(C(=C7C(=C(C(=[N]17)C(=c4c(c5CC)CC)N(=O)=O)CC)CC)N(=O)=O)n23)CC)CC)N(=O)=O)C(=C6CC)CC)N(=O)=O,"{""audit_creation_date"": ""2000-08-04"", ""audit_creation_method"": ""CSD-ConQuest-V1"", ""database_code_CSD"": ""LIYDOM"", ""database_code_depnum_ccdc_archive"": ""CCDC 115464 100506"", ""chemical_formula_sum"": ""C40 H46 N10 O8 Zn1"", ""chemical_formula_moiety"": """", ""journal_volume"": ""2"", ""journal_year"": ""1998"", ""journal_page_first"": ""107"", ""journal_name_full"": ""J.Porphyrins Phthalocyanines "", ""publ_author_name"": [""M.O.Senge""]}",10.1002/(sici)1099-1409(199803/04)2:2<107::aid-jpp57>3.3.co;2-k,,,-4476.652851521375,-4476.590656111879,-4476.528669460555,J.Porphyrins Phthalocyanines 
188,LIYDUS,,/home/shachar/repos/PorCrystalStructures/data/xyz/crystal/LIYDUS_0.xyz,/home/shachar/repos/PorCrystalStructures/data/ccdc_data/cif/porphyrins/LIYDUS.cif,[Zn]123(N4C(=CN[CH]4)C)[N]4=C5C(=c6c(CC)c(c(=C(C7=[N]1C(=C(N(=O)=O)c1c(CC)c(CC)c(C(=C4C(=C5CC)CC)N(=O)=O)n31)C(=C7CC)CC)N(=O)=O)n26)CC)N(=O)=O,"{""audit_creation_date"": ""2000-08-04"", ""audit_creation_method"": ""CSD-ConQuest-V1"", ""database_code_CSD"": ""LIYDUS"", ""database_code_depnum_ccdc_archive"": ""CCDC 115465 100506"", ""chemical_formula_sum"": ""C42 H54 N10 O10 Zn1"", ""chemical_formula_moiety"": """", ""journal_volume"": ""2"", ""journal_year"": ""1998"", ""journal_page_first"": ""107"", ""journal_name_full"": ""J.Porphyrins Phthalocyanines "", ""publ_author_name"": [""M.O.Senge""]}",10.1002/(sici)1099-1409(199803/04)2:2<107::aid-jpp57>3.3.co;2-k,,,-4476.653732254373,-4476.591800833962,-4476.531193470356,J.Porphyrins Phthalocyanines 
189,LIYFAA,,/home/shachar/repos/PorCrystalStructures/data/xyz/crystal/LIYFAA_0.xyz,/home/shachar/repos/PorCrystalStructures/data/ccdc_data/cif/porphyrins/LIYFAA.cif,[Zn]123(N4[CH]C(=CC(=C4)C)C)[N]4=C5C(=C(CC)C4=C(c4c(c(c(C(=C6C(=C(C(=[N]26)C(=c2c(c(c(=C5N(=O)=O)n12)CC)CC)N(=O)=O)CC)CC)N(=O)=O)n34)CC)CC)N(=O)=O)CC,"{""audit_creation_date"": ""2000-08-04"", ""audit_creation_method"": ""CSD-ConQuest-V1"", ""database_code_CSD"": ""LIYFAA"", ""database_code_depnum_ccdc_archive"": ""CCDC 115466 100506"", ""chemical_formula_sum"": ""C43 H49 N9 O8 Zn1"", ""chemical_formula_moiety"": """", ""journal_volume"": ""2"", ""journal_year"": ""1998"", ""journal_page_first"": ""107"", ""journal_name_full"": ""J.Porphyrins Phthalocyanines "", ""publ_author_name"": [""M.O.Senge""]}",10.1002/(sici)1099-1409(199803/04)2:2<107::aid-jpp57>3.3.co;2-k,,,-4537.850080220158,-4537.78747451284,,J.Porphyrins Phthalocyanines 
190,LIYFOO,,/home/shachar/repos/PorCrystalStructures/data/xyz/crystal/LIYFOO_0.xyz,/home/shachar/repos/PorCrystalStructures/data/ccdc_data/cif/porphyrins/LIYFOO.cif,[Ni]123(n4c5c(CC)c(CC)c4C(=C4[N]1=C(C(=C4CC)CC)C(=c1c(c(c(=C(N(=O)=O)C4=[N]3C(=C5N(=O)=O)C(=C4CC)CC)n21)CC)CC)N(=O)=O)N(=O)=O)(N1[CH]C=CC=C1)N1[CH]C=CC=C1,"{""audit_creation_date"": ""2000-08-04"", ""audit_creation_method"": ""CSD-ConQuest-V1"", ""database_code_CSD"": ""LIYFOO"", ""database_code_depnum_ccdc_archive"": ""CCDC 115469 100506"", ""chemical_formula_sum"": ""C51 H55 N11 Ni1 O8"", ""chemical_formula_moiety"": """", ""journal_volume"": ""2"", ""journal_year"": ""1998"", ""journal_page_first"": ""107"", ""journal_name_full"": ""J.Porphyrins Phthalocyanines "", ""publ_author_name"": [""M.O.Senge""]}",10.1002/(sici)1099-1409(199803/04)2:2<107::aid-jpp57>3.3.co;2-k,,,-4436.189653843497,-4436.246474461023,-4436.184672082038,J.Porphyrins Phthalocyanines 
191,LODRAX,,/home/shachar/repos/PorCrystalStructures/data/xyz/crystal/LODRAX_0.xyz,/home/shachar/repos/PorCrystalStructures/data/ccdc_data/cif/porphyrins/LODRAX.cif,[Zn@]123n4c5=C(C6=[N]1C(=C(c1ccc(C(=C7C=CC(=[N]27)C(=c4cc5)c2ccccc2)Cc2cc(ccc2OC)OC)n31)c1ccccc1)C=C6)c1ccccc1,"{""audit_creation_date"": ""2000-08-29"", ""audit_creation_method"": ""CSD-ConQuest-V1"", ""database_code_CSD"": ""LODRAX"", ""database_code_depnum_ccdc_archive"": ""CCDC 119683"", ""chemical_formula_sum"": ""C47 H34 N4 O2 Zn1"", ""chemical_formula_moiety"": """", ""journal_volume"": ""70"", ""journal_year"": ""1999"", ""journal_page_first"": ""206"", ""journal_name_full"": ""Photochem.Photobiol. "", ""publ_author_name"": [""M.O.Senge"", ""M.Speck"", ""A.Wiehe"", ""H.Dieks"", ""S.Aguirre"", ""H.Kurreck""]}",10.1111/j.1751-1097.1999.tb07991.x,,,-3956.645321092472,-3956.582870715353,-3956.51466377256,Photochem.Photobiol. 
192,LODSAY,,/home/shachar/repos/PorCrystalStructures/data/xyz/crystal/LODSAY_0.xyz,/home/shachar/repos/PorCrystalStructures/data/ccdc_data/cif/porphyrins/LODSAY.cif,[CH]1C=CC=CN1[Zn]123[N]4=C5C=CC4=C(c4ccc(C(=C6[N]1=C(C=C6)C(=c1ccc(=C5c5cc(OC)c(cc5)OC)n31)c1ccccc1)c1ccccc1)n24)c1ccccc1,"{""audit_creation_date"": ""2000-08-29"", ""audit_creation_method"": ""CSD-ConQuest-V1"", ""database_code_CSD"": ""LODSAY"", ""database_code_depnum_ccdc_archive"": ""CCDC 119688"", ""chemical_formula_sum"": ""C51 H37 N5 O2 Zn1"", ""chemical_formula_moiety"": """", ""journal_volume"": ""70"", ""journal_year"": ""1999"", ""journal_page_first"": ""206"", ""journal_name_full"": ""Photochem.Photobiol. "", ""publ_author_name"": [""M.O.Senge"", ""M.Speck"", ""A.Wiehe"", ""H.Dieks"", ""S.Aguirre"", ""H.Kurreck""]}",10.1111/j.1751-1097.1999.tb07991.x,,,-4165.32022579945,-4165.261745242242,-4165.19302346224,Photochem.Photobiol. 
193,LODSEC,,/home/shachar/repos/PorCrystalStructures/data/xyz/crystal/LODSEC_0.xyz,/home/shachar/repos/PorCrystalStructures/data/ccdc_data/cif/porphyrins/LODSEC.cif,[Zn@@]123n4c5=C(C6=[N]3C(=C(c3ccc(C(=C7C=CC(=[N]17)C(=c4cc5)c1ccccc1)c1ccccc1)n23)c1cccc2c1c(c(c1ccccc21)OC)OC)C=C6)c1ccccc1,"{""audit_creation_date"": ""2000-08-29"", ""audit_creation_method"": ""CSD-ConQuest-V1"", ""database_code_CSD"": ""LODSEC"", ""database_code_depnum_ccdc_archive"": ""CCDC 119689"", ""chemical_formula_sum"": ""C55 H37 Cl3 N4 O2 Zn1"", ""chemical_formula_moiety"": """", ""journal_volume"": ""70"", ""journal_year"": ""1999"", ""journal_page_first"": ""206"", ""journal_name_full"": ""Photochem.Photobiol. "", ""publ_author_name"": [""M.O.Senge"", ""M.Speck"", ""A.Wiehe"", ""H.Dieks"", ""S.Aguirre"", ""H.Kurreck""]}",10.1111/j.1751-1097.1999.tb07991.x,,,-4224.13452425614,-4224.072152589159,-4224.003717305853,Photochem.Photobiol. 
194,LODSIG,,/home/shachar/repos/PorCrystalStructures/data/xyz/crystal/LODSIG_0.xyz,/home/shachar/repos/PorCrystalStructures/data/ccdc_data/cif/porphyrins/LODSIG.cif,[CH]1C=CC=CN1[Zn]123[N]4=C5C=CC4=C(c4ccc(C(=C6C=CC(=[N]26)C(=c2ccc(=C5Cc5cc(ccc5OC)OC)n12)c1ccccc1)c1ccccc1)n34)c1ccccc1,"{""audit_creation_date"": ""2000-08-29"", ""audit_creation_method"": ""CSD-ConQuest-V1"", ""database_code_CSD"": ""LODSIG"", ""database_code_depnum_ccdc_archive"": ""CCDC 119690"", ""chemical_formula_sum"": ""C52 H39 N5 O2 Zn1"", ""chemical_formula_moiety"": """", ""journal_volume"": ""70"", ""journal_year"": ""1999"", ""journal_page_first"": ""206"", ""journal_name_full"": ""Photochem.Photobiol. "", ""publ_author_name"": [""M.O.Senge"", ""M.Speck"", ""A.Wiehe"", ""H.Dieks"", ""S.Aguirre"", ""H.Kurreck""]}",10.1111/j.1751-1097.1999.tb07991.x,,,-4204.56431766367,-4204.506632422376,,Photochem.Photobiol. 
195,LOKNAC,,/home/shachar/repos/PorCrystalStructures/data/xyz/crystal/LOKNAC_0.xyz,/home/shachar/repos/PorCrystalStructures/data/ccdc_data/cif/porphyrins/LOKNAC.cif,n12[Ru]34([N]5=C6C(=c2ccc1=C(C1=[N]4C(=C(c2c(cc(cc2C)C)C)c2n3c(C(=C5C=C6)c3c(cc(C)cc3C)C)cc2)C=C1)c1c(C)cc(cc1C)C)c1c(cc(cc1C)C)C)([N]c1ccc(cc1)c1ccc(OC)cc1)[N]c1ccc(cc1)c1ccc(cc1)OC,"{""audit_creation_date"": ""2014-07-26"", ""audit_creation_method"": ""CSD-ConQuest-V1"", ""database_code_CSD"": ""LOKNAC"", ""database_code_depnum_ccdc_archive"": ""CCDC 795707"", ""chemical_formula_sum"": ""C86 H84 N6 O3 Ru1"", ""chemical_formula_moiety"": """", ""journal_volume"": ""20"", ""journal_year"": ""2014"", ""journal_page_first"": ""11035"", ""journal_name_full"": ""Chem.-Eur.J. "", ""publ_author_name"": [""S.-M.Law"", ""Daqing Chen"", ""Sharon Lai-Fung Chan"", ""Xiangguo Guan"", ""Wai-Man Tsui"", ""Jie-Sheng Huang"", ""Nianyong Zhu"", ""Chi-Ming Che""]}",10.1002/chem.201305084,,,-3737.250779181126,,,Chem.-Eur.J. 
196,LOPCAW,,/home/shachar/repos/PorCrystalStructures/data/xyz/crystal/LOPCAW_0.xyz,/home/shachar/repos/PorCrystalStructures/data/ccdc_data/cif/porphyrins/LOPCAW.cif,[Ni@@]123n4c5=C(c6ccc(C)cc6)C6=[N]1C(=C(N=[N]=[N])c1n2c(C(=C2C=CC(=[N]32)C(=c4cc5)c2ccccc2)c2ccc(C)cc2)cc1)C=C6,"{""audit_creation_date"": ""2014-07-30"", ""audit_creation_method"": ""CSD-ConQuest-V1"", ""database_code_CSD"": ""LOPCAW"", ""database_code_depnum_ccdc_archive"": ""CCDC 1016993"", ""chemical_formula_sum"": ""C40 H27 N7 Ni1"", ""chemical_formula_moiety"": """", ""journal_volume"": ""79"", ""journal_year"": ""2014"", ""journal_page_first"": ""6424"", ""journal_name_full"": ""J.Org.Chem. "", ""publ_author_name"": [""C.H.Devillers"", ""S.Hebie"", ""D.Lucas"", ""H.Cattey"", ""S.Clement"", ""S.Richeter""]}",10.1021/jo5005586,,,-3428.902171364978,-3428.879719300325,-3428.818945146988,J.Org.Chem. 
197,LOSGAB,,/home/shachar/repos/PorCrystalStructures/data/xyz/crystal/LOSGAB_0.xyz,/home/shachar/repos/PorCrystalStructures/data/ccdc_data/cif/porphyrins/LOSGAB.cif,[Rh]123(C)[N]4=C5C(=C(C4=C(c4c(c(c(C(=C6C(=C(C(=[N]26)C(=c2c(c(c(=C5c5c(c(c(c(c5F)F)F)F)F)n12)F)F)c1c(c(c(c(c1F)F)F)F)F)F)F)c1c(c(c(c(c1F)F)F)F)F)n34)F)F)c1c(c(F)c(c(c1F)F)F)F)F)F,"{""audit_creation_date"": ""2001-02-12"", ""audit_creation_method"": ""CSD-ConQuest-V1"", ""database_code_CSD"": ""LOSGAB"", ""database_code_depnum_ccdc_archive"": ""CCDC 150881"", ""chemical_formula_sum"": ""C62.5 H23 F28 N4 Rh1"", ""chemical_formula_moiety"": """", ""journal_volume"": ""122"", ""journal_year"": ""2000"", ""journal_page_first"": ""8569"", ""journal_name_full"": ""J.Am.Chem.Soc. "", ""publ_author_name"": [""A.P.Nelson"", ""S.G.DiMagno""]}",10.1021/ja001380r,,,,-4837.014968264748,,J.Am.Chem.Soc. 
198,LUZYEK,,/home/shachar/repos/PorCrystalStructures/data/xyz/crystal/LUZYEK_0.xyz,/home/shachar/repos/PorCrystalStructures/data/ccdc_data/cif/porphyrins/LUZYEK.cif,c12=C(C3=[N]4C(=C(c5ccc6C(=C7C=CC8=[N]7[Ni@@]4(n2c(=C8c2ccccc2)c(c1C#C[Si](C)(C)C)C#C[Si](C)(C)C)n56)c1ccccc1)c1ccccc1)C=C3)c1ccccc1,"{""audit_creation_date"": ""2003-07-08"", ""audit_creation_method"": ""CSD-ConQuest-V1"", ""database_code_CSD"": ""LUZYEK"", ""database_code_depnum_ccdc_archive"": ""CCDC 200684"", ""chemical_formula_sum"": ""C56.5 H47.2 Cl1.4 N4 Ni1 Si2"", ""chemical_formula_moiety"": """", ""journal_volume"": null, ""journal_year"": ""2003"", ""journal_page_first"": ""858"", ""journal_name_full"": ""Chem.Commun. "", ""publ_author_name"": [""M.Nath"", ""J.C.Huffman"", ""J.M.Zaleski""]}",10.1039/b212923j,,,-4386.315113625827,-4386.252631384805,-4386.230949645611,Chem.Commun. 
199,MAJMOD,,/home/shachar/repos/PorCrystalStructures/data/xyz/crystal/MAJMOD_0.xyz,/home/shachar/repos/PorCrystalStructures/data/ccdc_data/cif/porphyrins/MAJMOD.cif,C1=CC2=[N]3[Zn@@]45n6c(=C2CCCC)ccc6=C(C2=[N]4C(=C(c4cc([Si](C)(O[Si](C)(C)C)O[Si](C)(C)C)c(C(=C13)Br)n54)CCCC)C=C2)CC(=O)OCC,"{""audit_creation_date"": ""2020-12-08"", ""audit_creation_method"": ""CSD-ConQuest-V1"", ""database_code_CSD"": ""MAJMOD"", ""database_code_depnum_ccdc_archive"": ""CCDC 2035888"", ""chemical_formula_sum"": ""C39 H53 Br1 N4 O4 Si3 Zn1"", ""chemical_formula_moiety"": """", ""journal_volume"": ""18"", ""journal_year"": ""2020"", ""journal_page_first"": ""9791"", ""journal_name_full"": ""Org.Biomol.Chem. "", ""publ_author_name"": [""S.Hayashi"", ""R.Takamatsu"", ""S.Takeda"", ""M.Noji"", ""T.Takanami""]}",10.1039/d0ob02262d,,,-7256.491261569194,-7256.432999222799,-7256.363671326266,Org.Biomol.Chem. 
200,MAJVEA,,/home/shachar/repos/PorCrystalStructures/data/xyz/crystal/MAJVEA_0.xyz,/home/shachar/repos/PorCrystalStructures/data/ccdc_data/cif/porphyrins/MAJVEA.cif,C1=CC2=[N]3[Rh]45(Cc6ccc(cc6)F)n6c(=C2c2ccc(cc2)C)ccc6=C(C2=[N]4C(=C(c4n5c(C(=C13)c1ccc(cc1)C)cc4)c1ccc(cc1)C)C=C2)c1ccc(cc1)C,"{""audit_creation_date"": ""2011-08-04"", ""audit_creation_method"": ""CSD-ConQuest-V1"", ""database_code_CSD"": ""MAJVEA"", ""database_code_depnum_ccdc_archive"": ""CCDC 802560"", ""chemical_formula_sum"": ""C55 H42 F1 N4 Rh1"", ""chemical_formula_moiety"": """", ""journal_volume"": ""29"", ""journal_year"": ""2010"", ""journal_page_first"": ""624"", ""journal_name_full"": ""Organometallics "", ""publ_author_name"": [""Kwong Shing Choi"", ""Peng Fai Chiu"", ""Kin Shing Chan""]}",10.1021/om9009119,,,-2546.693157949433,-2546.623218140667,-2546.550153032281,Organometallics 
201,MAXGIE,,/home/shachar/repos/PorCrystalStructures/data/xyz/crystal/MAXGIE_0.xyz,/home/shachar/repos/PorCrystalStructures/data/ccdc_data/cif/porphyrins/MAXGIE.cif,c1cc(C2=C3[N]4=C(C=C3)C(=c3n5[Fe]64([C](Cl)Cl)[N]4=C(C(=c5cc3)c3ccccc3)C=CC4=C(c3ccccc3)c3n6c2cc3)c2ccccc2)ccc1,"{""audit_creation_date"": ""2017-04-27"", ""audit_creation_method"": ""CSD-ConQuest-V1"", ""database_code_CSD"": ""MAXGIE"", ""database_code_depnum_ccdc_archive"": ""CCDC 1546583"", ""chemical_formula_sum"": ""C45 H28 Cl2 Fe1 N4"", ""chemical_formula_moiety"": """", ""journal_volume"": ""139"", ""journal_year"": ""2017"", ""journal_page_first"": ""5023"", ""journal_name_full"": ""J.Am.Chem.Soc. "", ""publ_author_name"": [""Yulong Liu"", ""Wei Xu"", ""Jing Zhang"", ""W.Fuller"", ""C.E.Schulz"", ""Jianfeng Li""]}",10.1021/jacs.7b01722,,,-4131.082452003043,-4131.041089876631,-4130.97213892634,J.Am.Chem.Soc. 
202,MAXTUE,,/home/shachar/repos/PorCrystalStructures/data/xyz/crystal/MAXTUE_0.xyz,/home/shachar/repos/PorCrystalStructures/data/ccdc_data/cif/porphyrins/MAXTUE.cif,C(#C)C1=C2C=CC3=[N]2[Ni@@]24[N]5=C(C=CC5=C(c5ccccc5)c5n2c1cc5)C=c1ccc(=C3c2ccccc2)n41,"{""audit_creation_date"": ""2022-01-21"", ""audit_creation_method"": ""CSD-ConQuest-V1"", ""database_code_CSD"": ""MAXTUE"", ""database_code_depnum_ccdc_archive"": ""CCDC 2069452"", ""chemical_formula_sum"": ""C34 H20 N4 Ni1"", ""chemical_formula_moiety"": """", ""journal_volume"": ""17"", ""journal_year"": ""2021"", ""journal_page_first"": ""1149"", ""journal_name_full"": ""Beilstein J.Org.Chem. "", ""publ_author_name"": [""K.J.Flanagan"", ""Maximilian Paradiz Dominguez"", ""Z.Melissari"", ""H.-G.Eckhardt"", ""R.M.Williams"", ""D.Gibbons"", ""C.Prior"", ""G.M.Locke"", ""A.Meindl"", ""A.A.Ryan"", ""M.O.Senge""]}",10.3762/bjoc.17.88,,,,,,Beilstein J.Org.Chem. 
203,MAXVUG,,/home/shachar/repos/PorCrystalStructures/data/xyz/crystal/MAXVUG_0.xyz,/home/shachar/repos/PorCrystalStructures/data/ccdc_data/cif/porphyrins/MAXVUG.cif,C(CCCCC)C1=C2C=CC3=[N]2[Ni@]24n5c1ccc5C(=C1C=CC(=[N]41)C(=c1ccc(=C3Br)n21)CCCCCC)c1ccccc1,"{""audit_creation_date"": ""2022-01-21"", ""audit_creation_method"": ""CSD-ConQuest-V1"", ""database_code_CSD"": ""MAXVUG"", ""database_code_depnum_ccdc_archive"": ""CCDC 2069457"", ""chemical_formula_sum"": ""C38 H39 Br1 N4 Ni1"", ""chemical_formula_moiety"": """", ""journal_volume"": ""17"", ""journal_year"": ""2021"", ""journal_page_first"": ""1149"", ""journal_name_full"": ""Beilstein J.Org.Chem. "", ""publ_author_name"": [""K.J.Flanagan"", ""Maximilian Paradiz Dominguez"", ""Z.Melissari"", ""H.-G.Eckhardt"", ""R.M.Williams"", ""D.Gibbons"", ""C.Prior"", ""G.M.Locke"", ""A.Meindl"", ""A.A.Ryan"", ""M.O.Senge""]}",10.3762/bjoc.17.88,,,-5769.805757403088,-5769.788425685227,-5769.724293906484,Beilstein J.Org.Chem. 
204,MEKTOL,,/home/shachar/repos/PorCrystalStructures/data/xyz/crystal/MEKTOL_0.xyz,/home/shachar/repos/PorCrystalStructures/data/ccdc_data/cif/porphyrins/MEKTOL.cif,[Re]123(n4c5ccc4C(=C4[N]1=C(C(=c1ccc(=C(C6=[N]3C(=C5c3ccccc3)C=C6)c3ccccc3)n21)c1ccccc1)C=C4)c1ccccc1)([O])O[Re]([O])([O])[O],"{""audit_creation_date"": ""2000-10-25"", ""audit_creation_method"": ""CSD-ConQuest-V1"", ""database_code_CSD"": ""MEKTOL"", ""database_code_depnum_ccdc_archive"": ""CCDC 137681"", ""chemical_formula_sum"": ""C45 H29 Cl3 N4 O5 Re2"", ""chemical_formula_moiety"": """", ""journal_volume"": ""626"", ""journal_year"": ""2000"", ""journal_page_first"": ""985"", ""journal_name_full"": ""Z.Anorg.Allg.Chem. "", ""publ_author_name"": [""M.Goldner"", ""L.Galich"", ""U.Cornelissen"", ""H.Homborg""]}",10.1002/1521-3749(200011)626:11<>1.0.co;2-w,,,-2442.214785742969,-2442.163759890203,-2442.108320995084,Z.Anorg.Allg.Chem. 
205,MERPOP,,/home/shachar/repos/PorCrystalStructures/data/xyz/crystal/MERPOP_0.xyz,/home/shachar/repos/PorCrystalStructures/data/ccdc_data/cif/porphyrins/MERPOP.cif,[Rh]123(C#N)(n4c5=C(C6=[N]3C(=C(c3ccc(C(=C7C=CC(=[N]17)C(=c4cc5)c1c(cc(cc1C)C)C)c1c(cc(cc1C)C)C)n23)c1c(cc(cc1C)C)C)C=C6)c1c(cc(cc1C)C)C)N1[CH]C=CC=C1,"{""audit_creation_date"": ""2007-02-13"", ""audit_creation_method"": ""CSD-ConQuest-V1"", ""database_code_CSD"": ""MERPOP"", ""database_code_depnum_ccdc_archive"": ""CCDC 630310"", ""chemical_formula_sum"": ""C62 H57 N6 Rh1"", ""chemical_formula_moiety"": """", ""journal_volume"": ""25"", ""journal_year"": ""2006"", ""journal_page_first"": ""5381"", ""journal_name_full"": ""Organometallics "", ""publ_author_name"": [""Lirong Zhang"", ""Chun Wah Fung"", ""Kin Shing Chan""]}",10.1021/om0605276,,,-2831.659113390497,-2831.595043917675,-2831.523440430348,Organometallics 
206,MEWDAX,,/home/shachar/repos/PorCrystalStructures/data/xyz/crystal/MEWDAX_0.xyz,/home/shachar/repos/PorCrystalStructures/data/ccdc_data/cif/porphyrins/MEWDAX.cif,c1(c(cc(cc1C)C)C)c1ccc(C2=C3C=CC4=[N]3[Zn@@]35n6c2ccc6C(=C2[N]3=C(C(=c3ccc(=C4c4ccc(cc4)N(=O)=O)n53)c3ccc(c4c(C)cc(cc4C)C)cc3)C=C2)c2ccc(OC)cc2)cc1,"{""audit_creation_date"": ""2022-10-16"", ""audit_creation_method"": ""CSD-ConQuest-V1"", ""database_code_CSD"": ""MEWDAX"", ""database_code_depnum_ccdc_archive"": ""CCDC 2089730"", ""chemical_formula_sum"": ""C63 H49 N5 O3 Zn1"", ""chemical_formula_moiety"": """", ""journal_volume"": ""25"", ""journal_year"": ""2021"", ""journal_page_first"": ""1039"", ""journal_name_full"": ""J.Porphyrins Phthalocyanines "", ""publ_author_name"": [""T.Ishizuka"", ""Y.Saegusa"", ""T.Kojima""]}",10.1142/s1088424621500942,,,-4704.129329928864,-4704.066524927895,-4703.998070461894,J.Porphyrins Phthalocyanines 
207,MOCSUS,,/home/shachar/repos/PorCrystalStructures/data/xyz/crystal/MOCSUS_0.xyz,/home/shachar/repos/PorCrystalStructures/data/ccdc_data/cif/porphyrins/MOCSUS.cif,[Co]123(N(=O)=O)n4c5ccc4C(=C4[N]1=C(C(=c1ccc(=C(C6=[N]3C(=C5c3ccccc3)C=C6)c3ccccc3)n21)[C]1[C@H]2[CH][CH][C@H]2[CH][C@@H]2[C@H]1[CH][CH]2)C=C4)c1ccccc1,"{""audit_creation_date"": ""2002-08-21"", ""audit_creation_method"": ""CSD-ConQuest-V1"", ""database_code_CSD"": ""MOCSUS"", ""database_code_depnum_ccdc_archive"": ""CCDC 183770"", ""chemical_formula_sum"": ""C50 H34 Co1 N5 O2"", ""chemical_formula_moiety"": """", ""journal_volume"": ""58"", ""journal_year"": ""2002"", ""journal_page_first"": ""m162"", ""journal_name_full"": ""Acta Crystallogr.,Sect.E:Struct.Rep.Online "", ""publ_author_name"": [""S.Ohba"", ""H.Seki""]}",10.1107/s1600536802005160,,,,-3651.34342841604,-3651.310205883951,"Acta Crystallogr.,Sect.E:Struct.Rep.Online "
208,MOKHIF,,/home/shachar/repos/PorCrystalStructures/data/xyz/crystal/MOKHIF_0.xyz,/home/shachar/repos/PorCrystalStructures/data/ccdc_data/cif/porphyrins/MOKHIF.cif,c12ccc3C(=C4C=CC5=[N]4[Rh]4(CCC)([N]6=C(C(=c7ccc(=C5c5ccccc5)n47)c4ccccc4)C=CC6=C2c2ccccc2)n13)c1ccccc1,"{""audit_creation_date"": ""2014-08-08"", ""audit_creation_method"": ""CSD-ConQuest-V1"", ""database_code_CSD"": ""MOKHIF"", ""database_code_depnum_ccdc_archive"": ""CCDC 1018630"", ""chemical_formula_sum"": ""C47 H35 N4 Rh1"", ""chemical_formula_moiety"": """", ""journal_volume"": ""33"", ""journal_year"": ""2014"", ""journal_page_first"": ""3757"", ""journal_name_full"": ""Organometallics "", ""publ_author_name"": [""S.J.Thompson"", ""Guangbin Dong""]}",10.1021/om500438s,,,-2138.356127295086,-2138.284669216485,-2138.211835959884,Organometallics 
209,MORZIE,,/home/shachar/repos/PorCrystalStructures/data/xyz/crystal/MORZIE_0.xyz,/home/shachar/repos/PorCrystalStructures/data/ccdc_data/cif/porphyrins/MORZIE.cif,[Ir]123(c4ccccc4F)(n4c5=C(C6=[N]3C(=C(c3ccc(C(=C7C=CC(=[N]17)C(=c4cc5)c1ccc(cc1)C)c1ccc(cc1)C)n23)c1ccc(cc1)C)C=C6)c1ccc(cc1)C)[O],"{""audit_creation_date"": ""2015-01-23"", ""audit_creation_method"": ""CSD-ConQuest-V1"", ""database_code_CSD"": ""MORZIE"", ""database_code_depnum_ccdc_archive"": ""CCDC 1045264"", ""chemical_formula_sum"": ""C54 H42 F1 Ir1 N4 O1"", ""chemical_formula_moiety"": """", ""journal_volume"": ""33"", ""journal_year"": ""2014"", ""journal_page_first"": ""7059"", ""journal_name_full"": ""Organometallics "", ""publ_author_name"": [""Bao Zhu Li"", ""Ying Ying Qian"", ""Jianwen Liu"", ""Kin Shing Chan""]}",10.1021/om5005594,,,-2576.339725656386,-2576.352358060644,-2576.289200439285,Organometallics 
210,MOWNUK,,/home/shachar/repos/PorCrystalStructures/data/xyz/crystal/MOWNUK_0.xyz,/home/shachar/repos/PorCrystalStructures/data/ccdc_data/cif/porphyrins/MOWNUK.cif,[Pd@@]123[N]4=C5C(=C(C4=C(c4n3c(C(=C3C(=C(C(=[N]23)C(=c2c(c(c(=C5c3ccc(cc3)F)n12)CC)CC)c1ccc(cc1)F)CC)CC)c1ccc(F)cc1)c(c4CC)CC)c1ccc(cc1)F)CC)CC,"{""audit_creation_date"": ""2019-11-14"", ""audit_creation_method"": ""CSD-ConQuest-V1"", ""database_code_CSD"": ""MOWNUK"", ""database_code_depnum_ccdc_archive"": ""CCDC 1920952"", ""chemical_formula_sum"": ""C60 H56 F4 N4 Pd1"", ""chemical_formula_moiety"": """", ""journal_volume"": ""58"", ""journal_year"": ""2019"", ""journal_page_first"": ""15769"", ""journal_name_full"": ""Inorg.Chem. "", ""publ_author_name"": [""K.J.Flanagan"", ""B.Twamley"", ""M.O.Senge""]}",10.1021/acs.inorgchem.9b01963,,,-3061.990659775248,-3061.918973771592,-3061.855828658497,Inorg.Chem. 
211,MOWPEW,,/home/shachar/repos/PorCrystalStructures/data/xyz/crystal/MOWPEW_0.xyz,/home/shachar/repos/PorCrystalStructures/data/ccdc_data/cif/porphyrins/MOWPEW.cif,c12=C(C3=[N]4C(=C(c5n6c(C(=C7C(=C(C8=[N]7[Ni@]46n2c(=C8c2ccc(cc2)F)c(c1CC)CC)CC)CC)c1ccc(cc1)F)c(c5CC)CC)c1ccc(F)cc1)C(=C3CC)CC)c1ccc(cc1)F,"{""audit_creation_date"": ""2019-11-14"", ""audit_creation_method"": ""CSD-ConQuest-V1"", ""database_code_CSD"": ""MOWPEW"", ""database_code_depnum_ccdc_archive"": ""CCDC 1920954"", ""chemical_formula_sum"": ""C60 H56 F4 N4 Ni1"", ""chemical_formula_moiety"": """", ""journal_volume"": ""58"", ""journal_year"": ""2019"", ""journal_page_first"": ""15769"", ""journal_name_full"": ""Inorg.Chem. "", ""publ_author_name"": [""K.J.Flanagan"", ""B.Twamley"", ""M.O.Senge""]}",10.1021/acs.inorgchem.9b01963,,,-4442.194049657969,-4442.171291438123,-4442.105485530967,Inorg.Chem. 
212,MOWPOG,,/home/shachar/repos/PorCrystalStructures/data/xyz/crystal/MOWPOG_0.xyz,/home/shachar/repos/PorCrystalStructures/data/ccdc_data/cif/porphyrins/MOWPOG.cif,Brc1ccc(C2=c3c(c(c4=C(C5=[N]6C(=C(c7ccc(Br)cc7)c7c(c(c8C(=C9C(=C(C2=[N]9[Ni@@]6(n34)n78)CC)CC)c2ccc(cc2)Br)CC)CC)C(=C5CC)CC)c2ccc(cc2)Br)CC)CC)cc1,"{""audit_creation_date"": ""2019-11-14"", ""audit_creation_method"": ""CSD-ConQuest-V1"", ""database_code_CSD"": ""MOWPOG"", ""database_code_depnum_ccdc_archive"": ""CCDC 1920956"", ""chemical_formula_sum"": ""C61 H58 Br4 Cl2 N4 Ni1"", ""chemical_formula_moiety"": """", ""journal_volume"": ""58"", ""journal_year"": ""2019"", ""journal_page_first"": ""15769"", ""journal_name_full"": ""Inorg.Chem. "", ""publ_author_name"": [""K.J.Flanagan"", ""B.Twamley"", ""M.O.Senge""]}",10.1021/acs.inorgchem.9b01963,,,-14338.48217741016,-14338.457331777467,-14338.391635264372,Inorg.Chem. 
213,MUGLIM,,/home/shachar/repos/PorCrystalStructures/data/xyz/crystal/MUGLIM_0.xyz,/home/shachar/repos/PorCrystalStructures/data/ccdc_data/cif/porphyrins/MUGLIM.cif,c1c(ccc(C2=C3[N]4=C(C(=c5ccc6=C(C7=[N]8[Ni@]4(n56)n4c(ccc24)C(=C8C=C7)c2ccc(cc2)NC(=O)C)c2ccc(cc2)NC(=O)C)c2ccc(NC(=O)C)cc2)C=C3)c1)NC(=O)C,"{""audit_creation_date"": ""2020-03-26"", ""audit_creation_method"": ""CSD-ConQuest-V1"", ""database_code_CSD"": ""MUGLIM"", ""database_code_depnum_ccdc_archive"": ""CCDC 1940794"", ""chemical_formula_sum"": ""C52 H40 N8 Ni1 O4"", ""chemical_formula_moiety"": """", ""journal_volume"": ""59"", ""journal_year"": ""2020"", ""journal_page_first"": ""8941"", ""journal_name_full"": ""Angew.Chem.,Int.Ed. "", ""publ_author_name"": [""Xiaojun Guo"", ""Ni Wang"", ""Xialiang Li"", ""Zongyao Zhang"", ""Jianping Zhao"", ""Wanjie Ren"", ""Shuping Ding"", ""Gelun Xu"", ""Jianfeng Li"", ""U.-P.Apfel"", ""Wei Zhang"", ""Rui Cao""]}",10.1002/anie.202082811,,,-4248.762157519556,-4248.74393840448,-4248.676643833324,"Angew.Chem.,Int.Ed. "
214,MUHKAC,,/home/shachar/repos/PorCrystalStructures/data/xyz/crystal/MUHKAC_0.xyz,/home/shachar/repos/PorCrystalStructures/data/ccdc_data/cif/porphyrins/MUHKAC.cif,c1cc2=C(C3=[N]4C(=C(c5ccc6C(=C7[N]8=C(C=C7)C(=c1n2[Ru]48([C][O])([CH][Si](C)(C)C)n56)c1c(cc(cc1c1ccccc1)c1ccccc1)c1ccccc1)c1c(cc(cc1c1ccccc1)c1ccccc1)c1ccccc1)c1c(cc(c2ccccc2)cc1c1ccccc1)c1ccccc1)C=C3)c1c(cc(cc1c1ccccc1)c1ccccc1)c1ccccc1,"{""audit_creation_date"": ""2010-06-29"", ""audit_creation_method"": ""CSD-ConQuest-V1"", ""database_code_CSD"": ""MUHKAC"", ""database_code_depnum_ccdc_archive"": ""CCDC 627547"", ""chemical_formula_sum"": ""C128 H104 Cl2 N4 O3 Ru1 Si1"", ""chemical_formula_moiety"": """", ""journal_volume"": ""15"", ""journal_year"": ""2009"", ""journal_page_first"": ""10707"", ""journal_name_full"": ""Chem.-Eur.J. "", ""publ_author_name"": [""Qing-Hai Deng"", ""Jian Chen"", ""Jie-Sheng Huang"", ""S.S.-Y.Chui"", ""Nianyong Zhu"", ""Guang-Yu Li"", ""Chi-Ming Che""]}",10.1002/chem.200901895,,,,,,Chem.-Eur.J. 
215,MUNJUA,,/home/shachar/repos/PorCrystalStructures/data/xyz/crystal/MUNJUA_0.xyz,/home/shachar/repos/PorCrystalStructures/data/ccdc_data/cif/porphyrins/MUNJUA.cif,[Ni@@]123n4c5=C([Pt]([P](c6ccccc6)(c6ccccc6)c6ccccc6)([P](c6ccccc6)(c6ccccc6)c6ccccc6)Br)C6=[N]1C(=C(c1ccc(C=C7C=CC(=[N]27)C(=c4cc5)c2ccccc2)n31)c1ccccc1)C=C6,"{""audit_creation_date"": ""2003-02-20"", ""audit_creation_method"": ""CSD-ConQuest-V1"", ""database_code_CSD"": ""MUNJUA"", ""database_code_depnum_ccdc_archive"": ""CCDC 186869"", ""chemical_formula_sum"": ""C68.5 H50 Br1 Cl1 N4 Ni1 P2 Pt1"", ""chemical_formula_moiety"": """", ""journal_volume"": null, ""journal_year"": ""2002"", ""journal_page_first"": ""4497"", ""journal_name_full"": ""J.Chem.Soc.,Dalton Trans. "", ""publ_author_name"": [""M.J.Hodgson"", ""P.C.Healy"", ""M.L.Williams"", ""D.P.Arnold""]}",10.1039/b205295b,,,,,,"J.Chem.Soc.,Dalton Trans. "
216,MUNKEL,,/home/shachar/repos/PorCrystalStructures/data/xyz/crystal/MUNKEL_0.xyz,/home/shachar/repos/PorCrystalStructures/data/ccdc_data/cif/porphyrins/MUNKEL.cif,[Pt](C1=c2ccc3=C(C4=[N]5C(=C(Br)c6ccc7C(=C8C=CC1=[N]8[Ni@@]5(n23)n67)c1ccccc1)C=C4)c1ccccc1)([P](c1ccccc1)(c1ccccc1)c1ccccc1)(Br)[P](c1ccccc1)(c1ccccc1)c1ccccc1,"{""audit_creation_date"": ""2003-02-20"", ""audit_creation_method"": ""CSD-ConQuest-V1"", ""database_code_CSD"": ""MUNKEL"", ""database_code_depnum_ccdc_archive"": ""CCDC 186871"", ""chemical_formula_sum"": ""C68 H48 Br2 N4 Ni1 P2 Pt1"", ""chemical_formula_moiety"": """", ""journal_volume"": null, ""journal_year"": ""2002"", ""journal_page_first"": ""4497"", ""journal_name_full"": ""J.Chem.Soc.,Dalton Trans. "", ""publ_author_name"": [""M.J.Hodgson"", ""P.C.Healy"", ""M.L.Williams"", ""D.P.Arnold""]}",10.1039/b205295b,,,,,,"J.Chem.Soc.,Dalton Trans. "
217,MUQTUQ,,/home/shachar/repos/PorCrystalStructures/data/xyz/crystal/MUQTUQ_0.xyz,/home/shachar/repos/PorCrystalStructures/data/ccdc_data/cif/porphyrins/MUQTUQ.cif,c1ccccc1COc1ccc(C2=c3ccc4=C(C5=[N]6[Zn@]7(n34)n3c(C(=C6C=C5)c4cc(OC)cc(OC)c4)ccc3C(=C3C=CC2=[N]73)c2cc(OC)cc(OC)c2)c2cc(OC)cc(OC)c2)cc1,"{""audit_creation_date"": ""2020-08-11"", ""audit_creation_method"": ""CSD-ConQuest-V1"", ""database_code_CSD"": ""MUQTUQ"", ""database_code_depnum_ccdc_archive"": ""CCDC 2022749"", ""chemical_formula_sum"": ""C61 H55.4 N4 O9 Zn0.3"", ""chemical_formula_moiety"": """", ""journal_volume"": null, ""journal_year"": ""2020"", ""journal_page_first"": null, ""journal_name_full"": ""CSD Communication(Private Communication) "", ""publ_author_name"": [""F.R.Fronczek""]}",10.30707/tlcsd4.3/jnxd4642,,,-4720.081374631691,-4720.017470493487,-4719.949716079979,CSD Communication(Private Communication) 
218,NACXIA,,/home/shachar/repos/PorCrystalStructures/data/xyz/crystal/NACXIA_0.xyz,/home/shachar/repos/PorCrystalStructures/data/ccdc_data/cif/porphyrins/NACXIA.cif,O=N(=O)C1=C2C(=C(C3=[N]2[Fe]24([N]5=C(C(=C(C5=C(c5c(c(c1n45)CC)CC)N(=O)=O)CC)CC)C(=c1c(c(c(=C3N(=O)=O)n21)CC)CC)N(=O)=O)(N1[CH]C=C(C=C1)C#N)N1[CH]C=C(C=C1)C#N)CC)CC,"{""audit_creation_date"": ""2011-03-04"", ""audit_creation_method"": ""CSD-ConQuest-V1"", ""database_code_CSD"": ""NACXIA"", ""database_code_depnum_ccdc_archive"": ""CCDC 755823"", ""chemical_formula_sum"": ""C48 H48 Fe1 N12 O8"", ""chemical_formula_moiety"": """", ""journal_volume"": ""39"", ""journal_year"": ""2010"", ""journal_page_first"": ""5795"", ""journal_name_full"": ""Dalton Trans. "", ""publ_author_name"": [""R.Patra"", ""S.Bhowmik"", ""S.K.Ghosh"", ""S.P.Rath""]}",10.1039/b924742d,,,-4375.906011312727,-4375.864647379065,-4375.802668640553,Dalton Trans. 
219,NAFNUG,,/home/shachar/repos/PorCrystalStructures/data/xyz/crystal/NAFNUG_0.xyz,/home/shachar/repos/PorCrystalStructures/data/ccdc_data/cif/porphyrins/NAFNUG.cif,c1c2=C(C3=[N]4C(=C(c5ccc(cc5)C)c5ccc6C(=C7C=CC8=[N]7[Ru]4(n2c(=C8c2ccc(cc2)C)c1)([N][O])(n56)OC(=O)[C@]1([Fe]2[C@@H]4C=C[C@H]2[CH]4)C=CC=C1)c1ccc(cc1)C)C=C3)c1ccc(cc1)C,"{""audit_creation_date"": ""2016-02-03"", ""audit_creation_method"": ""CSD-ConQuest-V1"", ""database_code_CSD"": ""NAFNUG"", ""database_code_depnum_ccdc_archive"": ""CCDC 1428263"", ""chemical_formula_sum"": ""C59 H45 Fe1 N5 O3 Ru1"", ""chemical_formula_moiety"": """", ""journal_volume"": null, ""journal_year"": ""2016"", ""journal_page_first"": ""509"", ""journal_name_full"": ""Eur.J.Inorg.Chem. "", ""publ_author_name"": [""D.Awasabisah"", ""Nan Xu"", ""K.P.S.Gautam"", ""D.R.Powell"", ""M.J.Shaw"", ""G.B.Richter-Addo""]}",10.1002/ejic.201501115,,,-4128.996837140266,,-4128.877562465963,Eur.J.Inorg.Chem. 
220,NANZEK,,/home/shachar/repos/PorCrystalStructures/data/xyz/crystal/NANZEK_0.xyz,/home/shachar/repos/PorCrystalStructures/data/ccdc_data/cif/porphyrins/NANZEK.cif,[Zn]123(n4c5=C(C6=[N]1C(=C(c1ccc(C(=C7C=CC(=[N]37)C(=c4cc5)c3ccccc3)c3ccccc3)n21)c1ccccc1)C=C6)c1ccccc1)N1[CH]C=CC(=C1)Br,"{""audit_creation_date"": ""2017-03-20"", ""audit_creation_method"": ""CSD-ConQuest-V1"", ""database_code_CSD"": ""NANZEK"", ""database_code_depnum_ccdc_archive"": ""CCDC 1509180"", ""chemical_formula_sum"": ""C49 H32 Br1 N5 Zn1"", ""chemical_formula_moiety"": """", ""journal_volume"": ""23"", ""journal_year"": ""2017"", ""journal_page_first"": ""5033"", ""journal_name_full"": ""Chem.-Eur.J. "", ""publ_author_name"": [""M.Kadri"", ""Jingran Hou"", ""V.Dorcet"", ""T.Roisnel"", ""L.Bechki"", ""A.Miloudi"", ""C.Bruneau"", ""R.Gramage-Doria""]}",10.1002/chem.201604780,,,-6509.773722594614,-6509.714205355686,-6509.645652498762,Chem.-Eur.J. 
221,NANZIO,,/home/shachar/repos/PorCrystalStructures/data/xyz/crystal/NANZIO_0.xyz,/home/shachar/repos/PorCrystalStructures/data/ccdc_data/cif/porphyrins/NANZIO.cif,c1c(C2=C3C=CC4=[N]3[Zn]35(n6c2ccc6C(=C2C=CC(=[N]52)C(=c2ccc(=C4c4ccccc4)n32)c2ccccc2)c2ccccc2)N2[CH]C=C(C=C2)Br)cccc1,"{""audit_creation_date"": ""2017-03-20"", ""audit_creation_method"": ""CSD-ConQuest-V1"", ""database_code_CSD"": ""NANZIO"", ""database_code_depnum_ccdc_archive"": ""CCDC 1509181"", ""chemical_formula_sum"": ""C50 H33 Br1 Cl3 N5 Zn1"", ""chemical_formula_moiety"": """", ""journal_volume"": ""23"", ""journal_year"": ""2017"", ""journal_page_first"": ""5033"", ""journal_name_full"": ""Chem.-Eur.J. "", ""publ_author_name"": [""M.Kadri"", ""Jingran Hou"", ""V.Dorcet"", ""T.Roisnel"", ""L.Bechki"", ""A.Miloudi"", ""C.Bruneau"", ""R.Gramage-Doria""]}",10.1002/chem.201604780,,,-6509.77517921316,-6509.71647254326,-6509.647876755575,Chem.-Eur.J. 
222,NAPJAR,,/home/shachar/repos/PorCrystalStructures/data/xyz/crystal/NAPJAR_0.xyz,/home/shachar/repos/PorCrystalStructures/data/ccdc_data/cif/porphyrins/NAPJAR.cif,[Si](C#CC1=C(C2=[N]3[Ni@@]45n6c(=C(C7=[N]4C(=C(c4ccccc4)c4ccc(C(=C13)c1ccccc1)n54)C(=C7C#C[Si](C)(C)C)C#C[Si](C)(C)C)c1ccccc1)ccc6=C2c1ccccc1)C#C[Si](C)(C)C)(C)(C)C,"{""audit_creation_date"": ""2012-03-30"", ""audit_creation_method"": ""CSD-ConQuest-V1"", ""database_code_CSD"": ""NAPJAR"", ""database_code_depnum_ccdc_archive"": ""CCDC 825984"", ""chemical_formula_sum"": ""C67 H66 Cl6 N4 Ni1 Si4"", ""chemical_formula_moiety"": """", ""journal_volume"": ""17"", ""journal_year"": ""2011"", ""journal_page_first"": ""14539"", ""journal_name_full"": ""Chem.-Eur.J. "", ""publ_author_name"": [""L.J.K.Boerner"", ""S.Mazumder"", ""M.Pink"", ""Mu-Hyun Baik"", ""J.M.Zaleski""]}",10.1002/chem.201102488,,,-5355.067080478902,-5355.008478257221,-5354.987430170728,Chem.-Eur.J. 
223,NARDOA,,/home/shachar/repos/PorCrystalStructures/data/xyz/crystal/NARDOA_0.xyz,/home/shachar/repos/PorCrystalStructures/data/ccdc_data/cif/porphyrins/NARDOA.cif,C12=C(c3ccc4C(=C5C=CC6=[N]5[Rh]5(CCN(Cc7ccccc7)Cc7ccccc7)(n34)[N]2=C(C=C1)C(=c1ccc(=C6c2ccc(cc2)C)n51)c1ccc(cc1)C)c1ccc(C)cc1)c1ccc(cc1)C,"{""audit_creation_date"": ""2005-09-27"", ""audit_creation_method"": ""CSD-ConQuest-V1"", ""database_code_CSD"": ""NARDOA"", ""database_code_depnum_ccdc_archive"": ""CCDC 274714"", ""chemical_formula_sum"": ""C64 H54 N5 Rh1"", ""chemical_formula_moiety"": """", ""journal_volume"": ""24"", ""journal_year"": ""2005"", ""journal_page_first"": ""2561"", ""journal_name_full"": ""Organometallics "", ""publ_author_name"": [""Siu Kwan Yeung"", ""Kin Shing Chan""]}",10.1021/om0501475,,,-2851.148940626833,-2851.078160083858,-2851.005370073806,Organometallics 
224,NEDCOO,,/home/shachar/repos/PorCrystalStructures/data/xyz/crystal/NEDCOO_0.xyz,/home/shachar/repos/PorCrystalStructures/data/ccdc_data/cif/porphyrins/NEDCOO.cif,C1=CC2=C([C@@H]3C(C)([C@@H]3C(=O)Oc3ccc(cc3)N(=O)=O)C)c3ccc4C(=C5C=CC6=[N]5[Zn]5(n7c(=C6[C@@H]6C(C)(C)[C@@H]6C(=O)Oc6ccc(cc6)N(=O)=O)ccc7=C([C@@H]6C(C)(C)[C@@H]6C(=O)Oc6ccc(cc6)N(=O)=O)C1=[N]25)(n34)N1[CH]C=CC=C1)[C@@H]1C(C)([C@@H]1C(=O)Oc1ccc(cc1)N(=O)=O)C,"{""audit_creation_date"": ""1998-04-14"", ""audit_creation_method"": ""CSD-ConQuest-V1"", ""database_code_CSD"": ""NEDCOO"", ""database_code_depnum_ccdc_archive"": ""CCDC 100301"", ""chemical_formula_sum"": ""C75.71 H66.42 Cl5.42 N9 O16 Zn1"", ""chemical_formula_moiety"": """", ""journal_volume"": ""119"", ""journal_year"": ""1997"", ""journal_page_first"": ""12400"", ""journal_name_full"": ""J.Am.Chem.Soc. "", ""publ_author_name"": [""M.Mazzanti"", ""J.-C.Marchon"", ""Maoyu Shang"", ""W.R.Scheidt"", ""Songling Jia"", ""J.A.Shelnutt""]}",10.1021/ja972947f,,,,,,J.Am.Chem.Soc. 
225,NEFTUN01,,/home/shachar/repos/PorCrystalStructures/data/xyz/crystal/NEFTUN01_0.xyz,/home/shachar/repos/PorCrystalStructures/data/ccdc_data/cif/porphyrins/NEFTUN01.cif,Clc1ccc(C2=C3[N]4=C(C(=c5ccc6=C(C7=[N]8[Os]4(n56)(n4c2ccc4C(=C8C=C7)c2ccc(cc2)Cl)([N]C(C)(C)C)[N]C(C)(C)C)c2ccc(cc2)Cl)c2ccc(Cl)cc2)C=C3)cc1,"{""audit_creation_date"": ""1998-07-09"", ""audit_creation_method"": ""CSD-ConQuest-V1"", ""database_code_CSD"": ""NEFTUN01"", ""database_code_depnum_ccdc_archive"": ""CCDC 1218168"", ""chemical_formula_sum"": ""C52 H42 Cl4 N6 Os1"", ""chemical_formula_moiety"": """", ""journal_volume"": ""15"", ""journal_year"": ""1997"", ""journal_page_first"": ""1"", ""journal_name_full"": ""Chin.J.Chem. "", ""publ_author_name"": [""Zao-Ying Li"", ""Chi-Ming Che""]}",10.1021/ic961228j,,,-4262.580507567724,-4262.527330144415,-4262.467161765678,Chin.J.Chem. 
226,NEFTUN,,/home/shachar/repos/PorCrystalStructures/data/xyz/crystal/NEFTUN_0.xyz,/home/shachar/repos/PorCrystalStructures/data/ccdc_data/cif/porphyrins/NEFTUN.cif,Clc1ccc(C2=C3[N]4=C(C(=c5ccc6=C(C7=[N]8[Os]4(n56)(n4c2ccc4C(=C8C=C7)c2ccc(cc2)Cl)([N]C(C)(C)C)[N]C(C)(C)C)c2ccc(cc2)Cl)c2ccc(Cl)cc2)C=C3)cc1,"{""audit_creation_date"": ""1998-04-22"", ""audit_creation_method"": ""CSD-ConQuest-V1"", ""database_code_CSD"": ""NEFTUN"", ""database_code_depnum_ccdc_archive"": null, ""chemical_formula_sum"": ""C52 H42 Cl4 N6 Os1"", ""chemical_formula_moiety"": """", ""journal_volume"": ""36"", ""journal_year"": ""1997"", ""journal_page_first"": ""3064"", ""journal_name_full"": ""Inorg.Chem. "", ""publ_author_name"": [""Zao-Ying Li"", ""Jie-Sheng Huang"", ""M.Chi-Wang Chan"", ""Kung-Kai Cheung"", ""Chi-Ming Che""]}",10.1021/ic961228j,,,-4262.580506550515,-4262.518471809786,-4262.467160177815,Inorg.Chem. 
227,NEMXOT,,/home/shachar/repos/PorCrystalStructures/data/xyz/crystal/NEMXOT_0.xyz,/home/shachar/repos/PorCrystalStructures/data/ccdc_data/cif/porphyrins/NEMXOT.cif,c1cc2C(=C3C=CC4=[N]3[Ru]35([C][O])(n6c(=C4c4ccc(cc4)C(=O)O)ccc6=C(C4=[N]3C(=C(c1n25)c1ccc(cc1)C(=O)O)C=C4)c1ccc(cc1)C(=O)O)N1[CH]C=CC=C1)c1ccc(cc1)C(=O)O,"{""audit_creation_date"": ""2006-11-27"", ""audit_creation_method"": ""CSD-ConQuest-V1"", ""database_code_CSD"": ""NEMXOT"", ""database_code_depnum_ccdc_archive"": ""CCDC 611949"", ""chemical_formula_sum"": ""C64 H43 N7 O9 Ru1"", ""chemical_formula_moiety"": """", ""journal_volume"": ""8"", ""journal_year"": ""2006"", ""journal_page_first"": ""601"", ""journal_name_full"": ""CrystEngComm "", ""publ_author_name"": [""S.Lipstman"", ""S.Muniappan"", ""S.George"", ""I.Goldberg""]}",10.1039/b608852j,,,-3119.286454608563,-3119.220062314148,-3119.147107793654,CrystEngComm 
228,NESHUO,,/home/shachar/repos/PorCrystalStructures/data/xyz/crystal/NESHUO_0.xyz,/home/shachar/repos/PorCrystalStructures/data/ccdc_data/cif/porphyrins/NESHUO.cif,[N]12=C3C=CC2=C(c2ccccc2)c2n4[Ni@]51n1c(=C3)ccc1=C(C1=[N]5C(=C(c4cc2)Br)C=C1)c1ccccc1,"{""audit_creation_date"": ""1998-04-30"", ""audit_creation_method"": ""CSD-ConQuest-V1"", ""database_code_CSD"": ""NESHUO"", ""database_code_depnum_ccdc_archive"": ""CCDC 1218701"", ""chemical_formula_sum"": ""C32 H19 Br1 N4 Ni1"", ""chemical_formula_moiety"": """", ""journal_volume"": ""50"", ""journal_year"": ""1997"", ""journal_page_first"": ""495"", ""journal_name_full"": ""Aust.J.Chem. "", ""publ_author_name"": [""D.P.Arnold"", ""R.C.Bott"", ""H.Eldridge"", ""F.M.Elms"", ""G.Smith"", ""Mike Zojaji""]}",10.1071/c96173,,,-5529.559622872624,-5529.539181884117,-5529.472525845598,Aust.J.Chem. 
229,NESJAW,,/home/shachar/repos/PorCrystalStructures/data/xyz/crystal/NESJAW_0.xyz,/home/shachar/repos/PorCrystalStructures/data/ccdc_data/cif/porphyrins/NESJAW.cif,c1(ccccc1)C1=C2[N]3=C(C(=c4n5[Ni@@]63n3c1ccc3C=C1[N]6=C(C=C1)C(=c5cc4)c1ccccc1)C#C[Si](C)(C)C)C=C2,"{""audit_creation_date"": ""1998-04-30"", ""audit_creation_method"": ""CSD-ConQuest-V1"", ""database_code_CSD"": ""NESJAW"", ""database_code_depnum_ccdc_archive"": ""CCDC 1218702"", ""chemical_formula_sum"": ""C37 H28 N4 Ni1 Si1"", ""chemical_formula_moiety"": """", ""journal_volume"": ""50"", ""journal_year"": ""1997"", ""journal_page_first"": ""495"", ""journal_name_full"": ""Aust.J.Chem. "", ""publ_author_name"": [""D.P.Arnold"", ""R.C.Bott"", ""H.Eldridge"", ""F.M.Elms"", ""G.Smith"", ""Mike Zojaji""]}",10.1071/c96173,,,-3440.670710366814,-3440.650052349743,-3440.587026875532,Aust.J.Chem. 
230,NEYCAV01,,/home/shachar/repos/PorCrystalStructures/data/xyz/crystal/NEYCAV01_0.xyz,/home/shachar/repos/PorCrystalStructures/data/ccdc_data/cif/porphyrins/NEYCAV01.cif,[Co]123(n4c5=CC6=[N]1C(=Cc1c(c(c(C=C7C(=C(C(=[N]37)C=c4c(c5CC)CC)CC)CC)n21)CC)CC)C(=C6CC)CC)N=O,"{""audit_creation_date"": ""1999-07-19"", ""audit_creation_method"": ""CSD-ConQuest-V1"", ""database_code_CSD"": ""NEYCAV01"", ""database_code_depnum_ccdc_archive"": ""CCDC 103035"", ""chemical_formula_sum"": ""C36 H44 Co1 N5 O1"", ""chemical_formula_moiety"": """", ""journal_volume"": ""121"", ""journal_year"": ""1999"", ""journal_page_first"": ""3829"", ""journal_name_full"": ""J.Am.Chem.Soc. "", ""publ_author_name"": [""N.Godbout"", ""L.K.Sanders"", ""R.Salzmann"", ""R.H.Havlin"", ""M.Wojdelski"", ""E.Oldfield""]}",10.1021/ja9832820,,,-3127.202083857395,-3127.176577745385,-3127.106063389994,J.Am.Chem.Soc. 
231,NEYCAV,,/home/shachar/repos/PorCrystalStructures/data/xyz/crystal/NEYCAV_0.xyz,/home/shachar/repos/PorCrystalStructures/data/ccdc_data/cif/porphyrins/NEYCAV.cif,[Co]123([N]4=C5C=c6c(CC)c(c(=CC7=[N]3C(=Cc3c(c(c(C=C4C(=C5CC)CC)n13)CC)CC)C(=C7CC)CC)n26)CC)N=O,"{""audit_creation_date"": ""1998-04-30"", ""audit_creation_method"": ""CSD-ConQuest-V1"", ""database_code_CSD"": ""NEYCAV"", ""database_code_depnum_ccdc_archive"": ""CCDC 1219121"", ""chemical_formula_sum"": ""C36 H44 Co1 N5 O1"", ""chemical_formula_moiety"": """", ""journal_volume"": ""37"", ""journal_year"": ""1998"", ""journal_page_first"": ""382"", ""journal_name_full"": ""Inorg.Chem. "", ""publ_author_name"": [""M.K.Ellison"", ""W.R.Scheidt""]}",10.1021/ic971109j,,,-3127.202087175348,-3127.17658211418,-3127.106056067565,Inorg.Chem. 
232,NEYWUM,,/home/shachar/repos/PorCrystalStructures/data/xyz/crystal/NEYWUM_0.xyz,/home/shachar/repos/PorCrystalStructures/data/ccdc_data/cif/porphyrins/NEYWUM.cif,[Fe]123([C][O])(N4C=CN(C)[CH]4)[N]4=C5C=c6ccc(=CC7=[N]3C(=Cc3ccc(C=C4C=C5)n23)C=C7)n16,"{""audit_creation_date"": ""2018-04-27"", ""audit_creation_method"": ""CSD-ConQuest-V1"", ""database_code_CSD"": ""NEYWUM"", ""database_code_depnum_ccdc_archive"": ""CCDC 1827170"", ""chemical_formula_sum"": ""C25 H18 Fe1 N6 O1"", ""chemical_formula_moiety"": """", ""journal_volume"": ""57"", ""journal_year"": ""2018"", ""journal_page_first"": ""5648"", ""journal_name_full"": ""Inorg.Chem. "", ""publ_author_name"": [""Ming Li"", ""A.G.Oliver"", ""W.Robert Scheidt""]}",10.1021/acs.inorgchem.8b00599,,,-2628.847426326508,-2628.807527019849,-2628.742137594662,Inorg.Chem. 
233,NIFSUR,,/home/shachar/repos/PorCrystalStructures/data/xyz/crystal/NIFSUR_0.xyz,/home/shachar/repos/PorCrystalStructures/data/ccdc_data/cif/porphyrins/NIFSUR.cif,c1ccccc1C1=C2[N]3=C(C(=c4ccc5=C(C6=[N]7[Zn]3(n45)(n3c(C(=C7C=C6)c4ccccc4)ccc13)[N](C)(C)Cc1ccccc1Br)c1ccccc1)c1ccccc1)C=C2,"{""audit_creation_date"": ""2007-11-06"", ""audit_creation_method"": ""CSD-ConQuest-V1"", ""database_code_CSD"": ""NIFSUR"", ""database_code_depnum_ccdc_archive"": ""CCDC 625328"", ""chemical_formula_sum"": ""C53 H40 Br1 N5 Zn1"", ""chemical_formula_moiety"": """", ""journal_volume"": ""2"", ""journal_year"": ""2007"", ""journal_page_first"": ""889"", ""journal_name_full"": ""Chem.Asian J. "", ""publ_author_name"": [""B.M.J.M.Suijkerbuijk"", ""D.M.Tooke"", ""A.L.Spek"", ""G.van Koten"", ""R.J.M.K.Gebbink""]}",10.1002/asia.200700082,,,-6666.730570927014,-6666.671098752894,-6666.602547281006,Chem.Asian J. 
234,NIFTAY,,/home/shachar/repos/PorCrystalStructures/data/xyz/crystal/NIFTAY_0.xyz,/home/shachar/repos/PorCrystalStructures/data/ccdc_data/cif/porphyrins/NIFTAY.cif,c1(ccccc1)C1=C2[N]3=C(C(=c4ccc5=C(C6=[N]7[Zn]3(n45)(n3c(C(=C7C=C6)c4ccccc4)ccc13)[N](C)(C)Cc1ccccc1)c1ccccc1)c1ccccc1)C=C2,"{""audit_creation_date"": ""2007-11-06"", ""audit_creation_method"": ""CSD-ConQuest-V1"", ""database_code_CSD"": ""NIFTAY"", ""database_code_depnum_ccdc_archive"": ""CCDC 625330"", ""chemical_formula_sum"": ""C53 H41 N5 Zn1"", ""chemical_formula_moiety"": """", ""journal_volume"": ""2"", ""journal_year"": ""2007"", ""journal_page_first"": ""889"", ""journal_name_full"": ""Chem.Asian J. "", ""publ_author_name"": [""B.M.J.M.Suijkerbuijk"", ""D.M.Tooke"", ""A.L.Spek"", ""G.van Koten"", ""R.J.M.K.Gebbink""]}",10.1002/asia.200700082,,,-4093.462761379125,-4093.403464460322,-4093.334903312361,Chem.Asian J. 
235,NIKPEC,,/home/shachar/repos/PorCrystalStructures/data/xyz/crystal/NIKPEC_0.xyz,/home/shachar/repos/PorCrystalStructures/data/ccdc_data/cif/porphyrins/NIKPEC.cif,C12=[N]3C(=C(c4ccc5C(=C6C=CC7=[N]6[Zn@@]3(n45)n3c(=C1c1ccc(cc1)C#N)ccc3=C7c1ccc(cc1)C#N)c1ccc(cc1)C#N)c1ccc(cc1)C#N)C=C2,"{""audit_creation_date"": ""1998-05-22"", ""audit_creation_method"": ""CSD-ConQuest-V1"", ""database_code_CSD"": ""NIKPEC"", ""database_code_depnum_ccdc_archive"": ""CCDC 121083"", ""chemical_formula_sum"": ""C55 H31 Cl3 N8 Zn1"", ""chemical_formula_moiety"": """", ""journal_volume"": ""37"", ""journal_year"": ""1998"", ""journal_page_first"": ""541"", ""journal_name_full"": ""Inorg.Chem. "", ""publ_author_name"": [""R.K.Kumar"", ""S.Balasubramanian"", ""I.Goldberg""]}",10.1021/ic971259u,,,-4057.13498223426,-4057.071036407605,-4057.004054171431,Inorg.Chem. 
236,NIPNEG,,/home/shachar/repos/PorCrystalStructures/data/xyz/crystal/NIPNEG_0.xyz,/home/shachar/repos/PorCrystalStructures/data/ccdc_data/cif/porphyrins/NIPNEG.cif,[Ni@]123[N]4=C5C=CC4=C(c4ccc(C(=C6C=CC(=[N]26)C(=c2ccc(=C5c5cc[n+](cc5)[O-])n12)c1cc[n+](cc1)[O-])c1cc[n+](cc1)[O-])n34)c1cc[n+]([O-])cc1,"{""audit_creation_date"": ""2008-01-25"", ""audit_creation_method"": ""CSD-ConQuest-V1"", ""database_code_CSD"": ""NIPNEG"", ""database_code_depnum_ccdc_archive"": ""CCDC 649317"", ""chemical_formula_sum"": ""C42 H34 N8 Ni1 O7"", ""chemical_formula_moiety"": """", ""journal_volume"": null, ""journal_year"": ""2007"", ""journal_page_first"": ""4126"", ""journal_name_full"": ""Dalton Trans. "", ""publ_author_name"": [""E.Deiters"", ""V.Bulach"", ""M.W.Hosseini""]}",10.1039/b708302e,,,-3782.354529403007,-3782.33833446371,-3782.272016795805,Dalton Trans. 
237,NOGWIR,,/home/shachar/repos/PorCrystalStructures/data/xyz/crystal/NOGWIR_0.xyz,/home/shachar/repos/PorCrystalStructures/data/ccdc_data/cif/porphyrins/NOGWIR.cif,[Zn]123(n4c5=C(c6c(ccc7c6cccc7)O)C6=[N]3C(=C(c3ccc(C(=C7C=CC(=[N]17)C(=c4cc5)c1ccccc1)c1c(ccc4c1cccc4)O)n23)c1ccc(cc1)O)C=C6)[NH2][C@@H](Cc1ccccc1)C(=O)OC,"{""audit_creation_date"": ""2014-07-12"", ""audit_creation_method"": ""CSD-ConQuest-V1"", ""database_code_CSD"": ""NOGWIR"", ""database_code_depnum_ccdc_archive"": ""CCDC 949448"", ""chemical_formula_sum"": ""C64 H47 Cl6 N5 O5 Zn1"", ""chemical_formula_moiety"": """", ""journal_volume"": ""55"", ""journal_year"": ""2014"", ""journal_page_first"": ""3377"", ""journal_name_full"": ""Tetrahedron Lett. "", ""publ_author_name"": [""Liguo Yang"", ""Mengliang Zhu"", ""Yangjian Liu"", ""Wenxin Lu"", ""Yang Zhou"", ""Yongzhong Bian""]}",10.1016/j.tetlet.2014.04.067,,,-4814.208902315336,-4814.150402057756,-4814.082652312093,Tetrahedron Lett. 
238,NOGWOX,,/home/shachar/repos/PorCrystalStructures/data/xyz/crystal/NOGWOX_0.xyz,/home/shachar/repos/PorCrystalStructures/data/ccdc_data/cif/porphyrins/NOGWOX.cif,[CH]1C=CC=CN1[Zn]123[N]4=C5C=CC4=C(c4ccc(C(=C6C=CC(=[N]26)C(=c2ccc(=C5c5c(ccc6ccccc56)O)n12)c1ccccc1)c1c(ccc2ccccc12)O)n34)c1ccc(cc1)O,"{""audit_creation_date"": ""2014-07-12"", ""audit_creation_method"": ""CSD-ConQuest-V1"", ""database_code_CSD"": ""NOGWOX"", ""database_code_depnum_ccdc_archive"": ""CCDC 949449"", ""chemical_formula_sum"": ""C60 H40 Cl9 N5 O3 Zn1"", ""chemical_formula_moiety"": """", ""journal_volume"": ""55"", ""journal_year"": ""2014"", ""journal_page_first"": ""3377"", ""journal_name_full"": ""Tetrahedron Lett. "", ""publ_author_name"": [""Liguo Yang"", ""Mengliang Zhu"", ""Yangjian Liu"", ""Wenxin Lu"", ""Yang Zhou"", ""Yongzhong Bian""]}",10.1016/j.tetlet.2014.04.067,,,-4468.806072275876,-4468.747271872558,-4468.678983926146,Tetrahedron Lett. 
239,NOHQEG,,/home/shachar/repos/PorCrystalStructures/data/xyz/crystal/NOHQEG_0.xyz,/home/shachar/repos/PorCrystalStructures/data/ccdc_data/cif/porphyrins/NOHQEG.cif,S([Os]123([N][O])[N]4=C5C=CC4=C(c4ccc(C(=C6C=CC(=[N]36)C(=c3ccc(=C5c5ccc(cc5)C)n13)c1ccc(C)cc1)c1ccc(cc1)C)n24)c1ccc(cc1)C)CCC(C)C,"{""audit_creation_date"": ""1998-07-09"", ""audit_creation_method"": ""CSD-ConQuest-V1"", ""database_code_CSD"": ""NOHQEG"", ""database_code_depnum_ccdc_archive"": null, ""chemical_formula_sum"": ""C53 H47 N5 O1 Os1 S1"", ""chemical_formula_moiety"": """", ""journal_volume"": ""36"", ""journal_year"": ""1997"", ""journal_page_first"": ""3876"", ""journal_name_full"": ""Inorg.Chem. "", ""publ_author_name"": [""Guen-Bae Yi"", ""Li Chen"", ""M.A.Khan"", ""G.B.Richter-Addo""]}",10.1021/ic970282c,,,-2881.937937763717,-2881.878160567166,-2881.809565448737,Inorg.Chem. 
240,NOKMIJ,,/home/shachar/repos/PorCrystalStructures/data/xyz/crystal/NOKMIJ_0.xyz,/home/shachar/repos/PorCrystalStructures/data/ccdc_data/cif/porphyrins/NOKMIJ.cif,[Ru]123([N]4=C5C=c6c(c(c(=CC7=[N]1C(=Cc1c(CC)c(c(C=C4C(=C5CC)CC)n31)CC)C(=C7CC)CC)n26)CC)CC)([N][O])ON=O,"{""audit_creation_date"": ""1998-07-09"", ""audit_creation_method"": ""CSD-ConQuest-V1"", ""database_code_CSD"": ""NOKMIJ"", ""database_code_depnum_ccdc_archive"": null, ""chemical_formula_sum"": ""C37 H46 Cl2 N6 O3 Ru1"", ""chemical_formula_moiety"": """", ""journal_volume"": ""36"", ""journal_year"": ""1997"", ""journal_page_first"": ""4838"", ""journal_name_full"": ""Inorg.Chem. "", ""publ_author_name"": [""K.M.Miranda"", ""X.Bu"", ""I.Lorkovic"", ""P.C.Ford""]}",10.1021/ic970065b,,,-2044.617209241223,-2044.546683748313,-2044.481528251042,Inorg.Chem. 
241,NOKPAH,,/home/shachar/repos/PorCrystalStructures/data/xyz/crystal/NOKPAH_0.xyz,/home/shachar/repos/PorCrystalStructures/data/ccdc_data/cif/porphyrins/NOKPAH.cif,c1(C2=C3C=CC4=[N]3[Co]35(n6c2ccc6C(=C2C=CC(=[N]52)C(=c2ccc(=C4c4ccccc4)n32)c2ccccc2)c2ccccc2)(S(=O)(=O)C(F)(F)F)[N][C]C)ccccc1,"{""audit_creation_date"": ""2019-06-21"", ""audit_creation_method"": ""CSD-ConQuest-V1"", ""database_code_CSD"": ""NOKPAH"", ""database_code_depnum_ccdc_archive"": ""CCDC 1905720"", ""chemical_formula_sum"": ""C47 H31 Co1 F3 N5 O2 S1"", ""chemical_formula_moiety"": """", ""journal_volume"": ""2019"", ""journal_year"": ""2019"", ""journal_page_first"": ""4613"", ""journal_name_full"": ""Eur.J.Org.Chem. "", ""publ_author_name"": [""K.Maeda"", ""T.Kurahashi"", ""S.Matsubara""]}",10.1002/ejoc.201900834,,,-4310.449120225204,-4310.387907819579,-4310.320321050785,Eur.J.Org.Chem. 
242,NOKPEL,,/home/shachar/repos/PorCrystalStructures/data/xyz/crystal/NOKPEL_0.xyz,/home/shachar/repos/PorCrystalStructures/data/ccdc_data/cif/porphyrins/NOKPEL.cif,c1(C2=c3n4c(=C(c5ccccc5)C5=[N]6C(=C(c7ccccc7)c7ccc8C(=C9C=CC2=[N]9[Co]46(C(F)(F)F)([N][C]C)n78)c2ccccc2)C=C5)cc3)ccccc1,"{""audit_creation_date"": ""2019-06-21"", ""audit_creation_method"": ""CSD-ConQuest-V1"", ""database_code_CSD"": ""NOKPEL"", ""database_code_depnum_ccdc_archive"": ""CCDC 1905721"", ""chemical_formula_sum"": ""C47 H31 Co1 F3 N5"", ""chemical_formula_moiety"": """", ""journal_volume"": ""2019"", ""journal_year"": ""2019"", ""journal_page_first"": ""4613"", ""journal_name_full"": ""Eur.J.Org.Chem. "", ""publ_author_name"": [""K.Maeda"", ""T.Kurahashi"", ""S.Matsubara""]}",10.1002/ejoc.201900834,,,-3762.013290589757,-3761.951471631009,-3761.882177768902,Eur.J.Org.Chem. 
243,NOLXUH,,/home/shachar/repos/PorCrystalStructures/data/xyz/crystal/NOLXUH_0.xyz,/home/shachar/repos/PorCrystalStructures/data/ccdc_data/cif/porphyrins/NOLXUH.cif,[Ni@@]123n4c5=CC6=[N]3C(=C(c3c(c(c(C(=C7C(=C(C(=[N]17)C(=c4c(c5CC)CC)CCCC)CC)CC)CCCC)n23)CC)CC)CCCC)C(=C6CC)CC,"{""audit_creation_date"": ""1998-07-09"", ""audit_creation_method"": ""CSD-ConQuest-V1"", ""database_code_CSD"": ""NOLXUH"", ""database_code_depnum_ccdc_archive"": ""CCDC 100789"", ""chemical_formula_sum"": ""C49 H70 Cl2 N4 Ni1"", ""chemical_formula_moiety"": """", ""journal_volume"": ""37"", ""journal_year"": ""1998"", ""journal_page_first"": ""1107"", ""journal_name_full"": ""Angew.Chem.,Int.Ed. "", ""publ_author_name"": [""W.W.Kalisch"", ""M.O.Senge""]}",10.1002/(sici)1521-3773(19980504)37:8<1107::aid-anie1107>3.3.co;2-q,,,-3593.764666596944,-3593.706204131454,-3593.642413131507,"Angew.Chem.,Int.Ed. "
244,NOVYEF,,/home/shachar/repos/PorCrystalStructures/data/xyz/crystal/NOVYEF_0.xyz,/home/shachar/repos/PorCrystalStructures/data/ccdc_data/cif/porphyrins/NOVYEF.cif,c1(ccc(C)cc1)C1=C2[N]3=C(C(=c4ccc5=C(c6ccc(C)cc6)C6=[N]7C(=C(c8n([Zn@]37n45)c1cc8)c1ccccc1)C=C6)SC)C=C2,"{""audit_creation_date"": ""2019-10-20"", ""audit_creation_method"": ""CSD-ConQuest-V1"", ""database_code_CSD"": ""NOVYEF"", ""database_code_depnum_ccdc_archive"": ""CCDC 1960380"", ""chemical_formula_sum"": ""C41 H30 N4 S1 Zn1"", ""chemical_formula_moiety"": """", ""journal_volume"": null, ""journal_year"": ""2019"", ""journal_page_first"": null, ""journal_name_full"": ""CSD Communication(Private Communication) "", ""publ_author_name"": [""M.O.Senge"", ""H.-G.Eckhardt"", ""A.A.Ryan""]}",10.4324/9781351069366-4,,,-3973.757969799097,-3973.694696439508,-3973.626410029368,CSD Communication(Private Communication) 
245,NOWXAB,,/home/shachar/repos/PorCrystalStructures/data/xyz/crystal/NOWXAB_0.xyz,/home/shachar/repos/PorCrystalStructures/data/ccdc_data/cif/porphyrins/NOWXAB.cif,C12=C(c3ccc4C(=C5C=CC6=[N]5[Zn@@]5([N]2=C(C=C1)C(=c1ccc(=C6)n51)c1cc(cc(c1)C(C)(C)C)C(C)(C)C)n34)c1cc(cc(c1)C(C)(C)C)C(C)(C)C)c1cccc(c1)C(=O)OCC,"{""audit_creation_date"": ""2019-10-21"", ""audit_creation_method"": ""CSD-ConQuest-V1"", ""database_code_CSD"": ""NOWXAB"", ""database_code_depnum_ccdc_archive"": ""CCDC 1549911"", ""chemical_formula_sum"": ""C57 H60 N4 O2 Zn1"", ""chemical_formula_moiety"": """", ""journal_volume"": null, ""journal_year"": ""2019"", ""journal_page_first"": null, ""journal_name_full"": ""CSD Communication(Private Communication) "", ""publ_author_name"": [""M.O.Senge"", ""K.J.Flanagan"", ""A.A.Ryan""]}",10.4324/9781351069366-4,,,-4352.720461989376,-4352.655476903745,-4352.587551155646,CSD Communication(Private Communication) 
246,NTPOLC01,,/home/shachar/repos/PorCrystalStructures/data/xyz/crystal/NTPOLC01_0.xyz,/home/shachar/repos/PorCrystalStructures/data/ccdc_data/cif/porphyrins/NTPOLC01.cif,[Co]123(n4c5=C(C6=[N]3C(=C(c3ccc(C(=C7C=CC(=[N]17)C(=c4cc5)c1ccccc1)c1ccccc1)n23)c1ccccc1)C=C6)c1ccccc1)(N1[CH]C(=CC(=C1)C)C)N(=O)=O,"{""audit_creation_date"": ""2006-09-07"", ""audit_creation_method"": ""CSD-ConQuest-V1"", ""database_code_CSD"": ""NTPOLC01"", ""database_code_depnum_ccdc_archive"": ""CCDC 289997"", ""chemical_formula_sum"": ""C51 H37 Co1 N6 O2"", ""chemical_formula_moiety"": """", ""journal_volume"": ""359"", ""journal_year"": ""2006"", ""journal_page_first"": ""3029"", ""journal_name_full"": ""Inorg.Chim.Acta "", ""publ_author_name"": [""E.Annoni"", ""M.Pizzotti"", ""R.Ugo"", ""S.Quici"", ""T.Morotti"", ""N.Casati"", ""P.Macchi""]}",10.1016/j.ica.2006.05.001,,,-3823.428669839398,-3823.3684897117,-3823.299668454782,Inorg.Chim.Acta 
247,NUFNEH,,/home/shachar/repos/PorCrystalStructures/data/xyz/crystal/NUFNEH_0.xyz,/home/shachar/repos/PorCrystalStructures/data/ccdc_data/cif/porphyrins/NUFNEH.cif,C12=C(c3ccccc3)c3ccc4C(=C5C=CC6=[N]5[Si]5(c7ccccc7)(c7ccccc7)(n7c(=C6c6ccccc6)ccc7=C(c6ccccc6)C(=[N]25)C=C1)n34)c1ccccc1,"{""audit_creation_date"": ""1998-09-03"", ""audit_creation_method"": ""CSD-ConQuest-V1"", ""database_code_CSD"": ""NUFNEH"", ""database_code_depnum_ccdc_archive"": null, ""chemical_formula_sum"": ""C56 H38 N4 Si1"", ""chemical_formula_moiety"": """", ""journal_volume"": ""37"", ""journal_year"": ""1998"", ""journal_page_first"": ""2591"", ""journal_name_full"": ""Inorg.Chem. "", ""publ_author_name"": [""Jian-Yu Zheng"", ""K.Konishi"", ""T.Aida""]}",10.1021/ic971266i,,,-2661.296189510837,-2661.242298495487,-2661.176037250447,Inorg.Chem. 
248,NUGMUA,,/home/shachar/repos/PorCrystalStructures/data/xyz/crystal/NUGMUA_0.xyz,/home/shachar/repos/PorCrystalStructures/data/ccdc_data/cif/porphyrins/NUGMUA.cif,c1cccc(C2=c3ccc4=C(c5ccccc5)C5=[N]6[Zn]7([N]8=C2C=CC8=C(c2ccc(C(=C6C=C5)c5ccccc5)n72)c2ccccc2)(n34)[N@]23CP4C[N@](C2)C[N@@](C4)C3)c1,"{""audit_creation_date"": ""2020-02-27"", ""audit_creation_method"": ""CSD-ConQuest-V1"", ""database_code_CSD"": ""NUGMUA"", ""database_code_depnum_ccdc_archive"": ""CCDC 1964280"", ""chemical_formula_sum"": ""C51 H43 Cl3 N7 O1 P1 Zn1"", ""chemical_formula_moiety"": """", ""journal_volume"": ""59"", ""journal_year"": ""2020"", ""journal_page_first"": ""4068"", ""journal_name_full"": ""Inorg.Chem. "", ""publ_author_name"": [""F.Battistin"", ""A.Vidal"", ""P.Cavigli"", ""G.Balducci"", ""Elisabetta Iengo"", ""E.Alessio""]}",10.1021/acs.inorgchem.0c00080,,,-4429.427108643296,-4429.368632724793,-4429.300045128088,Inorg.Chem. 
249,NUKXEY,,/home/shachar/repos/PorCrystalStructures/data/xyz/crystal/NUKXEY_0.xyz,/home/shachar/repos/PorCrystalStructures/data/ccdc_data/cif/porphyrins/NUKXEY.cif,C12=C(c3ccc4C(=C5C(=C(C6=[N]5[Zn]5([N]2=C(C(=C1C#Cc1ccccc1)C#Cc1ccccc1)C(=c1ccc(=C6c2ccc(cc2)CCCC)n51)c1ccc(cc1)CCCC)(n34)N1[CH]C=CC=C1)C#Cc1ccccc1)C#Cc1ccccc1)c1ccc(cc1)CCCC)c1ccc(cc1)CCCC,"{""audit_creation_date"": ""2015-04-30"", ""audit_creation_method"": ""CSD-ConQuest-V1"", ""database_code_CSD"": ""NUKXEY"", ""database_code_depnum_ccdc_archive"": ""CCDC 1012681"", ""chemical_formula_sum"": ""C97 H81 N5 Zn1"", ""chemical_formula_moiety"": """", ""journal_volume"": null, ""journal_year"": ""2014"", ""journal_page_first"": ""5760"", ""journal_name_full"": ""Eur.J.Inorg.Chem. "", ""publ_author_name"": [""P.Bhyrappa"", ""U.K.Sarangi"", ""V.Velkannan"", ""V.Ramkumar""]}",10.1002/ejic.201402661,,,,,,Eur.J.Inorg.Chem. 
250,NUMSOF,,/home/shachar/repos/PorCrystalStructures/data/xyz/crystal/NUMSOF_0.xyz,/home/shachar/repos/PorCrystalStructures/data/ccdc_data/cif/porphyrins/NUMSOF.cif,c1c2n3c(C(=C4[N]5=C(C(=c6n7c(=C(C8=[N](C(=C2C=O)C=C8)[Ni@]357)c2ccccc2)cc6)c2ccccc2)C=C4)c2ccccc2)c1,"{""audit_creation_date"": ""2015-05-04"", ""audit_creation_method"": ""CSD-ConQuest-V1"", ""database_code_CSD"": ""NUMSOF"", ""database_code_depnum_ccdc_archive"": ""CCDC 1047930"", ""chemical_formula_sum"": ""C40 H25 Cl3 N4 Ni1 O1"", ""chemical_formula_moiety"": """", ""journal_volume"": ""2015"", ""journal_year"": ""2015"", ""journal_page_first"": ""2807"", ""journal_name_full"": ""Eur.J.Org.Chem. "", ""publ_author_name"": [""S.R.Harper"", ""M.C.Pfrunder"", ""L.J.Esdaile"", ""P.Jensen"", ""J.C.McMurtrie"", ""D.P.Arnold""]}",10.1002/ejoc.201500183,,,-3300.140619124677,-3300.0791713194,-3300.055351068847,Eur.J.Org.Chem. 
251,NUMTIA,,/home/shachar/repos/PorCrystalStructures/data/xyz/crystal/NUMTIA_0.xyz,/home/shachar/repos/PorCrystalStructures/data/ccdc_data/cif/porphyrins/NUMTIA.cif,c12ccc3n1[Zn]14([N]5=C(C(=c6ccc(=C(C7=[N]1C(=C2N)C=C7)c1ccccc1)n46)c1ccccc1)C=CC5=C3c1ccccc1)N1[CH]C=CC=C1,"{""audit_creation_date"": ""2015-05-04"", ""audit_creation_method"": ""CSD-ConQuest-V1"", ""database_code_CSD"": ""NUMTIA"", ""database_code_depnum_ccdc_archive"": ""CCDC 1047934"", ""chemical_formula_sum"": ""C43 H30 N6 Zn1"", ""chemical_formula_moiety"": """", ""journal_volume"": ""2015"", ""journal_year"": ""2015"", ""journal_page_first"": ""2807"", ""journal_name_full"": ""Eur.J.Org.Chem. "", ""publ_author_name"": [""S.R.Harper"", ""M.C.Pfrunder"", ""L.J.Esdaile"", ""P.Jensen"", ""J.C.McMurtrie"", ""D.P.Arnold""]}",10.1002/ejoc.201500183,,,-3761.195669916772,-3761.147220075428,-3761.07154493127,Eur.J.Org.Chem. 
252,OBAFAB,,/home/shachar/repos/PorCrystalStructures/data/xyz/crystal/OBAFAB_0.xyz,/home/shachar/repos/PorCrystalStructures/data/ccdc_data/cif/porphyrins/OBAFAB.cif,c1(ccccc1)C1=c2n3[Zn@@]45[N]6=C(C=CC6=C(c6ccc(C(=C7[N]4=C1C=C7)c1ccccc1)n56)c1ccccc1)C(=c3cc2)c1cccc2cccc(c12)C(=O)Oc1ccccc1O,"{""audit_creation_date"": ""2016-11-17"", ""audit_creation_method"": ""CSD-ConQuest-V1"", ""database_code_CSD"": ""OBAFAB"", ""database_code_depnum_ccdc_archive"": ""CCDC 1426124"", ""chemical_formula_sum"": ""C56 H36 Cl2 N4 O3 Zn1"", ""chemical_formula_moiety"": """", ""journal_volume"": ""69"", ""journal_year"": ""2016"", ""journal_page_first"": ""2308"", ""journal_name_full"": ""J.Coord.Chem. "", ""publ_author_name"": [""Caifen Ou"", ""Huan Liu"", ""Ben Ma"", ""Chuanjiang Hu""]}",10.1080/00958972.2016.1206656,,,-4336.203220976379,-4336.143777762206,-4336.075810790826,J.Coord.Chem. 
253,OBOHAP,,/home/shachar/repos/PorCrystalStructures/data/xyz/crystal/OBOHAP_0.xyz,/home/shachar/repos/PorCrystalStructures/data/ccdc_data/cif/porphyrins/OBOHAP.cif,c1cc(c2c(C3=c4n5[Zn@]67n8c(C=C9[N]6=C3C=C9)ccc8C(=C3[N]7=C(C=C3)C=c5cc4)c3c(c4cc(ccc4)[P](c4ccccc4)(c4ccccc4)[S])cccc3)cccc2)cc([P](c2ccccc2)(c2ccccc2)[S])c1,"{""audit_creation_date"": ""2004-12-15"", ""audit_creation_method"": ""CSD-ConQuest-V1"", ""database_code_CSD"": ""OBOHAP"", ""database_code_depnum_ccdc_archive"": ""CCDC 249147"", ""chemical_formula_sum"": ""C70 H50 Cl4 N4 P2 S2 Zn1"", ""chemical_formula_moiety"": """", ""journal_volume"": ""23"", ""journal_year"": ""2004"", ""journal_page_first"": ""4012"", ""journal_name_full"": ""Organometallics "", ""publ_author_name"": [""M.Saito"", ""Y.Nishibayashi"", ""S.Uemura""]}",10.1021/om0498201,,,-6091.086106001542,-6091.026359909474,-6090.958307021183,Organometallics 
254,OCIRID,,/home/shachar/repos/PorCrystalStructures/data/xyz/crystal/OCIRID_0.xyz,,[Ni@@]123[N]4=C5C(=C(C4=Cc4c(C(C)C)c(C(C)C)c(C=C6C(=C(C(=[N]26)C=c2c(c(c(=C5)n12)C(C)C)C(C)C)C(C)C)C(C)C)n34)C(C)C)C(C)C,null,,,,-3436.830191404948,,-3436.737539336754,
255,ODAWIZ,,/home/shachar/repos/PorCrystalStructures/data/xyz/crystal/ODAWIZ_0.xyz,/home/shachar/repos/PorCrystalStructures/data/ccdc_data/cif/porphyrins/ODAWIZ.cif,n12[Ni@@]34[N]5=C6C=c1c(C)c(CC)c2=CC1=[N]4C(=Cc2n3c(cc2)C(=C5C=C6)c2cc(O)cc(O)c2)C(=C1CC)C,"{""audit_creation_date"": ""2002-02-21"", ""audit_creation_method"": ""CSD-ConQuest-V1"", ""database_code_CSD"": ""ODAWIZ"", ""database_code_depnum_ccdc_archive"": ""CCDC 157852"", ""chemical_formula_sum"": ""C33 H32 N4 Ni1 O3"", ""chemical_formula_moiety"": """", ""journal_volume"": ""74"", ""journal_year"": ""2001"", ""journal_page_first"": ""907"", ""journal_name_full"": ""Bull.Chem.Soc.Jpn. "", ""publ_author_name"": [""T.Tanaka"", ""K.Endo"", ""Y.Aoyama""]}",10.1246/bcsj.74.907,,,-3111.501519506621,-3111.481496907842,-3111.409816905559,Bull.Chem.Soc.Jpn. 
256,OJIYEN,,/home/shachar/repos/PorCrystalStructures/data/xyz/crystal/OJIYEN_0.xyz,/home/shachar/repos/PorCrystalStructures/data/ccdc_data/cif/porphyrins/OJIYEN.cif,c1ccccc1COc1ccc(C2=C3C=CC4=[N]3[Zn]35(n6c2ccc6C(=C2[N]3=C(C=C2)C(=c2n5c(=C4c3ccc(OCc4ccccc4)cc3)cc2)c2ccc(cc2)OCc2ccccc2)c2ccc(OCc3ccccc3)cc2)O[C](C)OCC)cc1,"{""audit_creation_date"": ""2016-04-06"", ""audit_creation_method"": ""CSD-ConQuest-V1"", ""database_code_CSD"": ""OJIYEN"", ""database_code_depnum_ccdc_archive"": ""CCDC 1466050"", ""chemical_formula_sum"": ""C76 H60 N4 O6 Zn1"", ""chemical_formula_moiety"": """", ""journal_volume"": null, ""journal_year"": ""2016"", ""journal_page_first"": null, ""journal_name_full"": ""CSD Communication(Private Communication) "", ""publ_author_name"": [""T.A.Dar"", ""M.K.Chahal"", ""R.A.Kumar"", ""M.Sankar""]}",10.1017/9781316809976.027,,,-5376.093974583476,-5376.034748125116,-5375.96567214331,CSD Communication(Private Communication) 
257,OROJOV,,/home/shachar/repos/PorCrystalStructures/data/xyz/crystal/OROJOV_0.xyz,/home/shachar/repos/PorCrystalStructures/data/ccdc_data/cif/porphyrins/OROJOV.cif,[Mn]123([N]4=C5C=CC4=C(c4ccc(cc4)OC)c4n1c(C(=C1C=CC(=[N]21)C(=c1n3c(=C5c2ccc(cc2)OC)cc1)c1ccc(cc1)OC)c1ccc(cc1)OC)cc4)Cl,"{""audit_creation_date"": ""2011-07-22"", ""audit_creation_method"": ""CSD-ConQuest-V1"", ""database_code_CSD"": ""OROJOV"", ""database_code_depnum_ccdc_archive"": ""CCDC 703055"", ""chemical_formula_sum"": ""C48 H36 Cl1 Mn1 N4 O4"", ""chemical_formula_moiety"": """", ""journal_volume"": ""13"", ""journal_year"": ""2011"", ""journal_page_first"": ""1320"", ""journal_name_full"": ""Solid State Sciences "", ""publ_author_name"": [""Shan Ling Tong"", ""Jing Zhang"", ""Yan Yan"", ""Sheng Hu"", ""Jian Yu"", ""Lin Yu""]}",10.1016/j.solidstatesciences.2011.03.029,,,-3977.966922862124,-3977.981971425862,-3978.011527565541,Solid State Sciences 
258,PAGLUE,,/home/shachar/repos/PorCrystalStructures/data/xyz/crystal/PAGLUE_0.xyz,/home/shachar/repos/PorCrystalStructures/data/ccdc_data/cif/porphyrins/PAGLUE.cif,[Zn]123(N4[CH]C=CC=C4)[N]4=C5C(=c6c(c(c(=CC7=[N]2C(=Cc2n3c(C=C4C(=C5CC)CC)c(c2CC)CC)C(=C7CC)CC)n16)CC)CC)O,"{""audit_creation_date"": ""1993-01-14"", ""audit_creation_method"": ""CSD-ConQuest-V1"", ""database_code_CSD"": ""PAGLUE"", ""database_code_depnum_ccdc_archive"": null, ""chemical_formula_sum"": ""C46 H54 N6 O1 Zn1"", ""chemical_formula_moiety"": """", ""journal_volume"": ""114"", ""journal_year"": ""1992"", ""journal_page_first"": ""3380"", ""journal_name_full"": ""J.Am.Chem.Soc. "", ""publ_author_name"": [""A.L.Balch"", ""B.C.Noll"", ""E.P.Zovinka""]}",10.1021/ja00035a032,,,-3717.04076345026,-3716.982069589764,-3716.91029420294,J.Am.Chem.Soc. 
259,PALFAL,,/home/shachar/repos/PorCrystalStructures/data/xyz/crystal/PALFAL_0.xyz,/home/shachar/repos/PorCrystalStructures/data/ccdc_data/cif/porphyrins/PALFAL.cif,c1ccc(C2=c3n4[Ni@]56[N]7=C2C(=C(C#CCCC)C7=C(c2ccccc2)c2n6c(C(=C6[N]5=C(C(=c4cc3)c3ccccc3)C=C6)c3ccccc3)cc2)C#CCCC)cc1,"{""audit_creation_date"": ""2012-04-09"", ""audit_creation_method"": ""CSD-ConQuest-V1"", ""database_code_CSD"": ""PALFAL"", ""database_code_depnum_ccdc_archive"": ""CCDC 804632"", ""chemical_formula_sum"": ""C54 H40 N4 Ni1"", ""chemical_formula_moiety"": """", ""journal_volume"": ""696"", ""journal_year"": ""2011"", ""journal_page_first"": ""4152"", ""journal_name_full"": ""J.Organomet.Chem. "", ""publ_author_name"": [""M.Nath"", ""M.Pink"", ""J.M.Zaleski""]}",10.1016/j.jorganchem.2011.07.008,,,-3805.038763876956,-3805.016186834049,-3804.949419755904,J.Organomet.Chem. 
260,PAZRAN,,/home/shachar/repos/PorCrystalStructures/data/xyz/crystal/PAZRAN_0.xyz,/home/shachar/repos/PorCrystalStructures/data/ccdc_data/cif/porphyrins/PAZRAN.cif,c1cccc(Oc2ccc(C3=C4C=CC5=[N]4[Zn]46([N]7=C(C(=c8ccc(=C5c5ccc(cc5)Oc5ccccc5)n48)c4ccc(Oc5ccccc5)cc4)C=CC7=C(c4n6c3cc4)c3ccc(cc3)Oc3ccccc3)N3[CH]C=NC=C3)cc2)c1,"{""audit_creation_date"": ""2022-03-19"", ""audit_creation_method"": ""CSD-ConQuest-V1"", ""database_code_CSD"": ""PAZRAN"", ""database_code_depnum_ccdc_archive"": ""CCDC 1574860"", ""chemical_formula_sum"": ""C72 H48 N6 O4 Zn1"", ""chemical_formula_moiety"": """", ""journal_volume"": ""310"", ""journal_year"": ""2022"", ""journal_page_first"": ""123048"", ""journal_name_full"": ""J.Solid State Chem. "", ""publ_author_name"": [""R.Soury"", ""M.Chaabene"", ""Ashanul Haque"", ""M.Jabli"", ""K.M.Alenezi"", ""S.Latif"", ""F.Abdulaziz"", ""A.Bchetnia"", ""C.Philouze""]}",10.1016/j.jssc.2022.123048,,,-5175.781479122578,-5175.724086317496,-5175.654897072946,J.Solid State Chem. 
262,PIZGEN,,/home/shachar/repos/PorCrystalStructures/data/xyz/crystal/PIZGEN_0.xyz,/home/shachar/repos/PorCrystalStructures/data/ccdc_data/cif/porphyrins/PIZGEN.cif,[Fe]123([C](c4ccccc4)c4ccccc4)([N]4=C5C=CC4=C(c4c(c(c(c(c4F)F)F)F)F)c4ccc(C(=C6C=CC(=[N]26)C(=c2ccc(=C5c5c(c(c(c(c5F)F)F)F)F)n12)c1c(c(c(c(c1F)F)F)F)F)c1c(c(c(c(c1F)F)F)F)F)n34)N1[CH]N(C=C1)CC,"{""audit_creation_date"": ""2018-12-19"", ""audit_creation_method"": ""CSD-ConQuest-V1"", ""database_code_CSD"": ""PIZGEN"", ""database_code_depnum_ccdc_archive"": ""CCDC 1856264"", ""chemical_formula_sum"": ""C62 H26 F20 Fe1 N6"", ""chemical_formula_moiety"": """", ""journal_volume"": ""58"", ""journal_year"": ""2019"", ""journal_page_first"": ""143"", ""journal_name_full"": ""Inorg.Chem. "", ""publ_author_name"": [""Haimang Wang"", ""C.E.Schulz"", ""Xuehong Wei"", ""Jianfeng Li""]}",10.1021/acs.inorgchem.9b01960,,,-5961.606360811624,-5961.58444862033,-5961.524171338482,Inorg.Chem. 
263,PODZEO,,/home/shachar/repos/PorCrystalStructures/data/xyz/crystal/PODZEO_0.xyz,/home/shachar/repos/PorCrystalStructures/data/ccdc_data/cif/porphyrins/PODZEO.cif,[Ru]123([C](c4ccccc4)C(F)(F)F)n4c5=C(C6=[N]3C(=C(c3ccc(C(=C7C=CC(=[N]17)C(=c4cc5)c1ccccc1)c1ccccc1)n23)c1ccccc1)C=C6)c1ccccc1,"{""audit_creation_date"": ""2008-10-16"", ""audit_creation_method"": ""CSD-ConQuest-V1"", ""database_code_CSD"": ""PODZEO"", ""database_code_depnum_ccdc_archive"": ""CCDC 702371"", ""chemical_formula_sum"": ""C52 H33 F3 N4 Ru1"", ""chemical_formula_moiety"": """", ""journal_volume"": ""64"", ""journal_year"": ""2008"", ""journal_page_first"": ""m1110"", ""journal_name_full"": ""Acta Crystallogr.,Sect.E:Struct.Rep.Online "", ""publ_author_name"": [""H.Yuge"", ""N.Arakawa"", ""S.Wada"", ""T.K.Miyamoto""]}",10.1107/s1600536808023374,,,-2611.072536639715,-2611.006944996434,-2610.958097935787,"Acta Crystallogr.,Sect.E:Struct.Rep.Online "
264,POLPEN,,/home/shachar/repos/PorCrystalStructures/data/xyz/crystal/POLPEN_0.xyz,/home/shachar/repos/PorCrystalStructures/data/ccdc_data/cif/porphyrins/POLPEN.cif,[Ni@]123[N]4=C5C(=C(C4=Cc4c(c(c(C=C6C(=C(C(=[N]36)C(=c3c(c(c(=C5)n23)C)C)C(F)(F)F)C)C)n14)C)C)C)C,"{""audit_creation_date"": ""2014-10-23"", ""audit_creation_method"": ""CSD-ConQuest-V1"", ""database_code_CSD"": ""POLPEN"", ""database_code_depnum_ccdc_archive"": ""CCDC 1005817"", ""chemical_formula_sum"": ""C29 H27 F3 N4 Ni1"", ""chemical_formula_moiety"": """", ""journal_volume"": ""43"", ""journal_year"": ""2014"", ""journal_page_first"": ""1563"", ""journal_name_full"": ""Chem.Lett. "", ""publ_author_name"": [""M.Suzuki"", ""Shuto Ishii"", ""Tyuji Hoshino"", ""S.Neya""]}",10.1246/cl.131149,,,-3145.825535203077,-3145.766132003441,-3145.742252370963,Chem.Lett. 
265,POLPIR,,/home/shachar/repos/PorCrystalStructures/data/xyz/crystal/POLPIR_0.xyz,/home/shachar/repos/PorCrystalStructures/data/ccdc_data/cif/porphyrins/POLPIR.cif,[Ni@]123[N]4=C5C=c6c(c(c(=CC7=[N]3C(=Cc3c(c(c(C(=C4C(=C5CC)CC)C(F)(F)F)n13)CC)CC)C(=C7CC)CC)n26)CC)CC,"{""audit_creation_date"": ""2014-10-23"", ""audit_creation_method"": ""CSD-ConQuest-V1"", ""database_code_CSD"": ""POLPIR"", ""database_code_depnum_ccdc_archive"": ""CCDC 1005818"", ""chemical_formula_sum"": ""C37 H43 F3 N4 Ni1"", ""chemical_formula_moiety"": """", ""journal_volume"": ""43"", ""journal_year"": ""2014"", ""journal_page_first"": ""1563"", ""journal_name_full"": ""Chem.Lett. "", ""publ_author_name"": [""M.Suzuki"", ""Shuto Ishii"", ""Tyuji Hoshino"", ""S.Neya""]}",10.1246/cl.131149,,,-3459.743007059263,-3459.717939889383,-3459.657685409129,Chem.Lett. 
266,PUCPIM,,/home/shachar/repos/PorCrystalStructures/data/xyz/crystal/PUCPIM_0.xyz,/home/shachar/repos/PorCrystalStructures/data/ccdc_data/cif/porphyrins/PUCPIM.cif,P(=O)(O[Os]123(n4c5=CC6=[N]1C(=Cc1c(c(c(C=C7[N]2=C(C=c4c(c5CC)CC)C(=C7CC)CC)n31)CC)CC)C(=C6CC)CC)[N][O])(F)F,"{""audit_creation_date"": ""1998-12-15"", ""audit_creation_method"": ""CSD-ConQuest-V1"", ""database_code_CSD"": ""PUCPIM"", ""database_code_depnum_ccdc_archive"": null, ""chemical_formula_sum"": ""C36 H44 F2 N5 O3 Os1 P1"", ""chemical_formula_moiety"": """", ""journal_volume"": ""37"", ""journal_year"": ""1998"", ""journal_page_first"": ""533"", ""journal_name_full"": ""Inorg.Chem. "", ""publ_author_name"": [""L.Chen"", ""M.A.Khan"", ""G.B.Richter-Addo""]}",10.1021/ic9708576,,,-2526.827551135005,-2526.754589552761,-2526.690256217171,Inorg.Chem. 
267,QAKJER,,/home/shachar/repos/PorCrystalStructures/data/xyz/crystal/QAKJER_0.xyz,/home/shachar/repos/PorCrystalStructures/data/ccdc_data/cif/porphyrins/QAKJER.cif,[Ni@@]123[N]4=C5C(=C(C4=Cc4c(c(c(C=C6C(=C(C(=[N]26)C=c2c(c(c(=C5CCC5OCCCO5)n12)CC)CC)CC)CC)n34)CC)CC)CC)CC,"{""audit_creation_date"": ""2001-03-02"", ""audit_creation_method"": ""CSD-ConQuest-V1"", ""database_code_CSD"": ""QAKJER"", ""database_code_depnum_ccdc_archive"": ""CCDC 135226"", ""chemical_formula_sum"": ""C42 H54 N4 Ni1 O2"", ""chemical_formula_moiety"": """", ""journal_volume"": ""6"", ""journal_year"": ""2000"", ""journal_page_first"": ""2721"", ""journal_name_full"": ""Chem.-Eur.J. "", ""publ_author_name"": [""M.O.Senge"", ""W.W.Kalisch"", ""I.Bischoff""]}",10.1002/1521-3765(20000804)6:15<2721::aid-chem2721>3.0.co;2-z,,,-3507.499416840531,-3507.475690769183,-3507.405835930716,Chem.-Eur.J. 
268,QAKJIV,,/home/shachar/repos/PorCrystalStructures/data/xyz/crystal/QAKJIV_0.xyz,/home/shachar/repos/PorCrystalStructures/data/ccdc_data/cif/porphyrins/QAKJIV.cif,[Ni@]123n4c5=CC6=[N]3C(=Cc3c(c(c(C=C7C(=C(C(=[N]17)C(=c4c(c5CC)CC)c1ccccc1)CC)CC)n23)CC)CC)C(=C6CC)CC,"{""audit_creation_date"": ""2001-03-02"", ""audit_creation_method"": ""CSD-ConQuest-V1"", ""database_code_CSD"": ""QAKJIV"", ""database_code_depnum_ccdc_archive"": ""CCDC 135234"", ""chemical_formula_sum"": ""C42 H48 N4 Ni1"", ""chemical_formula_moiety"": """", ""journal_volume"": ""6"", ""journal_year"": ""2000"", ""journal_page_first"": ""2721"", ""journal_name_full"": ""Chem.-Eur.J. "", ""publ_author_name"": [""M.O.Senge"", ""W.W.Kalisch"", ""I.Bischoff""]}",10.1002/1521-3765(20000804)6:15<2721::aid-chem2721>3.0.co;2-z,,,-3353.543728193176,-3353.523434761209,-3353.453961469859,Chem.-Eur.J. 
269,QAKJUH,,/home/shachar/repos/PorCrystalStructures/data/xyz/crystal/QAKJUH_0.xyz,/home/shachar/repos/PorCrystalStructures/data/ccdc_data/cif/porphyrins/QAKJUH.cif,[Ni@@]123[N]4=C5C(=C(C4=Cc4n2c(C(=C2C(=C(C(=[N]12)C=c1c(c(CC)c(=C5)n31)CC)CC)CC)c1c(OC)ccc(OC)c1)c(CC)c4CC)CC)CC,"{""audit_creation_date"": ""2001-03-02"", ""audit_creation_method"": ""CSD-ConQuest-V1"", ""database_code_CSD"": ""QAKJUH"", ""database_code_depnum_ccdc_archive"": ""CCDC 135230"", ""chemical_formula_sum"": ""C44 H52 N4 Ni1 O2"", ""chemical_formula_moiety"": """", ""journal_volume"": ""6"", ""journal_year"": ""2000"", ""journal_page_first"": ""2721"", ""journal_name_full"": ""Chem.-Eur.J. "", ""publ_author_name"": [""M.O.Senge"", ""W.W.Kalisch"", ""I.Bischoff""]}",10.1002/1521-3765(20000804)6:15<2721::aid-chem2721>3.0.co;2-z,,,-3582.357581964782,-3582.336231746483,-3582.266898616297,Chem.-Eur.J. 
270,QALJAS,,/home/shachar/repos/PorCrystalStructures/data/xyz/crystal/QALJAS_0.xyz,/home/shachar/repos/PorCrystalStructures/data/ccdc_data/cif/porphyrins/QALJAS.cif,[Zn]123(n4c5=C(C6=[N]3C(=C(c3ccccc3)c3ccc(C(=C7C=CC(=[N]17)C(=c4cc5)c1ccccc1)c1ccccc1)n23)C=C6)c1ccccc1)O[P@@](c1ccccc1)(CCC)C,"{""audit_creation_date"": ""2020-12-15"", ""audit_creation_method"": ""CSD-ConQuest-V1"", ""database_code_CSD"": ""QALJAS"", ""database_code_depnum_ccdc_archive"": ""CCDC 2005419"", ""chemical_formula_sum"": ""C55.19 H44.36 N4 O1 P1 Zn1"", ""chemical_formula_moiety"": """", ""journal_volume"": ""12"", ""journal_year"": ""2021"", ""journal_page_first"": ""1750"", ""journal_name_full"": ""Chemical Science "", ""publ_author_name"": [""D.Chakraborty"", ""H.Gholami"", ""A.Sarkar"", ""L.A.Joyce"", ""J.E.Jackson"", ""B.Borhan""]}",10.1039/d0sc02940h,,,-4494.490830134661,-4494.432059001319,-4494.363570262168,Chemical Science 
271,QAPWOX,,/home/shachar/repos/PorCrystalStructures/data/xyz/crystal/QAPWOX_0.xyz,/home/shachar/repos/PorCrystalStructures/data/ccdc_data/cif/porphyrins/QAPWOX.cif,[Mn]123(N(S(=O)(=O)c4ccc(cc4)C)Cl)n4c5=C(C6=[N]3C(=C(c3ccc(C(=C7C=CC(=[N]17)C(=c4cc5)c1ccccc1)c1ccccc1)n23)c1ccccc1)C=C6)c1ccccc1,"{""audit_creation_date"": ""2022-01-24"", ""audit_creation_method"": ""CSD-ConQuest-V1"", ""database_code_CSD"": ""QAPWOX"", ""database_code_depnum_ccdc_archive"": ""CCDC 2070487"", ""chemical_formula_sum"": ""C56 H42.5 Cl1 Mn1 N7.5 O2 S1"", ""chemical_formula_moiety"": """", ""journal_volume"": ""60"", ""journal_year"": ""2021"", ""journal_page_first"": ""26647"", ""journal_name_full"": ""Angew.Chem.,Int.Ed. "", ""publ_author_name"": [""G.P.Van Trieste"", ""K.A.Reid"", ""M.H.Hicks"", ""Anuvab Das"", ""M.T.Figgins"", ""N.Bhuvanesh"", ""A.Ozarowski"", ""J.Telser"", ""D.C.Powers""]}",10.1002/anie.202108304,,,-4393.868924674102,-4393.907880597387,-4393.932586139279,"Angew.Chem.,Int.Ed. "
272,QAPWUD,,/home/shachar/repos/PorCrystalStructures/data/xyz/crystal/QAPWUD_0.xyz,/home/shachar/repos/PorCrystalStructures/data/ccdc_data/cif/porphyrins/QAPWUD.cif,c12=C(C3=[N]4C(=C(c5ccc6C(=C7C=CC8=[N]7[Mn]4(N(S(=O)(=O)c4ccc(cc4)C)Cl)(n2c(=C8c2c(cccc2Cl)Cl)cc1)(n56)[N][C]C)c1c(cccc1Cl)Cl)c1c(cccc1Cl)Cl)C=C3)c1c(Cl)cccc1Cl,"{""audit_creation_date"": ""2022-01-24"", ""audit_creation_method"": ""CSD-ConQuest-V1"", ""database_code_CSD"": ""QAPWUD"", ""database_code_depnum_ccdc_archive"": ""CCDC 2070488"", ""chemical_formula_sum"": ""C59 H39 Cl9 Mn1 N9 O2 S1"", ""chemical_formula_moiety"": """", ""journal_volume"": ""60"", ""journal_year"": ""2021"", ""journal_page_first"": ""26647"", ""journal_name_full"": ""Angew.Chem.,Int.Ed. "", ""publ_author_name"": [""G.P.Van Trieste"", ""K.A.Reid"", ""M.H.Hicks"", ""Anuvab Das"", ""M.T.Figgins"", ""N.Bhuvanesh"", ""A.Ozarowski"", ""J.Telser"", ""D.C.Powers""]}",10.1002/anie.202108304,,,-8202.21534591764,-8202.25939281482,-8202.27741678699,"Angew.Chem.,Int.Ed. "
273,QAPXEO,,/home/shachar/repos/PorCrystalStructures/data/xyz/crystal/QAPXEO_0.xyz,/home/shachar/repos/PorCrystalStructures/data/ccdc_data/cif/porphyrins/QAPXEO.cif,[Mn]123(N(S(=O)(=O)c4ccc(cc4)C)Br)n4c5=C(c6ccccc6)C6=[N]1C(=C(c1ccccc1)c1ccc(C(=C7C=CC(=[N]37)C(=c4cc5)c3ccccc3)c3ccccc3)n21)C=C6,"{""audit_creation_date"": ""2022-01-24"", ""audit_creation_method"": ""CSD-ConQuest-V1"", ""database_code_CSD"": ""QAPXEO"", ""database_code_depnum_ccdc_archive"": ""CCDC 2070490"", ""chemical_formula_sum"": ""C56 H42.5 Br1 Mn1 N7.5 O2 S1"", ""chemical_formula_moiety"": """", ""journal_volume"": ""60"", ""journal_year"": ""2021"", ""journal_page_first"": ""26647"", ""journal_name_full"": ""Angew.Chem.,Int.Ed. "", ""publ_author_name"": [""G.P.Van Trieste"", ""K.A.Reid"", ""M.H.Hicks"", ""Anuvab Das"", ""M.T.Figgins"", ""N.Bhuvanesh"", ""A.Ozarowski"", ""J.Telser"", ""D.C.Powers""]}",10.1002/anie.202108304,,,-6507.673299448657,-6507.711320393828,-6507.736263799529,"Angew.Chem.,Int.Ed. "
274,QAPXIS,,/home/shachar/repos/PorCrystalStructures/data/xyz/crystal/QAPXIS_0.xyz,/home/shachar/repos/PorCrystalStructures/data/ccdc_data/cif/porphyrins/QAPXIS.cif,[Mn]123(N(S(=O)(=O)c4ccc(C)cc4)I)n4c5=C(C6=[N]3C(=C(c3n2c(C(=C2[N]1=C(C(=c4cc5)c1ccccc1)C=C2)c1ccccc1)cc3)c1ccccc1)C=C6)c1ccccc1,"{""audit_creation_date"": ""2022-01-24"", ""audit_creation_method"": ""CSD-ConQuest-V1"", ""database_code_CSD"": ""QAPXIS"", ""database_code_depnum_ccdc_archive"": ""CCDC 2070491"", ""chemical_formula_sum"": ""C54 H39.5 I1 Mn1 N6.5 O2 S1"", ""chemical_formula_moiety"": """", ""journal_volume"": ""60"", ""journal_year"": ""2021"", ""journal_page_first"": ""26647"", ""journal_name_full"": ""Angew.Chem.,Int.Ed. "", ""publ_author_name"": [""G.P.Van Trieste"", ""K.A.Reid"", ""M.H.Hicks"", ""Anuvab Das"", ""M.T.Figgins"", ""N.Bhuvanesh"", ""A.Ozarowski"", ""J.Telser"", ""D.C.Powers""]}",10.1002/anie.202108304,,,-4231.571242130827,-4231.585808658341,-4231.613029755365,"Angew.Chem.,Int.Ed. "
275,QAPXOY,,/home/shachar/repos/PorCrystalStructures/data/xyz/crystal/QAPXOY_0.xyz,/home/shachar/repos/PorCrystalStructures/data/ccdc_data/cif/porphyrins/QAPXOY.cif,c12=C(C3=[N]4C(=C(c5ccc6C(=C7C=CC8=[N]7[Mn]4(I)(n2c(=C8c2ccccc2)cc1)n56)c1ccccc1)c1ccccc1)C=C3)c1ccccc1,"{""audit_creation_date"": ""2022-01-24"", ""audit_creation_method"": ""CSD-ConQuest-V1"", ""database_code_CSD"": ""QAPXOY"", ""database_code_depnum_ccdc_archive"": ""CCDC 2070492"", ""chemical_formula_sum"": ""C47 H31 I1 Mn1 N4"", ""chemical_formula_moiety"": """", ""journal_volume"": ""60"", ""journal_year"": ""2021"", ""journal_page_first"": ""26647"", ""journal_name_full"": ""Angew.Chem.,Int.Ed. "", ""publ_author_name"": [""G.P.Van Trieste"", ""K.A.Reid"", ""M.H.Hicks"", ""Anuvab Das"", ""M.T.Figgins"", ""N.Bhuvanesh"", ""A.Ozarowski"", ""J.Telser"", ""D.C.Powers""]}",10.1002/anie.202108304,,,-3357.997703574064,-3358.013660563323,-3358.0436740943,"Angew.Chem.,Int.Ed. "
276,QARCOD,,/home/shachar/repos/PorCrystalStructures/data/xyz/crystal/QARCOD_0.xyz,/home/shachar/repos/PorCrystalStructures/data/ccdc_data/cif/porphyrins/QARCOD.cif,[Zn]123(n4c5C(=C6C=CC(=[N]36)C(=c3ccc(=C(C6=[N]1C(=C(c4cc5)c1ccccc1)C=C6)c1ccccc1)n23)c1ccccc1)c1ccccc1)N1[CH]C=C(C2=C([C@@]34[C@@]5(c6c7c8c9c%10c%11c%12c%13c%14c%15c%16c%17c(c3c%15c(c58)c%10%14)c3c4c4c6c5c6c7c7c9c%11c8c9c7c6c6c7c5c4c4c3c3c%17c5c%16c%13c%10c%11c5c5c3c4c7c3c5c%11c(c8c%12%10)c9c63)O2)C(=O)OCC)C=C1,"{""audit_creation_date"": ""2012-07-11"", ""audit_creation_method"": ""CSD-ConQuest-V1"", ""database_code_CSD"": ""QARCOD"", ""database_code_depnum_ccdc_archive"": ""CCDC 875723"", ""chemical_formula_sum"": ""C114 H37 N5 O3 Zn1"", ""chemical_formula_moiety"": """", ""journal_volume"": ""50"", ""journal_year"": ""2011"", ""journal_page_first"": ""11162"", ""journal_name_full"": ""Inorg.Chem. "", ""publ_author_name"": [""Li-Cheng Song"", ""Xu-Feng Liu"", ""Zhao-Jun Xie"", ""Fei-Xian Luo"", ""Hai-Bin Song""]}",10.1021/ic201713x,,,-6636.919610856387,-6636.855727060239,-6636.792950793934,Inorg.Chem. 
277,QASPAC,,/home/shachar/repos/PorCrystalStructures/data/xyz/crystal/QASPAC_0.xyz,/home/shachar/repos/PorCrystalStructures/data/ccdc_data/cif/porphyrins/QASPAC.cif,c1(cc(cc(C)c1C1=c2n3[Ru]45([N]6=C1C=CC6=C(c1c(cc(cc1C)C)C)c1n4c(cc1)C(=C1C=CC(=[N]51)C(=c3cc2)c1c(C)cc(cc1C)C)c1c(cc(cc1C)C)C)(Cl)Cl)C)C,"{""audit_creation_date"": ""2005-10-28"", ""audit_creation_method"": ""CSD-ConQuest-V1"", ""database_code_CSD"": ""QASPAC"", ""database_code_depnum_ccdc_archive"": ""CCDC 251907"", ""chemical_formula_sum"": ""C56.5 H52.5 Cl3.5 N4 Ru1"", ""chemical_formula_moiety"": """", ""journal_volume"": ""11"", ""journal_year"": ""2005"", ""journal_page_first"": ""3899"", ""journal_name_full"": ""Chem.-Eur.J. "", ""publ_author_name"": [""Jun-Long Zhang"", ""Chi-Ming Che""]}",10.1002/chem.200401008,,,-3395.482172198149,-3395.516162917097,-3395.454201014999,Chem.-Eur.J. 
278,QAYRIS01,,/home/shachar/repos/PorCrystalStructures/data/xyz/crystal/QAYRIS01_0.xyz,/home/shachar/repos/PorCrystalStructures/data/ccdc_data/cif/porphyrins/QAYRIS01.cif,[Zn]123(n4c5=C(C6=[N]3C(=C(c3ccc(C(=C7C=CC(=[N]17)C(=c4cc5)c1ccccc1)c1ccccc1)n23)c1ccccc1)C=C6)c1ccccc1)O[CH]N(C)C,"{""audit_creation_date"": ""2013-04-04"", ""audit_creation_method"": ""CSD-ConQuest-V1"", ""database_code_CSD"": ""QAYRIS01"", ""database_code_depnum_ccdc_archive"": ""CCDC 872030"", ""chemical_formula_sum"": ""C47 H35 N5 O1 Zn1"", ""chemical_formula_moiety"": """", ""journal_volume"": ""28"", ""journal_year"": ""2012"", ""journal_page_first"": ""1139"", ""journal_name_full"": ""Wuji Huaxue Xuebao(Chin.)(Chin.J.Inorg.Chem.) "", ""publ_author_name"": [""Yun Luo"", ""Yong-Ping Shi"", ""Gui-Ping Yao"", ""Jun Li""]}",10.1002/cjoc.201290004,,,-3936.819914192324,-3936.760058427669,-3936.691700790256,Wuji Huaxue Xuebao(Chin.)(Chin.J.Inorg.Chem.) 
279,QAYRIS02,,/home/shachar/repos/PorCrystalStructures/data/xyz/crystal/QAYRIS02_0.xyz,/home/shachar/repos/PorCrystalStructures/data/ccdc_data/cif/porphyrins/QAYRIS02.cif,[Zn]123([N]4=C5C=CC4=C(c4n3c(C(=C3C=CC(=[N]23)C(=c2ccc(=C5c3ccccc3)n12)c1ccccc1)c1ccccc1)cc4)c1ccccc1)O[CH]N(C)C,"{""audit_creation_date"": ""2015-10-20"", ""audit_creation_method"": ""CSD-ConQuest-V1"", ""database_code_CSD"": ""QAYRIS02"", ""database_code_depnum_ccdc_archive"": ""CCDC 923237"", ""chemical_formula_sum"": ""C47 H35 N5 O1 Zn1"", ""chemical_formula_moiety"": """", ""journal_volume"": ""25"", ""journal_year"": ""2013"", ""journal_page_first"": ""9748"", ""journal_name_full"": ""Asian J.Chem. "", ""publ_author_name"": [""Wei Gao"", ""Bo Shi"", ""Xue-Fen Wu""]}",10.14233/ajchem.2013.15310,,,-3936.819903114818,-3936.760048133108,-3936.691688705333,Asian J.Chem. 
280,QAYRIS,,/home/shachar/repos/PorCrystalStructures/data/xyz/crystal/QAYRIS_0.xyz,/home/shachar/repos/PorCrystalStructures/data/ccdc_data/cif/porphyrins/QAYRIS.cif,[Zn]123([N]4=C5C=CC4=C(c4ccc(C(=C6C=CC(=[N]26)C(=c2ccc(=C5c5ccccc5)n12)c1ccccc1)c1ccccc1)n34)c1ccccc1)O[CH]N(C)C,"{""audit_creation_date"": ""2006-02-15"", ""audit_creation_method"": ""CSD-ConQuest-V1"", ""database_code_CSD"": ""QAYRIS"", ""database_code_depnum_ccdc_archive"": ""CCDC 296722"", ""chemical_formula_sum"": ""C47 H35 N5 O1 Zn1"", ""chemical_formula_moiety"": """", ""journal_volume"": ""62"", ""journal_year"": ""2006"", ""journal_page_first"": ""m158"", ""journal_name_full"": ""Acta Crystallogr.,Sect.E:Struct.Rep.Online "", ""publ_author_name"": [""S.Lipstman"", ""I.Goldberg""]}",10.1107/s1600536806003527,,,-3936.819911316025,-3936.760057943266,-3936.691704682994,"Acta Crystallogr.,Sect.E:Struct.Rep.Online "
281,QENJOI,,/home/shachar/repos/PorCrystalStructures/data/xyz/crystal/QENJOI_0.xyz,/home/shachar/repos/PorCrystalStructures/data/ccdc_data/cif/porphyrins/QENJOI.cif,c1(ccccc1)C1=C2[N]3=C(C(=c4ccc5=C(C6=[N]7C(=C(c8ccccc8)c8n([Rh]37(n45)[C](c3ccccc3)[NH])c1cc8)C(=C6c1ccccc1)c1ccccc1)c1ccccc1)c1ccccc1)C(=C2c1ccccc1)c1ccccc1,"{""audit_creation_date"": ""2001-05-10"", ""audit_creation_method"": ""CSD-ConQuest-V1"", ""database_code_CSD"": ""QENJOI"", ""database_code_depnum_ccdc_archive"": ""CCDC 133534"", ""chemical_formula_sum"": ""C75 H50 N5 Rh1"", ""chemical_formula_moiety"": """", ""journal_volume"": ""598"", ""journal_year"": ""2000"", ""journal_page_first"": ""80"", ""journal_name_full"": ""J.Organomet.Chem. "", ""publ_author_name"": [""Xiang Zhou"", ""Man Kin Tse"", ""De-Dong Wu"", ""T.C.W.Mak"", ""Kin Shing Chan""]}",10.1016/s0022-328x(99)00681-6,,,-3267.163493193016,-3267.09380600166,-3267.022974294952,J.Organomet.Chem. 
282,QEZGEI,,/home/shachar/repos/PorCrystalStructures/data/xyz/crystal/QEZGEI_0.xyz,/home/shachar/repos/PorCrystalStructures/data/ccdc_data/cif/porphyrins/QEZGEI.cif,[C]1(N(C=CC=C1)[Cd]123[N]4=C5C(=c6ccc(=C(c7ccccc7)C7=[N]3C(=C(c3ccccc3)c3n1c(C(=C4C=C5)c1ccccc1)cc3)C=C7)n26)c1ccccc1)N,"{""audit_creation_date"": ""2007-07-11"", ""audit_creation_method"": ""CSD-ConQuest-V1"", ""database_code_CSD"": ""QEZGEI"", ""database_code_depnum_ccdc_archive"": ""CCDC 279682"", ""chemical_formula_sum"": ""C52 H40 Cd1 N6 O1"", ""chemical_formula_moiety"": """", ""journal_volume"": ""27"", ""journal_year"": ""2006"", ""journal_page_first"": ""1053"", ""journal_name_full"": ""Bull.Korean Chem.Soc. "", ""publ_author_name"": [""Pu Su Zhao"", ""Fang Fang Jian"", ""Lan Zhang""]}",10.5012/bkcs.2006.27.7.1053,,,-2380.40870211388,-2380.353049448068,-2380.284392744487,Bull.Korean Chem.Soc. 
283,QIHYAJ,,/home/shachar/repos/PorCrystalStructures/data/xyz/crystal/QIHYAJ_0.xyz,/home/shachar/repos/PorCrystalStructures/data/ccdc_data/cif/porphyrins/QIHYAJ.cif,C1(=c2ccc3=C(C4=[N]5[Pd@]6(n23)[N]2=C1C=CC2=C(c1ccccc1)c1n6c(C(=C5C=C4)c2ccccc2)cc1)c1ccncc1)c1ccccc1,"{""audit_creation_date"": ""2013-10-24"", ""audit_creation_method"": ""CSD-ConQuest-V1"", ""database_code_CSD"": ""QIHYAJ"", ""database_code_depnum_ccdc_archive"": ""CCDC 968512"", ""chemical_formula_sum"": ""C43 H27 N5 Pd1"", ""chemical_formula_moiety"": """", ""journal_volume"": ""52"", ""journal_year"": ""2013"", ""journal_page_first"": ""10394"", ""journal_name_full"": ""Inorg.Chem. "", ""publ_author_name"": [""C.M.Lemon"", ""E.Karnas"", ""M.G.Bawendi"", ""D.G.Nocera""]}",10.1021/ic4011168,,,-2053.438060913679,-2053.369544841838,-2053.297983190744,Inorg.Chem. 
284,QIJXEM,,/home/shachar/repos/PorCrystalStructures/data/xyz/crystal/QIJXEM_0.xyz,/home/shachar/repos/PorCrystalStructures/data/ccdc_data/cif/porphyrins/QIJXEM.cif,c1(ccccc1)C1=c2ccc3=C(C4=[N]5[Rh]6(I)(n23)(n2c(C(=C5C=C4)c3ccccc3)ccc2C(=C2C=CC1=[N]62)c1ccccc1)N1[CH]C=CC=C1)c1ccccc1,"{""audit_creation_date"": ""2001-06-22"", ""audit_creation_method"": ""CSD-ConQuest-V1"", ""database_code_CSD"": ""QIJXEM"", ""database_code_depnum_ccdc_archive"": ""CCDC 163904"", ""chemical_formula_sum"": ""C56 H41 I1 N5 Rh1"", ""chemical_formula_moiety"": """", ""journal_volume"": ""57"", ""journal_year"": ""2001"", ""journal_page_first"": ""406"", ""journal_name_full"": ""Acta Crystallogr.,Sect.C:Cryst.Struct.Commun. "", ""publ_author_name"": [""G.B.Jameson"", ""J.P.Collman"", ""R.Boulatov""]}",10.1107/s0108270101001536,,,-2565.734252086423,-2565.645714861088,-2565.584203534182,"Acta Crystallogr.,Sect.C:Cryst.Struct.Commun. "
285,QOQGUY,,/home/shachar/repos/PorCrystalStructures/data/xyz/crystal/QOQGUY_0.xyz,/home/shachar/repos/PorCrystalStructures/data/ccdc_data/cif/porphyrins/QOQGUY.cif,[Ni@]123[N]4=C5C(=C(C4=C(c4ccccc4)c4c(CC)c(c(n34)C(=C3C(=C(C(=[N]23)C(=c2c(c(c(=C5Oc3ccccc3)n12)CC)CC)c1ccccc1)CC)CC)c1ccccc1)CC)CC)CC,"{""audit_creation_date"": ""2001-08-17"", ""audit_creation_method"": ""CSD-ConQuest-V1"", ""database_code_CSD"": ""QOQGUY"", ""database_code_depnum_ccdc_archive"": ""CCDC 150531"", ""chemical_formula_sum"": ""C61 H62 Cl2 N4 Ni1 O1"", ""chemical_formula_moiety"": """", ""journal_volume"": ""2001"", ""journal_year"": ""2001"", ""journal_page_first"": ""1735"", ""journal_name_full"": ""Eur.J.Org.Chem. "", ""publ_author_name"": [""M.O.Senge"", ""I.Bischoff""]}",10.1002/1099-0690(200105)2001:9<1735::aid-ejoc1735>3.0.co;2-6,,,-4120.588982672389,,-4120.500785435679,Eur.J.Org.Chem. 
286,QOQHEJ,,/home/shachar/repos/PorCrystalStructures/data/xyz/crystal/QOQHEJ_0.xyz,/home/shachar/repos/PorCrystalStructures/data/ccdc_data/cif/porphyrins/QOQHEJ.cif,C(C)C1=C(C2=[N]3[Ni@]45n6c(c(c(c6C(=C6C(=C(C(=[N]46)C(=c4c(c(c(=C2C#N)n54)CC)CC)c2ccccc2)CC)CC)CCCC)CC)CC)C(=C13)c1ccccc1)CC,"{""audit_creation_date"": ""2001-08-17"", ""audit_creation_method"": ""CSD-ConQuest-V1"", ""database_code_CSD"": ""QOQHEJ"", ""database_code_depnum_ccdc_archive"": ""CCDC 150533"", ""chemical_formula_sum"": ""C53 H59 N5 Ni1"", ""chemical_formula_moiety"": """", ""journal_volume"": ""2001"", ""journal_year"": ""2001"", ""journal_page_first"": ""1735"", ""journal_name_full"": ""Eur.J.Org.Chem. "", ""publ_author_name"": [""M.O.Senge"", ""I.Bischoff""]}",10.1002/1099-0690(200105)2001:9<1735::aid-ejoc1735>3.0.co;2-6,,,-3833.242318667397,-3833.179709633994,-3833.154672786861,Eur.J.Org.Chem. 
287,QOQJAH,,/home/shachar/repos/PorCrystalStructures/data/xyz/crystal/QOQJAH_0.xyz,/home/shachar/repos/PorCrystalStructures/data/ccdc_data/cif/porphyrins/QOQJAH.cif,c1ccccc1C1=c2c(c(c3=CC4=[N]5[Ni@]6(n7c(C=C5C(=C4CC)CC)c(CC)c(CC)c7C(=C4[N]6=C1C(=C4CC)CC)c1ccccc1)n23)CC)CC,"{""audit_creation_date"": ""2001-08-17"", ""audit_creation_method"": ""CSD-ConQuest-V1"", ""database_code_CSD"": ""QOQJAH"", ""database_code_depnum_ccdc_archive"": ""CCDC 150537"", ""chemical_formula_sum"": ""C49 H54 Cl2 N4 Ni1"", ""chemical_formula_moiety"": """", ""journal_volume"": ""2001"", ""journal_year"": ""2001"", ""journal_page_first"": ""1735"", ""journal_name_full"": ""Eur.J.Org.Chem. "", ""publ_author_name"": [""M.O.Senge"", ""I.Bischoff""]}",10.1002/1099-0690(200105)2001:9<1735::aid-ejoc1735>3.0.co;2-6,,,-3584.16596968446,-3584.145629970071,-3584.077026702026,Eur.J.Org.Chem. 
288,QOSBAB,,/home/shachar/repos/PorCrystalStructures/data/xyz/crystal/QOSBAB_0.xyz,/home/shachar/repos/PorCrystalStructures/data/ccdc_data/cif/porphyrins/QOSBAB.cif,c12n3[Ni@@]45n6c(=C(C7=[N]5C(=C1)C=C7N(=O)=O)C(F)(F)F)ccc6=CC1=[N]4C(=Cc3c(CC)c2C)C(=C1C)CC,"{""audit_creation_date"": ""2001-08-17"", ""audit_creation_method"": ""CSD-ConQuest-V1"", ""database_code_CSD"": ""QOSBAB"", ""database_code_depnum_ccdc_archive"": ""CCDC 165500"", ""chemical_formula_sum"": ""C27 H22 F3 N5 Ni1 O2"", ""chemical_formula_moiety"": """", ""journal_volume"": ""57"", ""journal_year"": ""2001"", ""journal_page_first"": ""4261"", ""journal_name_full"": ""Tetrahedron "", ""publ_author_name"": [""A.Wickramasinghe"", ""L.Jaquinod"", ""D.J.Nurco"", ""K.M.Smith""]}",10.1016/s0040-4020(01)00329-5,,,-3271.712296149677,-3271.690174498862,-3271.628512618856,Tetrahedron 
289,QOYWAC,,/home/shachar/repos/PorCrystalStructures/data/xyz/crystal/QOYWAC_0.xyz,/home/shachar/repos/PorCrystalStructures/data/ccdc_data/cif/porphyrins/QOYWAC.cif,c1cc2=C(C3=[N]4[Rh]56(n2c1=C(C1=[N]6C(=C(c2ccc(C(=C4C=C3)[C@@H]3C(C)([C@@H]3C(=O)OC)C)n52)[C@@H]2C(C)(C)[C@@H]2C(=O)OC)C=C1)[C@@H]1C(C)(C)[C@@H]1C(=O)OC)(I)[O])[C@@H]1C(C)(C)[C@@H]1C(=O)OC,"{""audit_creation_date"": ""2001-08-28"", ""audit_creation_method"": ""CSD-ConQuest-V1"", ""database_code_CSD"": ""QOYWAC"", ""database_code_depnum_ccdc_archive"": ""CCDC 153293"", ""chemical_formula_sum"": ""C50 H60 I1 N4 O10 Rh1"", ""chemical_formula_moiety"": """", ""journal_volume"": ""315"", ""journal_year"": ""2001"", ""journal_page_first"": ""240"", ""journal_name_full"": ""Inorg.Chim.Acta "", ""publ_author_name"": [""J.-P.Simonato"", ""J.Pecaut"", ""J.-C.Marchon""]}",10.1016/s0020-1693(01)00321-8,,,,,,Inorg.Chim.Acta 
290,QQQFQG01,,/home/shachar/repos/PorCrystalStructures/data/xyz/crystal/QQQFQG01_0.xyz,/home/shachar/repos/PorCrystalStructures/data/ccdc_data/cif/porphyrins/QQQFQG01.cif,C1(=C(C2=[N]3[Ru]45([C][O])(n6c(=C2)c(c(CC)c6=CC2=[N]4C(=Cc4n5c(c(CC)c4CC)C=C13)C(=C2CC)CC)CC)N1[CH]C=CC=C1)CC)CC,"{""audit_creation_date"": ""2019-12-13"", ""audit_creation_method"": ""CSD-ConQuest-V1"", ""database_code_CSD"": ""QQQFQG01"", ""database_code_depnum_ccdc_archive"": ""CCDC 1876317"", ""chemical_formula_sum"": ""C42 H49 N5 O1 Ru1"", ""chemical_formula_moiety"": """", ""journal_volume"": ""55"", ""journal_year"": ""2019"", ""journal_page_first"": ""1104"", ""journal_name_full"": ""Prot.Met.Phys.Chem.Surf. "", ""publ_author_name"": [""V.V.Shirokova"", ""V.S.Tyurin"", ""N.M.Stanetskaya"", ""M.N.Sokolova"", ""A.O.Shkirdova"", ""I.A.Zamilatskov""]}",10.1134/s2070205119060285,,,-2070.92784612622,-2070.852469222393,-2070.782994823159,Prot.Met.Phys.Chem.Surf. 
291,QUNDUA,,/home/shachar/repos/PorCrystalStructures/data/xyz/crystal/QUNDUA_0.xyz,/home/shachar/repos/PorCrystalStructures/data/ccdc_data/cif/porphyrins/QUNDUA.cif,[Zn]123(N4[CH]C=C(C=C4)/C=C/c4cc5ccc(cc5oc4=O)N(CC)CC)[N]4=C5C(=c6ccc(=C(c7ccccc7)C7=[N]2C(=C(c2n3c(C(=C4C=C5)c3ccccc3)cc2)c2ccccc2)C=C7)n16)c1ccccc1,"{""audit_creation_date"": ""2015-06-11"", ""audit_creation_method"": ""CSD-ConQuest-V1"", ""database_code_CSD"": ""QUNDUA"", ""database_code_depnum_ccdc_archive"": ""CCDC 1406092; not CCDC 760916 as published"", ""chemical_formula_sum"": ""C78 H64 N6 O2 Zn1"", ""chemical_formula_moiety"": """", ""journal_volume"": ""57"", ""journal_year"": ""2015"", ""journal_page_first"": ""47"", ""journal_name_full"": ""Inorg.Chem.Commun. "", ""publ_author_name"": [""Guanghui Li"", ""Aijian Wang"", ""Jingbao Song"", ""Qiang Zhou""]}",10.1016/j.inoche.2015.05.002,,,-4721.171573182704,-4721.112600716001,-4721.04414123808,Inorg.Chem.Commun. 
292,QUWTEJ,,/home/shachar/repos/PorCrystalStructures/data/xyz/crystal/QUWTEJ_0.xyz,/home/shachar/repos/PorCrystalStructures/data/ccdc_data/cif/porphyrins/QUWTEJ.cif,c1cc(ccc1C1=c2ccc3=C(C4=[N]5[Fe]6(n23)([N]2=C1C=CC2=C(c1ccc(C(=C5C=C4)c2ccc(OC)cc2)n61)c1ccc(cc1)OC)(N(c1ccccc1)[O])N1[CH]N(C=C1)C)c1ccc(cc1)OC)OC,"{""audit_creation_date"": ""2015-11-04"", ""audit_creation_method"": ""CSD-ConQuest-V1"", ""database_code_CSD"": ""QUWTEJ"", ""database_code_depnum_ccdc_archive"": ""CCDC 1040734"", ""chemical_formula_sum"": ""C58 H47 Fe1 N7 O5"", ""chemical_formula_moiety"": """", ""journal_volume"": ""44"", ""journal_year"": ""2015"", ""journal_page_first"": ""20121"", ""journal_name_full"": ""Dalton Trans. "", ""publ_author_name"": [""Nan Xu"", ""J.H.Christian"", ""N.S.Dalal"", ""E.G.Abucayon"", ""Colin Lingafelt"", ""D.R.Powell"", ""G.B.Richter-Addo""]}",10.1039/c5dt03074a,,,-4256.852938769882,-4256.823508504129,-4256.764556782285,Dalton Trans. 
293,REFPOH,,/home/shachar/repos/PorCrystalStructures/data/xyz/crystal/REFPOH_0.xyz,/home/shachar/repos/PorCrystalStructures/data/ccdc_data/cif/porphyrins/REFPOH.cif,C12=Cc3ccc4C(=C5C=CC6=[N]5[Ni@]5([N]1=C(C=C2)C(=c1ccc(=C6)n51)C(C)(C)C)n34)C(C)(C)C,"{""audit_creation_date"": ""1997-09-01"", ""audit_creation_method"": ""CSD-ConQuest-V1"", ""database_code_CSD"": ""REFPOH"", ""database_code_depnum_ccdc_archive"": null, ""chemical_formula_sum"": ""C28 H28 N4 Ni1"", ""chemical_formula_moiety"": """", ""journal_volume"": ""118"", ""journal_year"": ""1996"", ""journal_page_first"": ""12975"", ""journal_name_full"": ""J.Am.Chem.Soc. "", ""publ_author_name"": [""Xing-Zhi Song"", ""W.Jentzen"", ""Song-Ling Jia"", ""L.Jaquinod"", ""D.J.Nurco"", ""C.J.Medforth"", ""K.M.Smith"", ""J.A.Shelnutt""]}",10.1021/ja961676q,,,-2808.921113106815,-2808.861513370058,-2808.79177355124,J.Am.Chem.Soc. 
294,REHGOB,,/home/shachar/repos/PorCrystalStructures/data/xyz/crystal/REHGOB_0.xyz,/home/shachar/repos/PorCrystalStructures/data/ccdc_data/cif/porphyrins/REHGOB.cif,c1cc(C2=C3[N]4=C(C(=c5ccc6=C(C7=[N]8[Zn]4(n56)(n4c(C(=C8C=C7)c5ccc(cc5)C#N)ccc24)N2[CH]C=CC=C2)c2ccc(C#N)cc2)c2ccc4c(cccc4)n2)C=C3)ccc1C#N,"{""audit_creation_date"": ""2006-06-21"", ""audit_creation_method"": ""CSD-ConQuest-V1"", ""database_code_CSD"": ""REHGOB"", ""database_code_depnum_ccdc_archive"": ""CCDC 605244"", ""chemical_formula_sum"": ""C64 H43 N11 O3 Zn1"", ""chemical_formula_moiety"": """", ""journal_volume"": ""62"", ""journal_year"": ""2006"", ""journal_page_first"": ""m753"", ""journal_name_full"": ""Acta Crystallogr.,Sect.E:Struct.Rep.Online "", ""publ_author_name"": [""S.Muniappan"", ""S.Liptsman"", ""I.Goldberg""]}",10.1107/s1600536806008026,,,-4382.357910074776,-4382.298368173037,-4382.231514800537,"Acta Crystallogr.,Sect.E:Struct.Rep.Online "
295,RIGWUC,,/home/shachar/repos/PorCrystalStructures/data/xyz/crystal/RIGWUC_0.xyz,/home/shachar/repos/PorCrystalStructures/data/ccdc_data/cif/porphyrins/RIGWUC.cif,[Ni@]123[N]4=C5C=CC4=C(c4c(c(c(C(=C6C=CC(=[N]26)C(=c2c(c(c(=C5c5ccccc5)n12)c1ccccc1)c1ccccc1)c1ccccc1)c1ccccc1)n34)c1ccccc1)c1ccccc1)c1ccccc1,"{""audit_creation_date"": ""2018-07-06"", ""audit_creation_method"": ""CSD-ConQuest-V1"", ""database_code_CSD"": ""RIGWUC"", ""database_code_depnum_ccdc_archive"": ""CCDC 1469723"", ""chemical_formula_sum"": ""C70 H46 Cl6 N4 Ni1"", ""chemical_formula_moiety"": """", ""journal_volume"": ""59"", ""journal_year"": ""2018"", ""journal_page_first"": ""415"", ""journal_name_full"": ""Zh.Strukt.Khim.(Russ.)(J.Struct.Chem.) "", ""publ_author_name"": [""P.Bhyrappa"", ""M.Sankar"", ""K.Karunanithi"", ""B.Varghese""]}",10.1134/s0022476618020233,,,-4340.108700751258,-4340.080492620729,-4340.016430431419,Zh.Strukt.Khim.(Russ.)(J.Struct.Chem.) 
296,RIHXEL,,/home/shachar/repos/PorCrystalStructures/data/xyz/crystal/RIHXEL_0.xyz,/home/shachar/repos/PorCrystalStructures/data/ccdc_data/cif/porphyrins/RIHXEL.cif,[N]12=C3C(=C(C)C2=C(c2c(c(c4C(=C5C(=C(C6=[N]5[Ni@@]1(n1c(=C6)c(c(c1=C3)CCC(=O)OC)C)n24)CC)C)c1ccc(cc1)CCl)C)CC)C=O)CCC(=O)OC,"{""audit_creation_date"": ""1997-11-11"", ""audit_creation_method"": ""CSD-ConQuest-V1"", ""database_code_CSD"": ""RIHXEL"", ""database_code_depnum_ccdc_archive"": null, ""chemical_formula_sum"": ""C44 H45 Cl1 N4 Ni1 O5"", ""chemical_formula_moiety"": """", ""journal_volume"": ""36"", ""journal_year"": ""1997"", ""journal_page_first"": ""1149"", ""journal_name_full"": ""Inorg.Chem. "", ""publ_author_name"": [""M.O.Senge"", ""C.J.Medforth"", ""T.P.Forsyth"", ""D.A.Lee"", ""M.M.Olmstead"", ""W.Jentzen"", ""R.K.Pandey"", ""J.A.Shelnutt"", ""K.M.Smith""]}",10.1021/ic961156w,,,-4263.796241968847,-4263.742713258272,-4263.717988783583,Inorg.Chem. 
297,RIHXOV,,/home/shachar/repos/PorCrystalStructures/data/xyz/crystal/RIHXOV_0.xyz,/home/shachar/repos/PorCrystalStructures/data/ccdc_data/cif/porphyrins/RIHXOV.cif,[Ni@@]123n4c5c(C)c(CC)c4C(=C4C(=C(C)C(=[N]14)C(=c1c(C)c(CC)c(=CC4=[N]3C(=C5c3ccccc3)C(=C4CC)C)n21)c1ccccc1)CC)C=O,"{""audit_creation_date"": ""1997-11-11"", ""audit_creation_method"": ""CSD-ConQuest-V1"", ""database_code_CSD"": ""RIHXOV"", ""database_code_depnum_ccdc_archive"": null, ""chemical_formula_sum"": ""C45 H44 N4 Ni1 O1"", ""chemical_formula_moiety"": """", ""journal_volume"": ""36"", ""journal_year"": ""1997"", ""journal_page_first"": ""1149"", ""journal_name_full"": ""Inorg.Chem. "", ""publ_author_name"": [""M.O.Senge"", ""C.J.Medforth"", ""T.P.Forsyth"", ""D.A.Lee"", ""M.M.Olmstead"", ""W.Jentzen"", ""R.K.Pandey"", ""J.A.Shelnutt"", ""K.M.Smith""]}",10.1021/ic961156w,,,-3540.405360222162,-3540.351886661443,-3540.321233065386,Inorg.Chem. 
298,RIRNUB,,/home/shachar/repos/PorCrystalStructures/data/xyz/crystal/RIRNUB_0.xyz,/home/shachar/repos/PorCrystalStructures/data/ccdc_data/cif/porphyrins/RIRNUB.cif,Cc1ccc(cc1)S(=O)(=O)N[Ru]123(n4c5=C(C6=[N]3C(=C(c3ccc(C(=C7C=CC(=[N]17)C(=c4cc5)c1ccccc1)c1ccccc1)n23)c1ccccc1)C=C6)c1ccccc1)n1cccn1,"{""audit_creation_date"": ""1997-11-21"", ""audit_creation_method"": ""CSD-ConQuest-V1"", ""database_code_CSD"": ""RIRNUB"", ""database_code_depnum_ccdc_archive"": ""CCDC 1250478"", ""chemical_formula_sum"": ""C54 H39 N7 O2 Ru1 S1"", ""chemical_formula_moiety"": """", ""journal_volume"": null, ""journal_year"": ""1997"", ""journal_page_first"": ""1655"", ""journal_name_full"": ""Chem.Commun. "", ""publ_author_name"": [""Sze-Man Au"", ""Wai-Hong Fung"", ""Ming-Chuan Cheng"", ""Chi-Ming Che"", ""Shie-Ming Peng""]}",10.1039/a702093g,,,-3103.92103877449,-3103.909762691974,-3103.846240754971,Chem.Commun. 
299,ROGSAK,,/home/shachar/repos/PorCrystalStructures/data/xyz/crystal/ROGSAK_0.xyz,/home/shachar/repos/PorCrystalStructures/data/ccdc_data/cif/porphyrins/ROGSAK.cif,[Mn]123(n4c5=C(c6cc(C(C)(C)C)cc(c6)C(C)(C)C)C6=[N]2C(=Cc2ccc(n12)C(=C1C=CC(=[N]31)C=c4cc5)c1cc(cc(C(C)(C)C)c1)C(C)(C)C)C=C6)Cl,"{""audit_creation_date"": ""2019-04-16"", ""audit_creation_method"": ""CSD-ConQuest-V1"", ""database_code_CSD"": ""ROGSAK"", ""database_code_depnum_ccdc_archive"": ""CCDC 1542170"", ""chemical_formula_sum"": ""C50 H56 Cl5 Mn1 N4"", ""chemical_formula_moiety"": """", ""journal_volume"": ""48"", ""journal_year"": ""2019"", ""journal_page_first"": ""7394"", ""journal_name_full"": ""Dalton Trans. "", ""publ_author_name"": [""J.Rai"", ""B.Basumatary"", ""S.Bhandary"", ""M.Murugavel"", ""J.Sankar""]}",10.1039/c9dt00965e,,,-3686.930734129512,-3686.945700069812,-3686.974967815846,Dalton Trans. 
300,ROVCIQ,,/home/shachar/repos/PorCrystalStructures/data/xyz/crystal/ROVCIQ_0.xyz,/home/shachar/repos/PorCrystalStructures/data/ccdc_data/cif/porphyrins/ROVCIQ.cif,c1c(cccc1)C1=C2C=CC3=[N]2[Zn]24([N]5=C(C=CC5=C(c5ccc1n45)c1ccccc1)C(=c1ccc(=C3c3ccccc3)n21)c1ccccc1)N1[CH]C=C(C=C1)N(C)C,"{""audit_creation_date"": ""2014-10-16"", ""audit_creation_method"": ""CSD-ConQuest-V1"", ""database_code_CSD"": ""ROVCIQ"", ""database_code_depnum_ccdc_archive"": ""CCDC 924014"", ""chemical_formula_sum"": ""C51 H38 N6 Zn1"", ""chemical_formula_moiety"": """", ""journal_volume"": ""84"", ""journal_year"": ""2014"", ""journal_page_first"": ""1206"", ""journal_name_full"": ""Zh.Obshch.Khim.(Russ.)(Russ.J.Gen.Chem.) "", ""publ_author_name"": [""P.S.Sobolev"", ""V.P.Andreev"", ""T.A.Ekimova""]}",10.1134/s1070363214090369,,,-4070.300970357414,-4070.24242466932,-4070.174022492991,Zh.Obshch.Khim.(Russ.)(Russ.J.Gen.Chem.) 
302,RUTNEZ,,/home/shachar/repos/PorCrystalStructures/data/xyz/crystal/RUTNEZ_0.xyz,/home/shachar/repos/PorCrystalStructures/data/ccdc_data/cif/porphyrins/RUTNEZ.cif,[Zn]123(n4c5C(=C6C=CC(=[N]36)C(=c3n2c(=C(C2=[N]1C(=C(c4cc5)c1ccccc1)C=C2)c1ccccc1)c(CC)c3CC)c1ccccc1)c1ccccc1)N1[CH]C(=CC=C1)C,"{""audit_creation_date"": ""1998-03-12"", ""audit_creation_method"": ""CSD-ConQuest-V1"", ""database_code_CSD"": ""RUTNEZ"", ""database_code_depnum_ccdc_archive"": null, ""chemical_formula_sum"": ""C54 H43 N5 Zn1"", ""chemical_formula_moiety"": """", ""journal_volume"": ""36"", ""journal_year"": ""1997"", ""journal_page_first"": ""6103"", ""journal_name_full"": ""Inorg.Chem. "", ""publ_author_name"": [""M.O.Senge"", ""W.W.Kalisch""]}",10.1021/ic970765g,,,-4132.719394539383,-4132.661515041844,-4132.594330830198,Inorg.Chem. 
303,RUTPEB,,/home/shachar/repos/PorCrystalStructures/data/xyz/crystal/RUTPEB_0.xyz,/home/shachar/repos/PorCrystalStructures/data/ccdc_data/cif/porphyrins/RUTPEB.cif,c1c(cccc1)C1=C2[N]3=C(C(=C2CC)CC)C(=c2n4c(=C(C5=[N]6C(=C(c7c(c(c1n7[Zn]346N1[CH]C=CC=C1)CC)CC)c1ccccc1)C=C5)c1ccccc1)cc2)c1ccccc1,"{""audit_creation_date"": ""1998-03-12"", ""audit_creation_method"": ""CSD-ConQuest-V1"", ""database_code_CSD"": ""RUTPEB"", ""database_code_depnum_ccdc_archive"": null, ""chemical_formula_sum"": ""C57 H49 N5 Zn1"", ""chemical_formula_moiety"": """", ""journal_volume"": ""36"", ""journal_year"": ""1997"", ""journal_page_first"": ""6103"", ""journal_name_full"": ""Inorg.Chem. "", ""publ_author_name"": [""M.O.Senge"", ""W.W.Kalisch""]}",10.1021/ic970765g,,,-4250.432497038334,-4250.377281373618,-4250.311023556505,Inorg.Chem. 
305,RUTQIG,,/home/shachar/repos/PorCrystalStructures/data/xyz/crystal/RUTQIG_0.xyz,/home/shachar/repos/PorCrystalStructures/data/ccdc_data/cif/porphyrins/RUTQIG.cif,c12=C(C3=[N]4C(=C(c5c(c(c6C(=C7C(=C(C8=[N]7[Ni@@]4(n2c(=C8c2ccccc2)c(c1CC)CC)n56)CC)CC)c1ccccc1)CC)CC)c1ccccc1)C=C3)c1ccccc1,"{""audit_creation_date"": ""1998-03-12"", ""audit_creation_method"": ""CSD-ConQuest-V1"", ""database_code_CSD"": ""RUTQIG"", ""database_code_depnum_ccdc_archive"": null, ""chemical_formula_sum"": ""C56 H52 N4 Ni1"", ""chemical_formula_moiety"": """", ""journal_volume"": ""36"", ""journal_year"": ""1997"", ""journal_page_first"": ""6103"", ""journal_name_full"": ""Inorg.Chem. "", ""publ_author_name"": [""M.O.Senge"", ""W.W.Kalisch""]}",10.1021/ic970765g,,,-3888.451181591088,-3888.429532402239,-3888.363736179243,Inorg.Chem. 
307,SAHNAR,,/home/shachar/repos/PorCrystalStructures/data/xyz/crystal/SAHNAR_0.xyz,/home/shachar/repos/PorCrystalStructures/data/ccdc_data/cif/porphyrins/SAHNAR.cif,[Rh]123([N]4=C5C=CC4=C(c4ccc(C(=C6C=CC(=[N]26)C(=c2ccc(=C5c5ccccc5)n12)c1ccccc1)c1ccccc1)n34)c1ccccc1)(N1[CH]C=CC=C1)Cl,"{""audit_creation_date"": ""2005-03-24"", ""audit_creation_method"": ""CSD-ConQuest-V1"", ""database_code_CSD"": ""SAHNAR"", ""database_code_depnum_ccdc_archive"": ""CCDC 256831"", ""chemical_formula_sum"": ""C50 H34 Cl4 N5 Rh1"", ""chemical_formula_moiety"": """", ""journal_volume"": ""20"", ""journal_year"": ""2004"", ""journal_page_first"": ""5454"", ""journal_name_full"": ""Langmuir "", ""publ_author_name"": [""T.Ikeda"", ""M.Asakawa"", ""M.Goto"", ""K.Miyake"", ""T.Ishida"", ""T.Shimizu""]}",10.1021/la049577a,,,-2728.064296331166,-2727.999706745741,-2727.90302298814,Langmuir 
308,SARROV,,/home/shachar/repos/PorCrystalStructures/data/xyz/crystal/SARROV_0.xyz,/home/shachar/repos/PorCrystalStructures/data/ccdc_data/cif/porphyrins/SARROV.cif,[Mn]123(n4c5C(=C6C(=C(C)C(=[N]36)C(=c3c(c(c(=C(c6ccccc6)C6=[N]2C(=C(c4c(c5C)C)c2ccccc2)C(=C6C)C)n13)C)C)c1ccccc1)C)c1ccccc1)Cl,"{""audit_creation_date"": ""2017-02-13"", ""audit_creation_method"": ""CSD-ConQuest-V1"", ""database_code_CSD"": ""SARROV"", ""database_code_depnum_ccdc_archive"": ""CCDC 1434553"", ""chemical_formula_sum"": ""C52 H44 Cl1 Mn1 N4"", ""chemical_formula_moiety"": """", ""journal_volume"": ""20"", ""journal_year"": ""2016"", ""journal_page_first"": ""318"", ""journal_name_full"": ""J.Porphyrins Phthalocyanines "", ""publ_author_name"": [""A.Ikezaki"", ""M.Nakamura""]}",10.1142/s1088424616500085,,,-3834.272595815748,-3834.287404575413,-3834.31807302328,J.Porphyrins Phthalocyanines 
309,SEBDOT,,/home/shachar/repos/PorCrystalStructures/data/xyz/crystal/SEBDOT_0.xyz,/home/shachar/repos/PorCrystalStructures/data/ccdc_data/cif/porphyrins/SEBDOT.cif,C1=CC2=[N]3[Rh]45(P67(c8cccc9c8c(ccc9)O6)c6cccc8c6c(ccc8)O7)n6c(=C2c2ccccc2)ccc6=C(C2=[N]4C(=C(c4ccc(C(=C13)c1ccccc1)n54)c1ccccc1)C=C2)c1ccccc1,"{""audit_creation_date"": ""2006-05-18"", ""audit_creation_method"": ""CSD-ConQuest-V1"", ""database_code_CSD"": ""SEBDOT"", ""database_code_depnum_ccdc_archive"": ""CCDC 296991"", ""chemical_formula_sum"": ""C71 H48 N4 O2 P1 Rh1"", ""chemical_formula_moiety"": """", ""journal_volume"": ""45"", ""journal_year"": ""2006"", ""journal_page_first"": ""502"", ""journal_name_full"": ""Inorg.Chem. "", ""publ_author_name"": [""K.Kajiyama"", ""T.K.Miyamoto"", ""K.Sawano""]}",10.1002/ejic.200690007,,,-3279.742669092175,-3279.672138497639,-3279.596445540237,Inorg.Chem. 
311,SEVCUR,,/home/shachar/repos/PorCrystalStructures/data/xyz/crystal/SEVCUR_0.xyz,/home/shachar/repos/PorCrystalStructures/data/ccdc_data/cif/porphyrins/SEVCUR.cif,c1ccc(C2=C3C=CC4=[N]3[Fe]35([C][Re]([Re]([C][O])([C][O])([C][O])([C][O])[C][O])([C][O])([C][O])([C][O])[C][O])n6c(=C4c4ccccc4)ccc6=C(c4ccccc4)C4=[N]3C(=C(c3ccc2n53)c2ccccc2)C=C4)cc1,"{""audit_creation_date"": ""1991-01-24"", ""audit_creation_method"": ""CSD-ConQuest-V1"", ""database_code_CSD"": ""SEVCUR"", ""database_code_depnum_ccdc_archive"": null, ""chemical_formula_sum"": ""C54 H28 Fe1 N4 O9 Re2"", ""chemical_formula_moiety"": """", ""journal_volume"": ""29"", ""journal_year"": ""1990"", ""journal_page_first"": ""318"", ""journal_name_full"": ""Angew.Chem.,Int.Ed. "", ""publ_author_name"": [""W.Beck"", ""W.Knauer"", ""C.Robl""]}",10.1002/anie.199014971,,,-4386.800737515237,-4386.729077373932,-4386.689893107103,"Angew.Chem.,Int.Ed. "
312,SIMFAV,,/home/shachar/repos/PorCrystalStructures/data/xyz/crystal/SIMFAV_0.xyz,/home/shachar/repos/PorCrystalStructures/data/ccdc_data/cif/porphyrins/SIMFAV.cif,[Sc]123([C@H]4C=CC=C4)n4c5=CC6=[N]3C(=Cc3c(CC)c(CC)c(C=C7C(=C(C(=[N]17)C=c4c(c5CC)CC)CC)CC)n23)C(=C6CC)CC,"{""audit_creation_date"": ""1991-07-10"", ""audit_creation_method"": ""CSD-ConQuest-V1"", ""database_code_CSD"": ""SIMFAV"", ""database_code_depnum_ccdc_archive"": null, ""chemical_formula_sum"": ""C41 H49 N4 Sc1"", ""chemical_formula_moiety"": """", ""journal_volume"": ""112"", ""journal_year"": ""1990"", ""journal_page_first"": ""8620"", ""journal_name_full"": ""J.Am.Chem.Soc. "", ""publ_author_name"": [""J.Arnold"", ""C.G.Hoffman""]}",10.1021/ja00179a077,,,-2568.645734959738,-2568.576306437403,-2568.508953610755,J.Am.Chem.Soc. 
313,SOFYIY,,/home/shachar/repos/PorCrystalStructures/data/xyz/crystal/SOFYIY_0.xyz,/home/shachar/repos/PorCrystalStructures/data/ccdc_data/cif/porphyrins/SOFYIY.cif,[P]([Ir]123(S)[N]4=C5C=CC4=C(c4ccc(n34)C(=C3[N]2=C(C(=c2ccc(=C5c4ccccc4)n12)c1ccccc1)C=C3)c1ccccc1)c1ccccc1)(c1ccccc1)(c1ccccc1)c1ccccc1,"{""audit_creation_date"": ""2019-05-21"", ""audit_creation_method"": ""CSD-ConQuest-V1"", ""database_code_CSD"": ""SOFYIY"", ""database_code_depnum_ccdc_archive"": ""CCDC 1856297"", ""chemical_formula_sum"": ""C62 H44 Ir1 N4 P1 S1"", ""chemical_formula_moiety"": """", ""journal_volume"": ""48"", ""journal_year"": ""2019"", ""journal_page_first"": ""8340"", ""journal_name_full"": ""Dalton Trans. "", ""publ_author_name"": [""Shiu-Chun So"", ""Wai-Man Cheung"", ""Wai-Hang Chiu"", ""M.de Vere-Tucker"", ""H.H.-Y Sung"", ""I.D.Williams"", ""Wa-Hung Leung""]}",10.1039/c9dt00244h,,,-3447.544988347909,-3447.482735841877,-3447.411413207075,Dalton Trans. 
314,SOMDEF,,/home/shachar/repos/PorCrystalStructures/data/xyz/crystal/SOMDEF_0.xyz,/home/shachar/repos/PorCrystalStructures/data/ccdc_data/cif/porphyrins/SOMDEF.cif,[Co]123(n4c5C(=C6C(=C(C(=[N]36)C(=c3c(c(c(=C(C6=[N]1C(=C(c4c(c5CC)[C](C)C)c1ccccc1)C(=C6CC)CC)c1ccccc1)n23)[C](C)C)CC)c1ccccc1)CC)CC)c1ccccc1)Cl,"{""audit_creation_date"": ""2014-10-31"", ""audit_creation_method"": ""CSD-ConQuest-V1"", ""database_code_CSD"": ""SOMDEF"", ""database_code_depnum_ccdc_archive"": ""CCDC 957856"", ""chemical_formula_sum"": ""C60 H60 Cl1 Co1 N4"", ""chemical_formula_moiety"": """", ""journal_volume"": ""53"", ""journal_year"": ""2014"", ""journal_page_first"": ""8848"", ""journal_name_full"": ""Inorg.Chem. "", ""publ_author_name"": [""Ru-Jen Cheng"", ""Yu-Hsuan Chen"", ""Ching-Chin Chen"", ""Gene-Hsiang Lee"", ""Shie-Ming Peng"", ""Peter Ping-Yu Chen""]}",10.1021/ic501120k,,,-4457.11031405845,-4457.136413740674,-4457.136019993755,Inorg.Chem. 
315,SOMDIJ,,/home/shachar/repos/PorCrystalStructures/data/xyz/crystal/SOMDIJ_0.xyz,,[Co]123(n4c5C(=C6C(=C(C(=[N]36)C(=c3c(c(c(=C(c6ccccc6)C6=[N]1C(=C(c4c(c5CC)CC)c1ccccc1)C(=C6[C](C)C)CC)n23)CC)CC)c1ccccc1)[C](C)C)CC)c1ccccc1)Br,null,,,,,,,
316,SOQYIG,,/home/shachar/repos/PorCrystalStructures/data/xyz/crystal/SOQYIG_0.xyz,/home/shachar/repos/PorCrystalStructures/data/ccdc_data/cif/porphyrins/SOQYIG.cif,C1(=C(c2ccccc2)C2=C(c3c(c(c4C(=C5C(=C(C6=[N]5[Ru]5([C][O])(n7c(=C6c6ccccc6)c(c(c7=C(c6ccccc6)C1=[N]25)c1ccccc1)c1ccccc1)(n34)N1[CH]C=CC=C1)c1ccccc1)c1ccccc1)c1ccccc1)c1ccccc1)c1ccccc1)c1ccccc1)c1ccccc1,"{""audit_creation_date"": ""1999-03-02"", ""audit_creation_method"": ""CSD-ConQuest-V1"", ""database_code_CSD"": ""SOQYIG"", ""database_code_depnum_ccdc_archive"": null, ""chemical_formula_sum"": ""C110 H77 N5 O1 Ru1"", ""chemical_formula_moiety"": """", ""journal_volume"": null, ""journal_year"": ""1998"", ""journal_page_first"": ""1805"", ""journal_name_full"": ""J.Chem.Soc.,Dalton Trans. "", ""publ_author_name"": [""Chun-Jing Liu"", ""Wing-Yiu Yu"", ""Shie-Ming Peng"", ""T.C.W.Mak"", ""Chi-Ming Che""]}",10.1039/a800535d,,,-4210.643271924964,-4210.583409714536,-4210.514122003486,"J.Chem.Soc.,Dalton Trans. "
319,SUNXUV,,/home/shachar/repos/PorCrystalStructures/data/xyz/crystal/SUNXUV_0.xyz,/home/shachar/repos/PorCrystalStructures/data/ccdc_data/cif/porphyrins/SUNXUV.cif,C(#N)c1c2n3[Ni@]45n6c(=C(C7=[N]5C(=C(c3c1C#N)c1ccccc1)C(=C7c1ccccc1)c1ccccc1)c1ccccc1)c(c(C#N)c6=C(C1=[N]4C(=C2c2ccccc2)C(=C1c1ccccc1)c1ccccc1)c1ccccc1)C#N,"{""audit_creation_date"": ""2010-03-10"", ""audit_creation_method"": ""CSD-ConQuest-V1"", ""database_code_CSD"": ""SUNXUV"", ""database_code_depnum_ccdc_archive"": ""CCDC 735566"", ""chemical_formula_sum"": ""C79 H56 Cl1 N8 Ni1"", ""chemical_formula_moiety"": """", ""journal_volume"": ""48"", ""journal_year"": ""2009"", ""journal_page_first"": ""3954"", ""journal_name_full"": ""Inorg.Chem. "", ""publ_author_name"": [""P.Bhyrappa"", ""C.Arunkumar"", ""B.Varghese""]}",10.1021/ic801618m,,,-4708.639702987185,-4708.591177890358,-4708.516595742266,Inorg.Chem. 
320,TAQWUG,,/home/shachar/repos/PorCrystalStructures/data/xyz/crystal/TAQWUG_0.xyz,/home/shachar/repos/PorCrystalStructures/data/ccdc_data/cif/porphyrins/TAQWUG.cif,CCC1=C(C2=Cc3n4[Zn@@]56n7c(=CC1=[N]26)c(c(CC)c7=C(C1=[N]5C(=Cc4c(c3CC)CC)C(=C1CC)CC)C(=O)OC)CC)CC,"{""audit_creation_date"": ""2017-03-29"", ""audit_creation_method"": ""CSD-ConQuest-V1"", ""database_code_CSD"": ""TAQWUG"", ""database_code_depnum_ccdc_archive"": ""CCDC 1444312"", ""chemical_formula_sum"": ""C38 H46 N4 O2 Zn1"", ""chemical_formula_moiety"": """", ""journal_volume"": ""21"", ""journal_year"": ""2016"", ""journal_page_first"": ""252"", ""journal_name_full"": ""Molecules "", ""publ_author_name"": [""M.Suzuki"", ""S.Neya"", ""Y.Nishigaichi""]}",10.3390/molecules21030252,,,-3621.585890666393,-3621.516933015779,-3621.449559848968,Molecules 
321,TEJXEP,,/home/shachar/repos/PorCrystalStructures/data/xyz/crystal/TEJXEP_0.xyz,/home/shachar/repos/PorCrystalStructures/data/ccdc_data/cif/porphyrins/TEJXEP.cif,[Zn]123([N]4=C5C(=c6ccc(=C(C7=[N]2C(=Cc2n1c(C(=C4C=C5)c1ccc(cc1)C)cc2)C=C7)c1ccc(cc1)C)n36)Sc1ccccn1)N1[CH]C=CC=C1,"{""audit_creation_date"": ""2022-05-03"", ""audit_creation_method"": ""CSD-ConQuest-V1"", ""database_code_CSD"": ""TEJXEP"", ""database_code_depnum_ccdc_archive"": ""CCDC 2122505"", ""chemical_formula_sum"": ""C44 H32 N6 S1 Zn1"", ""chemical_formula_moiety"": """", ""journal_volume"": ""61"", ""journal_year"": ""2022"", ""journal_page_first"": ""7387"", ""journal_name_full"": ""Inorg.Chem. "", ""publ_author_name"": [""M.Berthelot"", ""F.Akhssas"", ""A.K.D.Dime"", ""A.Bousfiha"", ""J.Echaubard"", ""G.Souissi"", ""H.Cattey"", ""D.Lucas"", ""P.Fleurat-Lessard"", ""C.H.Devillers""]}",10.1021/acs.inorgchem.2c00435,,,-4198.508071925428,-4198.447897810428,-4198.379548922779,Inorg.Chem. 
322,TEMFAS01,,/home/shachar/repos/PorCrystalStructures/data/xyz/crystal/TEMFAS01_0.xyz,/home/shachar/repos/PorCrystalStructures/data/ccdc_data/cif/porphyrins/TEMFAS01.cif,C(C)C1=C(CC)C2=[N]3[Ru]45(n6c(=CC7=[N]4C(=Cc4c(c(c(C=C13)n54)CC)CC)C(=C7CC)CC)c(c(c6=C2)CC)CC)([C][O])O[N]N(CC)CC,"{""audit_creation_date"": ""1999-06-22"", ""audit_creation_method"": ""CSD-ConQuest-V1"", ""database_code_CSD"": ""TEMFAS01"", ""database_code_depnum_ccdc_archive"": null, ""chemical_formula_sum"": ""C41 H54 N6 O2 Ru1"", ""chemical_formula_moiety"": """", ""journal_volume"": ""37"", ""journal_year"": ""1998"", ""journal_page_first"": ""4677"", ""journal_name_full"": ""Inorg.Chem. "", ""publ_author_name"": [""Li Chen"", ""Geun-Bae Yi"", ""Li-Sheng Wang"", ""U.R.Dharmawardana"", ""A.C.Dart"", ""M.A.Khan"", ""G.B.Richter-Addo""]}",10.1021/ic9801591,,,-2165.717381993208,-2165.641790667013,-2165.572250571878,Inorg.Chem. 
323,TEMFAS,,/home/shachar/repos/PorCrystalStructures/data/xyz/crystal/TEMFAS_0.xyz,/home/shachar/repos/PorCrystalStructures/data/ccdc_data/cif/porphyrins/TEMFAS.cif,n12[Ru]34([N]5=C6C(=C(C5=Cc5c(c(c(C=C7C(=C(C(=[N]37)C=c1c(c(c2=C6)CC)CC)CC)CC)n45)CC)CC)CC)CC)([C][O])O[N]N(CC)CC,"{""audit_creation_date"": ""1997-02-21"", ""audit_creation_method"": ""CSD-ConQuest-V1"", ""database_code_CSD"": ""TEMFAS"", ""database_code_depnum_ccdc_archive"": null, ""chemical_formula_sum"": ""C41 H54 N6 O2 Ru1"", ""chemical_formula_moiety"": """", ""journal_volume"": ""35"", ""journal_year"": ""1996"", ""journal_page_first"": ""3453"", ""journal_name_full"": ""Inorg.Chem. "", ""publ_author_name"": [""Geun-Bae Yi"", ""M.A.Khan"", ""G.B.Richter-Addo""]}",10.1021/ic951600f,,,-2165.717380884234,-2165.641795447969,-2165.572255799269,Inorg.Chem. 
324,TEMKOL,,/home/shachar/repos/PorCrystalStructures/data/xyz/crystal/TEMKOL_0.xyz,/home/shachar/repos/PorCrystalStructures/data/ccdc_data/cif/porphyrins/TEMKOL.cif,[Ni@@]123n4c5=CC6=[N]3C(=Cc3ccc(n23)C=C2[N]1=C(C=C2)C=c4cc5)C=C6,"{""audit_creation_date"": ""1997-02-21"", ""audit_creation_method"": ""CSD-ConQuest-V1"", ""database_code_CSD"": ""TEMKOL"", ""database_code_depnum_ccdc_archive"": null, ""chemical_formula_sum"": ""C20 H12 N4 Ni1"", ""chemical_formula_moiety"": """", ""journal_volume"": ""35"", ""journal_year"": ""1996"", ""journal_page_first"": ""3559"", ""journal_name_full"": ""Inorg.Chem. "", ""publ_author_name"": [""W.Jentzen"", ""I.Turowska-Tyrk"", ""W.R.Scheidt"", ""J.A.Shelnutt""]}",10.1021/ic960157l,,,-2495.032985335392,-2495.017328608499,-2494.942122072449,Inorg.Chem. 
325,TEVMOZ,,/home/shachar/repos/PorCrystalStructures/data/xyz/crystal/TEVMOZ_0.xyz,/home/shachar/repos/PorCrystalStructures/data/ccdc_data/cif/porphyrins/TEVMOZ.cif,CC(c1ccc(c2ccc(c3c4c(ccc5ccc(cc45)c4cc(ccc4)C(C)(C)C)c(C4=c5ccc6=C(C7=[N]8C(=C(c9ccc%10C(=C%11C=CC4=[N]%11[Ni@@]8(n56)n9%10)c4c(cc(cc4C)C)C)c4c5ccc6ccc(cc6c5c(c5c6cc(ccc6ccc45)c4cccc(C(C)(C)C)c4)c4ccc(cc4)c4ccc(cc4)C(C)(C)C)c4cc(ccc4)C(C)(C)C)C=C7)c4c(cc(cc4C)C)C)c4c3c3cc(ccc3cc4)c3cc(C(C)(C)C)ccc3)cc2)cc1)(C)C,"{""audit_creation_date"": ""2018-05-01"", ""audit_creation_method"": ""CSD-ConQuest-V1"", ""database_code_CSD"": ""TEVMOZ"", ""database_code_depnum_ccdc_archive"": ""CCDC 1835706"", ""chemical_formula_sum"": ""C157 H142 Cl6 N4 Ni1"", ""chemical_formula_moiety"": """", ""journal_volume"": null, ""journal_year"": ""2018"", ""journal_page_first"": null, ""journal_name_full"": ""CSD Communication(Private Communication) "", ""publ_author_name"": [""Qiang Chen""]}",10.23919/icact.2018.8323896,,,,,,CSD Communication(Private Communication) 
326,TEVPIW,,/home/shachar/repos/PorCrystalStructures/data/xyz/crystal/TEVPIW_0.xyz,/home/shachar/repos/PorCrystalStructures/data/ccdc_data/cif/porphyrins/TEVPIW.cif,S1C(SCC1)C1=c2n3[Ni@@]45[N]6=C(C=CC6=C(c6n5c(cc6)C(=C5[N]4=C1C=C5)c1cc(cc(c1)C(C)(C)C)C(C)(C)C)C#C[Si](C)(C)C)C(=c3cc2)c1cc(cc(c1)C(C)(C)C)C(C)(C)C,"{""audit_creation_date"": ""2018-05-01"", ""audit_creation_method"": ""CSD-ConQuest-V1"", ""database_code_CSD"": ""TEVPIW"", ""database_code_depnum_ccdc_archive"": ""CCDC 1822193"", ""chemical_formula_sum"": ""C58 H68 Cl2 N4 Ni1 S2 Si1"", ""chemical_formula_moiety"": """", ""journal_volume"": ""16"", ""journal_year"": ""2018"", ""journal_page_first"": ""3648"", ""journal_name_full"": ""Org.Biomol.Chem. "", ""publ_author_name"": [""M.J.Smith"", ""I.M.Blake"", ""W.Clegg"", ""H.L.Anderson""]}",10.1039/c8ob00491a,,,-4981.195181956966,-4981.137089216264,-4981.112246867933,Org.Biomol.Chem. 
327,TEZREY,,/home/shachar/repos/PorCrystalStructures/data/xyz/crystal/TEZREY_0.xyz,/home/shachar/repos/PorCrystalStructures/data/ccdc_data/cif/porphyrins/TEZREY.cif,c1cc(ccc1C1=C2C=CC3=[N]2[Ni@]24n5c(=C(C6=[N]2C(=C(c2ccc1n42)c1ccccc1)C=C6)c1ccc(cc1)C)ccc5=C3Sc1ccccn1)C,"{""audit_creation_date"": ""2018-05-04"", ""audit_creation_method"": ""CSD-ConQuest-V1"", ""database_code_CSD"": ""TEZREY"", ""database_code_depnum_ccdc_archive"": ""CCDC 1557313"", ""chemical_formula_sum"": ""C46 H32 Cl3 N5 Ni1 S1"", ""chemical_formula_moiety"": """", ""journal_volume"": ""54"", ""journal_year"": ""2018"", ""journal_page_first"": ""5414"", ""journal_name_full"": ""Chem.Commun. "", ""publ_author_name"": [""M.Berthelot"", ""G.Hoffmann"", ""A.Bousfiha"", ""J.Echaubard"", ""J.Roger"", ""H.Cattey"", ""A.Romieu"", ""D.Lucas"", ""P.Fleurat-Lessard"", ""C.H.Devillers""]}",10.1039/c8cc01375f,,,-3910.196577439314,-3910.173734561366,-3910.107833337384,Chem.Commun. 
328,TEZRIC,,/home/shachar/repos/PorCrystalStructures/data/xyz/crystal/TEZRIC_0.xyz,/home/shachar/repos/PorCrystalStructures/data/ccdc_data/cif/porphyrins/TEZRIC.cif,[Ni@]123n4c5=C(Sc6ncccc6)C6=[N]1C(=C(c1ccc(C)cc1)c1ccc(n21)C=C1[N]3=C(C(=c4cc5)c2ccc(C)cc2)C=C1)C=C6,"{""audit_creation_date"": ""2018-05-04"", ""audit_creation_method"": ""CSD-ConQuest-V1"", ""database_code_CSD"": ""TEZRIC"", ""database_code_depnum_ccdc_archive"": ""CCDC 1557314"", ""chemical_formula_sum"": ""C39 H27 N5 Ni1 S1"", ""chemical_formula_moiety"": """", ""journal_volume"": ""54"", ""journal_year"": ""2018"", ""journal_page_first"": ""5414"", ""journal_name_full"": ""Chem.Commun. "", ""publ_author_name"": [""M.Berthelot"", ""G.Hoffmann"", ""A.Bousfiha"", ""J.Echaubard"", ""J.Roger"", ""H.Cattey"", ""A.Romieu"", ""D.Lucas"", ""P.Fleurat-Lessard"", ""C.H.Devillers""]}",10.1039/c8cc01375f,,,-3679.560108542772,-3679.536219159315,-3679.472550353019,Chem.Commun. 
329,TIFCIX,,/home/shachar/repos/PorCrystalStructures/data/xyz/crystal/TIFCIX_0.xyz,/home/shachar/repos/PorCrystalStructures/data/ccdc_data/cif/porphyrins/TIFCIX.cif,C12=C(c3ccc4C(=C5C=CC6=[N]5[Co]5(C(=C)c7ccc(cc7)F)(n34)[N]2=C(C=C1)C(=c1ccc(=C6c2ccc(cc2)OC)n51)c1ccc(cc1)OC)c1ccc(cc1)OC)c1ccc(OC)cc1,"{""audit_creation_date"": ""2018-05-08"", ""audit_creation_method"": ""CSD-ConQuest-V1"", ""database_code_CSD"": ""TIFCIX"", ""database_code_depnum_ccdc_archive"": ""CCDC 1540846"", ""chemical_formula_sum"": ""C62 H48 Co1 F1 N4 O4"", ""chemical_formula_moiety"": """", ""journal_volume"": ""9"", ""journal_year"": ""2018"", ""journal_page_first"": ""4999"", ""journal_name_full"": ""Chemical Science "", ""publ_author_name"": [""Zikuan Wang"", ""Zhengmin Yao"", ""Zeyu Lyu"", ""Qinsi Xiong"", ""Bing-Wu Wang"", ""Xuefeng Fu""]}",10.1039/c8sc01269e,,,-4157.307714593898,,,Chemical Science 
330,TOBTUC,,/home/shachar/repos/PorCrystalStructures/data/xyz/crystal/TOBTUC_0.xyz,/home/shachar/repos/PorCrystalStructures/data/ccdc_data/cif/porphyrins/TOBTUC.cif,[Mn]123([N]4=C5C(=c6ccc(=C(c7ccccc7)C7=[N]3C(=C(c3ccc(C(=C4C=C5)c4ccccc4)n13)c1ccccc1)C=C7)n26)c1ccccc1)(N1[CH]C=CC=C1)Cl,"{""audit_creation_date"": ""2019-02-14"", ""audit_creation_method"": ""CSD-ConQuest-V1"", ""database_code_CSD"": ""TOBTUC"", ""database_code_depnum_ccdc_archive"": ""CCDC 1860175"", ""chemical_formula_sum"": ""C59 H43 Cl1 Mn1 N7"", ""chemical_formula_moiety"": """", ""journal_volume"": ""75"", ""journal_year"": ""2019"", ""journal_page_first"": ""304"", ""journal_name_full"": ""Acta Crystallogr.,Sect.C:Cryst.Struct.Chem. "", ""publ_author_name"": [""N.Lahanas"", ""P.Kucheryavy"", ""R.A.Lalancette"", ""J.V.Lockard""]}",10.1107/s2053229619001232,,,-3768.257218137278,-3768.274511049905,-3768.284514833967,"Acta Crystallogr.,Sect.C:Cryst.Struct.Chem. "
331,TOCZAO,,/home/shachar/repos/PorCrystalStructures/data/xyz/crystal/TOCZAO_0.xyz,/home/shachar/repos/PorCrystalStructures/data/ccdc_data/cif/porphyrins/TOCZAO.cif,[Rh]123([C]4N(C=CN4C)C)(n4c5ccc4C(=C4[N]3=C(C=C4)C(=c3n1c(=C(C1=[N]2C(=C5c2ccccc2)C=C1)c1ccccc1)cc3)c1ccccc1)c1ccccc1)Cl,"{""audit_creation_date"": ""2014-02-21"", ""audit_creation_method"": ""CSD-ConQuest-V1"", ""database_code_CSD"": ""TOCZAO"", ""database_code_depnum_ccdc_archive"": ""CCDC 958621"", ""chemical_formula_sum"": ""C50 H38 Cl3 N6 Rh1"", ""chemical_formula_moiety"": """", ""journal_volume"": ""50"", ""journal_year"": ""2014"", ""journal_page_first"": ""3488"", ""journal_name_full"": ""Chem.Commun. "", ""publ_author_name"": [""Juan Olguin"", ""H.Muller-Bunz"", ""M.Albrecht""]}",10.1039/c4cc00497c,,,-2784.56456582216,-2784.50552240463,-2784.433190693048,Chem.Commun. 
332,TOCZES,,/home/shachar/repos/PorCrystalStructures/data/xyz/crystal/TOCZES_0.xyz,/home/shachar/repos/PorCrystalStructures/data/ccdc_data/cif/porphyrins/TOCZES.cif,c1cccc(C2=C3C=CC4=[N]3[Rh]35([N]6=C(C=CC6=C(c6ccc2n56)c2ccccc2)C(=c2ccc(=C4c4ccccc4)n32)c2ccccc2)(N2[CH]N(C)C=C2)Cl)c1,"{""audit_creation_date"": ""2014-02-21"", ""audit_creation_method"": ""CSD-ConQuest-V1"", ""database_code_CSD"": ""TOCZES"", ""database_code_depnum_ccdc_archive"": ""CCDC 958622"", ""chemical_formula_sum"": ""C48.75 H35.5 Cl2.5 N6 Rh1"", ""chemical_formula_moiety"": """", ""journal_volume"": ""50"", ""journal_year"": ""2014"", ""journal_page_first"": ""3488"", ""journal_name_full"": ""Chem.Commun. "", ""publ_author_name"": [""Juan Olguin"", ""H.Muller-Bunz"", ""M.Albrecht""]}",10.1039/c4cc00497c,,,-2745.343767349038,-2745.279898165828,-2745.18336700492,Chem.Commun. 
333,TODXEP,,/home/shachar/repos/PorCrystalStructures/data/xyz/crystal/TODXEP_0.xyz,/home/shachar/repos/PorCrystalStructures/data/ccdc_data/cif/porphyrins/TODXEP.cif,[Ti]123([N]4=C5C(=c6ccc(=C(C7=[N]2C(=C(c2ccc(C(=C4C=C5)c4c(c(c(F)c(c4F)F)F)F)n32)c2c(c(c(c(c2F)F)F)F)F)C=C7)c2c(c(c(c(c2F)F)F)F)F)n16)c1c(c(c(c(c1F)F)F)F)F)[O],"{""audit_creation_date"": ""1997-04-17"", ""audit_creation_method"": ""CSD-ConQuest-V1"", ""database_code_CSD"": ""TODXEP"", ""database_code_depnum_ccdc_archive"": ""CCDC 1273152"", ""chemical_formula_sum"": ""C47 H14 F20 N4 O2 Ti1"", ""chemical_formula_moiety"": """", ""journal_volume"": ""129"", ""journal_year"": ""1996"", ""journal_page_first"": ""833"", ""journal_name_full"": ""Chem.Ber. "", ""publ_author_name"": [""P.E.Esser"", ""U.Englert"", ""W.Keim""]}",10.1002/cber.19961290715,,,-4817.764963519509,-4817.697394242157,-4817.633942794512,Chem.Ber. 
334,TOFZET,,/home/shachar/repos/PorCrystalStructures/data/xyz/crystal/TOFZET_0.xyz,/home/shachar/repos/PorCrystalStructures/data/ccdc_data/cif/porphyrins/TOFZET.cif,c1(c(c2=CC3=[N]4[Ru]56(SC[C@H](NC(=O)C)C(=O)OC)([N]7=C(C(=C(C7=Cc7c(c(c(C=C4C(=C3CC)CC)n67)CC)CC)CC)CC)C=c1n25)[N][O])CC)CC,"{""audit_creation_date"": ""1997-04-18"", ""audit_creation_method"": ""CSD-ConQuest-V1"", ""database_code_CSD"": ""TOFZET"", ""database_code_depnum_ccdc_archive"": null, ""chemical_formula_sum"": ""C42 H54 N6 O4 Ru1 S1"", ""chemical_formula_moiety"": """", ""journal_volume"": null, ""journal_year"": ""1996"", ""journal_page_first"": ""2045"", ""journal_name_full"": ""Chem.Commun. "", ""publ_author_name"": [""Geun-Bae Yi"", ""M.A.Khan"", ""G.B.Richter-Addo""]}",10.1039/cc9960002045,,,-2752.229718983398,-2752.162601001234,-2752.096278448897,Chem.Commun. 
335,TOJYID,,/home/shachar/repos/PorCrystalStructures/data/xyz/crystal/TOJYID_0.xyz,/home/shachar/repos/PorCrystalStructures/data/ccdc_data/cif/porphyrins/TOJYID.cif,[N]12=C3C(=c4ccc5=C(C6=[N]7[Ru]1(n1c(C(=C2C=C3)c2ccccc2)ccc1C(=C7C=C6)c1ccccc1)([C][N]c1cc2-c(c1)ccccc2)([C][N]c1cc2-c(c1)ccccc2)n45)c1ccccc1)c1ccccc1,"{""audit_creation_date"": ""2019-06-27"", ""audit_creation_method"": ""CSD-ConQuest-V1"", ""database_code_CSD"": ""TOJYID"", ""database_code_depnum_ccdc_archive"": ""CCDC 1902219"", ""chemical_formula_sum"": ""C73 H50 N6 Ru1"", ""chemical_formula_moiety"": """", ""journal_volume"": ""58"", ""journal_year"": ""2019"", ""journal_page_first"": ""9316"", ""journal_name_full"": ""Inorg.Chem. "", ""publ_author_name"": [""M.Fathi-Rasekh"", ""G.T.Rohde"", ""M.D.Hart"", ""T.Nakakita"", ""Y.V.Zatsikha"", ""R.R.Valiev"", ""M.V.Barybin"", ""V.N.Nemykin""]}",10.1021/acs.inorgchem.9b01030,,,-2958.957241802501,-2958.89438549579,-2958.820452789082,Inorg.Chem. 
336,TORHEQ,,/home/shachar/repos/PorCrystalStructures/data/xyz/crystal/TORHEQ_0.xyz,/home/shachar/repos/PorCrystalStructures/data/ccdc_data/cif/porphyrins/TORHEQ.cif,c1(cc(C2=C3[N]4=C(C=C3)C(=c3n5[Mn]64(n4c2ccc4C(=C2[N]6=C(C=C2)C(=c5cc3)c2cc(OC)cc(OC)c2)c2cc(OC)cc(OC)c2)Cl)c2cc(cc(OC)c2)OC)cc(OC)c1)OC,"{""audit_creation_date"": ""2019-10-24"", ""audit_creation_method"": ""CSD-ConQuest-V1"", ""database_code_CSD"": ""TORHEQ"", ""database_code_depnum_ccdc_archive"": ""CCDC 1961282"", ""chemical_formula_sum"": ""C58 H59 Cl4 Mn1 N4 O9"", ""chemical_formula_moiety"": """", ""journal_volume"": null, ""journal_year"": ""2019"", ""journal_page_first"": null, ""journal_name_full"": ""CSD Communication(Private Communication) "", ""publ_author_name"": [""A.L.Rheingold"", ""J.S.Miller""]}",10.4324/9781351069366-4,,,-4435.59635679274,-4435.611465942375,-4435.640430697531,CSD Communication(Private Communication) 
337,TPPMNA01,,/home/shachar/repos/PorCrystalStructures/data/xyz/crystal/TPPMNA01_0.xyz,/home/shachar/repos/PorCrystalStructures/data/ccdc_data/cif/porphyrins/TPPMNA01.cif,[Mn]123([N]4=C5C(=c6ccc(=C(C7=[N]1C(=C(c1ccc(C(=C4C=C5)c4ccccc4)n31)c1ccccc1)C=C7)c1ccccc1)n26)c1ccccc1)Cl,"{""audit_creation_date"": ""1999-04-26"", ""audit_creation_method"": ""CSD-ConQuest-V1"", ""database_code_CSD"": ""TPPMNA01"", ""database_code_depnum_ccdc_archive"": null, ""chemical_formula_sum"": ""C47 H34 Cl1 Mn1 N4 O1"", ""chemical_formula_moiety"": """", ""journal_volume"": ""51"", ""journal_year"": ""1998"", ""journal_page_first"": ""835"", ""journal_name_full"": ""Aust.J.Chem. "", ""publ_author_name"": [""P.Turner"", ""M.J.Gunter"", ""B.W.Skelton"", ""A.H.White""]}",10.1071/c97150,,,-3520.336244899986,-3520.351348753691,-3520.380446681895,Aust.J.Chem. 
338,TUBJAB,,/home/shachar/repos/PorCrystalStructures/data/xyz/crystal/TUBJAB_0.xyz,/home/shachar/repos/PorCrystalStructures/data/ccdc_data/cif/porphyrins/TUBJAB.cif,CCC1=C(C2=C([O])c3n4[Fe]56([N]7=C(C(=c8c(c(c(=C([O])C1=[N]25)n68)CC)CC)[O])C(=C(C7=C([O])c4c(c3CC)CC)CC)CC)(N1[CH]C=CC=C1)N1[CH]C=CC=C1)CC,"{""audit_creation_date"": ""1997-05-29"", ""audit_creation_method"": ""CSD-ConQuest-V1"", ""database_code_CSD"": ""TUBJAB"", ""database_code_depnum_ccdc_archive"": null, ""chemical_formula_sum"": ""C46 H52 Fe1 N6 O2"", ""chemical_formula_moiety"": """", ""journal_volume"": ""35"", ""journal_year"": ""1996"", ""journal_page_first"": ""6495"", ""journal_name_full"": ""Inorg.Chem. "", ""publ_author_name"": [""A.L.Balch"", ""B.C.Noll"", ""M.M.Olmstead"", ""S.L.Phillips""]}",10.1021/ic960423v,,,-3672.43182630939,-3672.432205286492,-3672.408731473373,Inorg.Chem. 
339,UCIBUD01,,/home/shachar/repos/PorCrystalStructures/data/xyz/crystal/UCIBUD01_0.xyz,/home/shachar/repos/PorCrystalStructures/data/ccdc_data/cif/porphyrins/UCIBUD01.cif,c12=CC3=[N]4C(=Cc5c(c(c6n5[Mn]54(n2c(=CC2=[N]5C(=C6)C(=C2CC)CC)c(c1CC)CC)Cl)CC)CC)C(=C3CC)CC,"{""audit_creation_date"": ""2019-09-22"", ""audit_creation_method"": ""CSD-ConQuest-V1"", ""database_code_CSD"": ""UCIBUD01"", ""database_code_depnum_ccdc_archive"": ""CCDC 1955073"", ""chemical_formula_sum"": ""C36 H44 Cl1 Mn1 N4"", ""chemical_formula_moiety"": """", ""journal_volume"": null, ""journal_year"": ""2019"", ""journal_page_first"": null, ""journal_name_full"": ""CSD Communication(Private Communication) "", ""publ_author_name"": [""W.Robert Scheidt"", ""Beisong Cheng""]}",10.1093/obo/9780199756841-0236,,,-3225.696265067017,-3225.711190683372,-3225.741041248176,CSD Communication(Private Communication) 
340,UFISUA,,/home/shachar/repos/PorCrystalStructures/data/xyz/crystal/UFISUA_0.xyz,/home/shachar/repos/PorCrystalStructures/data/ccdc_data/cif/porphyrins/UFISUA.cif,[Zn]123(n4c5C(=C6C=CC(=[N]26)C(=c2ccc(=C(c6c(cccc6)N(Cc6ccccc6)Cc6ccccc6)C6=[N]3C(=C(c4cc5)c3ccccc3)C=C6)n12)c1ccccc1)c1ccccc1)O[C](C)C,"{""audit_creation_date"": ""2018-08-01"", ""audit_creation_method"": ""CSD-ConQuest-V1"", ""database_code_CSD"": ""UFISUA"", ""database_code_depnum_ccdc_archive"": ""CCDC 1859697"", ""chemical_formula_sum"": ""C64 H53 N5 O2 Zn1"", ""chemical_formula_moiety"": """", ""journal_volume"": ""140"", ""journal_year"": ""2018"", ""journal_page_first"": ""9444"", ""journal_name_full"": ""J.Am.Chem.Soc. "", ""publ_author_name"": [""S.Bhunia"", ""Atanu Rana"", ""P.Roy"", ""D.J.Martin"", ""M.L.Pegis"", ""Bijan Roy"", ""Abhishek Dey""]}",10.1021/jacs.8b10651,,,-4476.562053315088,-4476.503842308139,-4476.435941807986,J.Am.Chem.Soc. 
341,UGUHOV,,/home/shachar/repos/PorCrystalStructures/data/xyz/crystal/UGUHOV_0.xyz,/home/shachar/repos/PorCrystalStructures/data/ccdc_data/cif/porphyrins/UGUHOV.cif,[Ni@]123n4c5=C(C6=[N]2C(=C(c2ccccc2)c2c(c(c(C(=C7C(=C(N(=O)=O)C(=[N]17)C(=c4c(Cl)c5Cl)c1ccccc1)Cl)c1ccccc1)n32)Cl)Cl)C(=C6Cl)Cl)c1ccccc1,"{""audit_creation_date"": ""2015-04-22"", ""audit_creation_method"": ""CSD-ConQuest-V1"", ""database_code_CSD"": ""UGUHOV"", ""database_code_depnum_ccdc_archive"": ""CCDC 1043615"", ""chemical_formula_sum"": ""C44 H20 Cl7 N5 Ni1 O2"", ""chemical_formula_moiety"": """", ""journal_volume"": ""44"", ""journal_year"": ""2015"", ""journal_page_first"": ""9149"", ""journal_name_full"": ""Dalton Trans. "", ""publ_author_name"": [""R.Kumar"", ""N.Chaudhri"", ""M.Sankar""]}",10.1039/c5dt00937e,,,-6838.193219971693,-6838.134067414277,-6838.114849072492,Dalton Trans. 
342,UMOQAP,,/home/shachar/repos/PorCrystalStructures/data/xyz/crystal/UMOQAP_0.xyz,/home/shachar/repos/PorCrystalStructures/data/ccdc_data/cif/porphyrins/UMOQAP.cif,c1ccccc1C1=C2[N]3=C(C(=c4ccc5=C(C6=[N]7C(=C(c8cc(cc(c8)C(C)(C)C)C(C)(C)C)c8n(c1cc8)[Ni@@]37n45)C=C6)c1c3ccccc3cc3c1cccc3)c1cc(cc(c1)C(C)(C)C)C(C)(C)C)C=C2,"{""audit_creation_date"": ""2011-06-16"", ""audit_creation_method"": ""CSD-ConQuest-V1"", ""database_code_CSD"": ""UMOQAP"", ""database_code_depnum_ccdc_archive"": ""CCDC 789257"", ""chemical_formula_sum"": ""C69 H66 Cl2 N4 Ni1"", ""chemical_formula_moiety"": """", ""journal_volume"": ""65"", ""journal_year"": ""2010"", ""journal_page_first"": ""1472"", ""journal_name_full"": ""Z.Naturforsch.,B:Chem.Sci. "", ""publ_author_name"": [""M.Davis"", ""M.O.Senge"", ""O.B.Locos""]}",10.1515/znb-2010-1211,,,-4352.157391635247,-4352.136009941545,-4352.069090905245,"Z.Naturforsch.,B:Chem.Sci. "
343,UQIDAC,,/home/shachar/repos/PorCrystalStructures/data/xyz/crystal/UQIDAC_0.xyz,/home/shachar/repos/PorCrystalStructures/data/ccdc_data/cif/porphyrins/UQIDAC.cif,[Ni@]123n4c5=C([CH][N][N][CH]c6ccc(cc6)OC)C6=[N]1C(=Cc1c(c(c(C=C7C(=C(C(=[N]37)C=c4c(CC)c5CC)CC)CC)n21)CC)CC)C(=C6CC)CC,"{""audit_creation_date"": ""2021-04-05"", ""audit_creation_method"": ""CSD-ConQuest-V1"", ""database_code_CSD"": ""UQIDAC"", ""database_code_depnum_ccdc_archive"": ""CCDC 1895153"", ""chemical_formula_sum"": ""C45 H52 N6 Ni1 O1"", ""chemical_formula_moiety"": """", ""journal_volume"": ""191"", ""journal_year"": ""2021"", ""journal_page_first"": ""109354"", ""journal_name_full"": ""Dyes Pigm. "", ""publ_author_name"": [""E.S.Belyaev"", ""A.O.Shkirdova"", ""G.L.Kozhemyakin"", ""V.S.Tyurin"", ""V.V.Emets"", ""V.A.Grinberg"", ""D.A.Cheshkov"", ""G.V.Ponomarev"", ""V.A.Tafeenko"", ""A.S.Radchenko"", ""A.A.Kostyukov"", ""A.E.Egorov"", ""V.A.Kuzmin"", ""I.A.Zamilatskov""]}",10.1016/j.dyepig.2021.109354,,,-3654.603320313719,-3654.581850094491,-3654.512652577534,Dyes Pigm. 
344,UQIFEI,,/home/shachar/repos/PorCrystalStructures/data/xyz/crystal/UQIFEI_0.xyz,/home/shachar/repos/PorCrystalStructures/data/ccdc_data/cif/porphyrins/UQIFEI.cif,c12=C([CH][N][N][CH]c3ccc(cc3)O)C3=[N]4[Ni@]56n2c(=CC2=[N]5C(=Cc5n6c(C=C4C(=C3CC)CC)c(CC)c5CC)C(=C2CC)CC)c(CC)c1CC,"{""audit_creation_date"": ""2021-04-05"", ""audit_creation_method"": ""CSD-ConQuest-V1"", ""database_code_CSD"": ""UQIFEI"", ""database_code_depnum_ccdc_archive"": ""CCDC 1895143"", ""chemical_formula_sum"": ""C44 H50 N6 Ni1 O1"", ""chemical_formula_moiety"": """", ""journal_volume"": ""191"", ""journal_year"": ""2021"", ""journal_page_first"": ""109354"", ""journal_name_full"": ""Dyes Pigm. "", ""publ_author_name"": [""E.S.Belyaev"", ""A.O.Shkirdova"", ""G.L.Kozhemyakin"", ""V.S.Tyurin"", ""V.V.Emets"", ""V.A.Grinberg"", ""D.A.Cheshkov"", ""G.V.Ponomarev"", ""V.A.Tafeenko"", ""A.S.Radchenko"", ""A.A.Kostyukov"", ""A.E.Egorov"", ""V.A.Kuzmin"", ""I.A.Zamilatskov""]}",10.1016/j.dyepig.2021.109354,,,-3615.379425932309,-3615.3566418877,-3615.288398904643,Dyes Pigm. 
345,UQUQAA,,/home/shachar/repos/PorCrystalStructures/data/xyz/crystal/UQUQAA_0.xyz,/home/shachar/repos/PorCrystalStructures/data/ccdc_data/cif/porphyrins/UQUQAA.cif,CC(c1cc(cc(C2=c3n4[Ni@@]56n7c(ccc7C(=C7[N]6=C2C=C7)c2cc(cc(C(C)(C)C)c2)C(C)(C)C)C(=C2C=CC(=[N]52)C=c4cc3)c2cc(C(C)(C)C)cc(C(C)(C)C)c2)c1)C(C)(C)C)(C)C,"{""audit_creation_date"": ""2016-06-30"", ""audit_creation_method"": ""CSD-ConQuest-V1"", ""database_code_CSD"": ""UQUQAA"", ""database_code_depnum_ccdc_archive"": ""CCDC 1462863"", ""chemical_formula_sum"": ""C63 H74 Cl2 N4 Ni1"", ""chemical_formula_moiety"": """", ""journal_volume"": ""55"", ""journal_year"": ""2016"", ""journal_page_first"": ""8711"", ""journal_name_full"": ""Angew.Chem.,Int.Ed. "", ""publ_author_name"": [""K.Kato"", ""Wonhee Cha"", ""Juwon Oh"", ""Ko Furukawa"", ""H.Yorimitsu"", ""Dongho Kim"", ""A.Osuka""]}",10.1002/anie.201681211,,,-4128.724745168955,-4128.703167343682,-4128.63536811942,"Angew.Chem.,Int.Ed. "
346,USIVAV,,/home/shachar/repos/PorCrystalStructures/data/xyz/crystal/USIVAV_0.xyz,/home/shachar/repos/PorCrystalStructures/data/ccdc_data/cif/porphyrins/USIVAV.cif,C1=c2n3[Pt@@]45[N]6=C(C=CC6=Cc6ccc(C=C7C=CC1=[N]57)n46)C=c3cc2,"{""audit_creation_date"": ""2016-08-09"", ""audit_creation_method"": ""CSD-ConQuest-V1"", ""database_code_CSD"": ""USIVAV"", ""database_code_depnum_ccdc_archive"": ""CCDC 1498448"", ""chemical_formula_sum"": ""C20 H12 N4 Pt1"", ""chemical_formula_moiety"": """", ""journal_volume"": ""55"", ""journal_year"": ""2016"", ""journal_page_first"": ""6294"", ""journal_name_full"": ""Inorg.Chem. "", ""publ_author_name"": [""W.Jentzen"", ""J.A.Shelnutt"", ""W.Robert Scheidt""]}",10.1021/acs.inorgchem.6b00956,,,-1106.311578501197,-1106.233121189689,-1106.159541774338,Inorg.Chem. 
347,USULUR,,/home/shachar/repos/PorCrystalStructures/data/xyz/crystal/USULUR_0.xyz,/home/shachar/repos/PorCrystalStructures/data/ccdc_data/cif/porphyrins/USULUR.cif,[Zn]123(n4c5=C(C6=[N]2C(=C(c2ccc(C(=C7C=CC(=[N]17)C(=c4cc5)c1ccccc1)c1ccccc1)n32)c1ccccc1)C=C6)c1ccccc1)N1[CH]C=C(C(=O)OCc2ccc3cccc4c3c2[S@]2[Fe]3([Fe]2([C][O])([C][O])([C][O])[S@]43)([C][O])([C][O])[C][O])C=C1,"{""audit_creation_date"": ""2016-08-10"", ""audit_creation_method"": ""CSD-ConQuest-V1"", ""database_code_CSD"": ""USULUR"", ""database_code_depnum_ccdc_archive"": ""CCDC 1446294"", ""chemical_formula_sum"": ""C67 H39 Fe2 N5 O8 S2 Zn1"", ""chemical_formula_moiety"": """", ""journal_volume"": ""70"", ""journal_year"": ""2016"", ""journal_page_first"": ""1"", ""journal_name_full"": ""Inorg.Chem.Commun. "", ""publ_author_name"": [""Xiao-Wei Song"", ""Xian-Jing Gao"", ""Hai-Xiong Liu"", ""Hui Chen"", ""Chang-Neng Chen""]}",10.1039/c6cc03587f,,,,,,Inorg.Chem.Commun. 
348,UTEXID,,/home/shachar/repos/PorCrystalStructures/data/xyz/crystal/UTEXID_0.xyz,/home/shachar/repos/PorCrystalStructures/data/ccdc_data/cif/porphyrins/UTEXID.cif,c12=CC3=[N]4C(=C(C(F)(F)F)c5n6[Zn]74([N]4=C(C=CC4=Cc6cc5)C(=c(n17)cc2)C(F)(F)F)N1[CH]C=CC=C1)C=C3,"{""audit_creation_date"": ""2021-05-03"", ""audit_creation_method"": ""CSD-ConQuest-V1"", ""database_code_CSD"": ""UTEXID"", ""database_code_depnum_ccdc_archive"": ""CCDC 2035494"", ""chemical_formula_sum"": ""C27 H15 F6 N5 Zn1"", ""chemical_formula_moiety"": """", ""journal_volume"": ""60"", ""journal_year"": ""2021"", ""journal_page_first"": ""12829"", ""journal_name_full"": ""Angew.Chem.,Int.Ed. "", ""publ_author_name"": [""P.Yadav"", ""S.Khoury"", ""N.Fridman"", ""V.K.Sharma"", ""A.Kumar"", ""M.Majdoub"", ""A.Kumar"", ""Y.Diskin-Posner"", ""A.Mahammed"", ""Z.Gross""]}",10.1002/anie.202103477,,,-3687.650021826238,-3687.587731700333,-3687.519377262382,"Angew.Chem.,Int.Ed. "
349,UTEYIE,,/home/shachar/repos/PorCrystalStructures/data/xyz/crystal/UTEYIE_0.xyz,/home/shachar/repos/PorCrystalStructures/data/ccdc_data/cif/porphyrins/UTEYIE.cif,c1ccc(C2=c3ccc4=C(C5=[N]6[Zn]7([N]8=C2C=CC8=C(c2ccc(C(=C6C=C5)c5ccccc5)n72)c2ccccc2c2cn(C5=C[CH][CH][CH][N]5)nn2)(n34)N2[CH]C=CC=C2)c2ccccc2)cc1,"{""audit_creation_date"": ""2021-05-03"", ""audit_creation_method"": ""CSD-ConQuest-V1"", ""database_code_CSD"": ""UTEYIE"", ""database_code_depnum_ccdc_archive"": ""CCDC 2061921"", ""chemical_formula_sum"": ""C56 H37 N9 Zn1"", ""chemical_formula_moiety"": """", ""journal_volume"": ""60"", ""journal_year"": ""2021"", ""journal_page_first"": ""18006"", ""journal_name_full"": ""Angew.Chem.,Int.Ed. "", ""publ_author_name"": [""J.Trouve"", ""P.Zardi"", ""S.Al-Shehimy"", ""T.Roisnel"", ""R.Gramage-Doria""]}",10.1002/anie.202184011,,,-4424.022858359095,-4423.964782082708,-4423.896833654157,"Angew.Chem.,Int.Ed. "
350,UVUCIY,,/home/shachar/repos/PorCrystalStructures/data/xyz/crystal/UVUCIY_0.xyz,/home/shachar/repos/PorCrystalStructures/data/ccdc_data/cif/porphyrins/UVUCIY.cif,[N]12=C3C=CC2=C(c2n4[Rh]51(n1c(=C3c3ccccc3)ccc1=C(C1=[N]5C(=C(c4cc2)c2ccccc2)C=C1)c1ccccc1)(Cl)N1[CH]C=C(C=C1)c1ccccc1)c1ccccc1,"{""audit_creation_date"": ""2011-09-14"", ""audit_creation_method"": ""CSD-ConQuest-V1"", ""database_code_CSD"": ""UVUCIY"", ""database_code_depnum_ccdc_archive"": ""CCDC 814313"", ""chemical_formula_sum"": ""C61 H49 Cl1 N5 O2 Rh1"", ""chemical_formula_moiety"": """", ""journal_volume"": ""47"", ""journal_year"": ""2011"", ""journal_page_first"": ""8427"", ""journal_name_full"": ""Chem.Commun. "", ""publ_author_name"": [""T.Sakano"", ""K.Higashiguchi"", ""K.Matsuda""]}",10.1039/c1cc12041g,,,-2958.702839509732,-2958.638399092587,-2958.566825127848,Chem.Commun. 
351,UVUCOE,,/home/shachar/repos/PorCrystalStructures/data/xyz/crystal/UVUCOE_0.xyz,/home/shachar/repos/PorCrystalStructures/data/ccdc_data/cif/porphyrins/UVUCOE.cif,c1ccccc1C1=C2C=CC3=[N]2[Rh]24(n5c(=C3c3ccccc3)ccc5=C(C3=[N]2C(=C(c2ccc1n42)c1ccccc1)C=C3)c1ccccc1)(N1[CH]C=C(C(=C1)C)c1c(cccc1C)C)Cl,"{""audit_creation_date"": ""2011-09-14"", ""audit_creation_method"": ""CSD-ConQuest-V1"", ""database_code_CSD"": ""UVUCOE"", ""database_code_depnum_ccdc_archive"": ""CCDC 814314"", ""chemical_formula_sum"": ""C59 H47 Cl1 N5 O1 Rh1"", ""chemical_formula_moiety"": """", ""journal_volume"": ""47"", ""journal_year"": ""2011"", ""journal_page_first"": ""8427"", ""journal_name_full"": ""Chem.Commun. "", ""publ_author_name"": [""T.Sakano"", ""K.Higashiguchi"", ""K.Matsuda""]}",10.1039/c1cc12041g,,,,,,Chem.Commun. 
352,VACQUL,,/home/shachar/repos/PorCrystalStructures/data/xyz/crystal/VACQUL_0.xyz,/home/shachar/repos/PorCrystalStructures/data/ccdc_data/cif/porphyrins/VACQUL.cif,[Ni@]123[N]4=C5C=c6ccc(=CC7=[N]2C(=C(C(C)(C)C)c2ccc(C=C4C=C5)n12)C=C7)n36,"{""audit_creation_date"": ""1999-03-24"", ""audit_creation_method"": ""CSD-ConQuest-V1"", ""database_code_CSD"": ""VACQUL"", ""database_code_depnum_ccdc_archive"": null, ""chemical_formula_sum"": ""C24 H20 N4 Ni1"", ""chemical_formula_moiety"": """", ""journal_volume"": ""37"", ""journal_year"": ""1998"", ""journal_page_first"": ""2117"", ""journal_name_full"": ""Inorg.Chem. "", ""publ_author_name"": [""Xing-Zhi Song"", ""W.Jentzen"", ""L.Jaquinod"", ""R.G.Khoury"", ""C.J.Medforth"", ""Song-Ling Jia"", ""Jian-Guo Ma"", ""K.M.Smith"", ""J.A.Shelnutt""]}",10.1021/ic9711978,,,-2651.97515470966,,,Inorg.Chem. 
353,VAFQEY,,/home/shachar/repos/PorCrystalStructures/data/xyz/crystal/VAFQEY_0.xyz,,[Ni@]123[N]4=C5C=CC4=Cc4ccc(C(=C6[N]3=C(C=c3n1c(=C5C(C)C)cc3)C=C6)C(C)C)n24,null,,,,-2730.466370126466,-2730.441540092387,-2730.375405725391,
354,VAFQIC,,/home/shachar/repos/PorCrystalStructures/data/xyz/crystal/VAFQIC_0.xyz,/home/shachar/repos/PorCrystalStructures/data/ccdc_data/cif/porphyrins/VAFQIC.cif,[Zn]123([N]4=C5C=CC4=C(C(C)C)c4n1c(C=C1[N]2=C(C(=c2ccc(=C5)n32)C(C)C)C=C1)cc4)N1[CH]C=CC=C1,"{""audit_creation_date"": ""1999-03-24"", ""audit_creation_method"": ""CSD-ConQuest-V1"", ""database_code_CSD"": ""VAFQIC"", ""database_code_depnum_ccdc_archive"": null, ""chemical_formula_sum"": ""C31 H29 N5 Zn1"", ""chemical_formula_moiety"": """", ""journal_volume"": ""37"", ""journal_year"": ""1998"", ""journal_page_first"": ""2009"", ""journal_name_full"": ""Inorg.Chem. "", ""publ_author_name"": [""Xing-Zhi Song"", ""L.Jaquinod"", ""W.Jentzen"", ""D.J.Nurco"", ""Song-Ling Jia"", ""R.G.Khoury"", ""Jian-Guo Ma"", ""C.J.Medforth"", ""K.M.Smith"", ""J.A.Shelnutt""]}",10.1021/ic980289+,,,-3249.406380059449,-3249.346432868393,-3249.277135936904,Inorg.Chem. 
355,VAFTUR,,/home/shachar/repos/PorCrystalStructures/data/xyz/crystal/VAFTUR_0.xyz,/home/shachar/repos/PorCrystalStructures/data/ccdc_data/cif/porphyrins/VAFTUR.cif,C(#Cc1ccc(cc1)CCCC)C1=C2[N]3=C(C(=c4n5c(=C(C6=[N]7C(=C(c8n(c1cc8)[Zn]357N1[CH]C=CC=C1)C#Cc1ccc(cc1)CCCC)C=C6)C#Cc1ccc(cc1)CCCC)cc4)C#Cc1ccc(cc1)/C=C/CC)C=C2,"{""audit_creation_date"": ""1999-03-24"", ""audit_creation_method"": ""CSD-ConQuest-V1"", ""database_code_CSD"": ""VAFTUR"", ""database_code_depnum_ccdc_archive"": null, ""chemical_formula_sum"": ""C73 H65 N5 Zn1"", ""chemical_formula_moiety"": """", ""journal_volume"": null, ""journal_year"": ""1998"", ""journal_page_first"": ""1607"", ""journal_name_full"": ""J.Chem.Soc.,Perkin Trans.1 "", ""publ_author_name"": [""H.L.Anderson"", ""A.P.Wylie"", ""K.Prout""]}",10.1039/a800992i,,,-4867.197306993739,-4867.150173459778,-4867.089791935118,"J.Chem.Soc.,Perkin Trans.1 "
356,VATXIX,,/home/shachar/repos/PorCrystalStructures/data/xyz/crystal/VATXIX_0.xyz,/home/shachar/repos/PorCrystalStructures/data/ccdc_data/cif/porphyrins/VATXIX.cif,[Zn]123([N]4=C5C=CC4=C(c4ccc(C(=C6C=CC(=[N]26)C(=c2ccc(=C5c5ccccc5NC(=O)Nc5ccc(cc5)Cl)n12)c1ccccc1NC(=O)Nc1ccc(cc1)Cl)c1c(cccc1)NC(=O)Nc1ccc(cc1)Cl)n34)c1ccccc1NC(=O)Nc1ccc(cc1)Cl)O[S](C)C,"{""audit_creation_date"": ""1999-03-24"", ""audit_creation_method"": ""CSD-ConQuest-V1"", ""database_code_CSD"": ""VATXIX"", ""database_code_depnum_ccdc_archive"": ""CCDC 111801"", ""chemical_formula_sum"": ""C82 H78 Cl4 N12 O9 S5 Zn1"", ""chemical_formula_moiety"": """", ""journal_volume"": ""120"", ""journal_year"": ""1998"", ""journal_page_first"": ""11684"", ""journal_name_full"": ""J.Am.Chem.Soc. "", ""publ_author_name"": [""R.C.Jagessar"", ""M.Shang"", ""W.R.Scheidt"", ""D.H.Burns""]}",10.1021/ja982052i,,,,,,J.Am.Chem.Soc. 
357,VAVRAN,,/home/shachar/repos/PorCrystalStructures/data/xyz/crystal/VAVRAN_0.xyz,/home/shachar/repos/PorCrystalStructures/data/ccdc_data/cif/porphyrins/VAVRAN.cif,c1cc2=C(C3=[N]4[Ni@@]56n7c(ccc7C(=C7[N]5=C(C=C7)C=c1n26)c1ccccc1)C(=C4C=C3)N=[N]=[N])c1ccccc1,"{""audit_creation_date"": ""2012-04-25"", ""audit_creation_method"": ""CSD-ConQuest-V1"", ""database_code_CSD"": ""VAVRAN"", ""database_code_depnum_ccdc_archive"": ""CCDC 870163"", ""chemical_formula_sum"": ""C32 H19 N7 Ni1"", ""chemical_formula_moiety"": """", ""journal_volume"": ""14"", ""journal_year"": ""2012"", ""journal_page_first"": ""190"", ""journal_name_full"": ""Org.Lett. "", ""publ_author_name"": [""K.Yamashita"", ""K.Kataoka"", ""M.S.Asano"", ""K.Sugiura""]}",10.1021/ol3013364,,,-3119.777414066238,-3119.757648437013,-3119.693339139332,Org.Lett. 
358,VAVRER,,/home/shachar/repos/PorCrystalStructures/data/xyz/crystal/VAVRER_0.xyz,/home/shachar/repos/PorCrystalStructures/data/ccdc_data/cif/porphyrins/VAVRER.cif,C12=[N]3[Ni@]45n6c(C(=C7C=CC(=[N]57)C(=c5n4c(=C1c1ccccc1)cc5)N=[N]=[N])c1ccccc1)ccc6C(=C3C=C2)N=[N]=[N],"{""audit_creation_date"": ""2012-04-25"", ""audit_creation_method"": ""CSD-ConQuest-V1"", ""database_code_CSD"": ""VAVRER"", ""database_code_depnum_ccdc_archive"": ""CCDC 870164"", ""chemical_formula_sum"": ""C32 H18 N10 Ni1"", ""chemical_formula_moiety"": """", ""journal_volume"": ""14"", ""journal_year"": ""2012"", ""journal_page_first"": ""190"", ""journal_name_full"": ""Org.Lett. "", ""publ_author_name"": [""K.Yamashita"", ""K.Kataoka"", ""M.S.Asano"", ""K.Sugiura""]}",10.1021/ol3013364,,,-3283.259687008543,-3283.236332068582,-3283.179735296897,Org.Lett. 
359,VEFZOY,,/home/shachar/repos/PorCrystalStructures/data/xyz/crystal/VEFZOY_0.xyz,/home/shachar/repos/PorCrystalStructures/data/ccdc_data/cif/porphyrins/VEFZOY.cif,[N]12=C3C(=c4ccc5=C(C6=[N]7[Rh]1(n1c(ccc1C(=C2C=C3)c1ccc(cc1)C)C(=C7C=C6)c1ccc(cc1)C)([C@@H](c1ccccc1)Oc1ccccc1)n45)c1ccc(cc1)C)c1ccc(cc1)C,"{""audit_creation_date"": ""2017-09-11"", ""audit_creation_method"": ""CSD-ConQuest-V1"", ""database_code_CSD"": ""VEFZOY"", ""database_code_depnum_ccdc_archive"": ""CCDC 1552671"", ""chemical_formula_sum"": ""C62 H48 Cl3 N4 O1 Rh1"", ""chemical_formula_moiety"": """", ""journal_volume"": ""36"", ""journal_year"": ""2017"", ""journal_page_first"": ""3456"", ""journal_name_full"": ""Organometallics "", ""publ_author_name"": [""Chen Chen"", ""Kin Shing Chan""]}",10.1021/acs.organomet.7b00386,,,-2753.306528215308,-2753.237493685197,-2753.165133656436,Organometallics 
360,VEXSIC,,/home/shachar/repos/PorCrystalStructures/data/xyz/crystal/VEXSIC_0.xyz,/home/shachar/repos/PorCrystalStructures/data/ccdc_data/cif/porphyrins/VEXSIC.cif,Cc1ccc(C2=c3ccc4=C(c5ccc(C)cc5)C5=[N]6[Ir]7([N]8=C2C=CC8=C(c2ccc(C(=C6C=C5)c5ccc(C)cc5)n72)c2ccc(C)cc2)(n34)([N](C)(C)C)Cl)cc1,"{""audit_creation_date"": ""2013-05-24"", ""audit_creation_method"": ""CSD-ConQuest-V1"", ""database_code_CSD"": ""VEXSIC"", ""database_code_depnum_ccdc_archive"": ""CCDC 864504"", ""chemical_formula_sum"": ""C53 H49 Cl5 Ir1 N5"", ""chemical_formula_moiety"": """", ""journal_volume"": ""31"", ""journal_year"": ""2012"", ""journal_page_first"": ""3628"", ""journal_name_full"": ""Organometallics "", ""publ_author_name"": [""B.J.Anding"", ""A.Ellern"", ""L.K.Woo""]}",10.1021/om300135f,,,-2805.177909380555,-2805.109703391873,-2805.035269367791,Organometallics 
361,VEXTAV,,/home/shachar/repos/PorCrystalStructures/data/xyz/crystal/VEXTAV_0.xyz,/home/shachar/repos/PorCrystalStructures/data/ccdc_data/cif/porphyrins/VEXTAV.cif,c1c(C)ccc(C2=c3ccc4=C(c5ccc(cc5)C)C5=[N]6[Ir]7([C][O])(n8c(ccc8C(=C8C=CC2=[N]78)c2ccc(cc2)C)C(=C6C=C5)c2ccc(C)cc2)(n34)N=C=S)c1,"{""audit_creation_date"": ""2013-05-24"", ""audit_creation_method"": ""CSD-ConQuest-V1"", ""database_code_CSD"": ""VEXTAV"", ""database_code_depnum_ccdc_archive"": ""CCDC 864501"", ""chemical_formula_sum"": ""C50 H36 Ir1 N5 O1 S1"", ""chemical_formula_moiety"": """", ""journal_volume"": ""31"", ""journal_year"": ""2012"", ""journal_page_first"": ""3628"", ""journal_name_full"": ""Organometallics "", ""publ_author_name"": [""B.J.Anding"", ""A.Ellern"", ""L.K.Woo""]}",10.1021/om300135f,,,-2774.913646679278,-2774.848434176527,-2774.776444056732,Organometallics 
362,VICCUG,,/home/shachar/repos/PorCrystalStructures/data/xyz/crystal/VICCUG_0.xyz,/home/shachar/repos/PorCrystalStructures/data/ccdc_data/cif/porphyrins/VICCUG.cif,c1(ccccc1)C(=O)[Ir]123n4c5=C(C6=[N]2C(=C(c2ccc(C(=C7[N]1=C(C=C7)C(=c4cc5)c1ccc(cc1)C)c1ccc(cc1)C)n32)c1ccc(cc1)C)C=C6)c1ccc(cc1)C,"{""audit_creation_date"": ""2007-06-01"", ""audit_creation_method"": ""CSD-ConQuest-V1"", ""database_code_CSD"": ""VICCUG"", ""database_code_depnum_ccdc_archive"": ""CCDC 628255"", ""chemical_formula_sum"": ""C62 H49 Ir1 N4 O1"", ""chemical_formula_moiety"": """", ""journal_volume"": ""26"", ""journal_year"": ""2007"", ""journal_page_first"": ""965"", ""journal_name_full"": ""Organometallics "", ""publ_author_name"": [""Xu Song"", ""Kin Shing Chan""]}",10.1021/om060849+,,,-2515.298393570118,-2515.225862959394,-2515.151687396572,Organometallics 
363,VICDOB,,/home/shachar/repos/PorCrystalStructures/data/xyz/crystal/VICDOB_0.xyz,/home/shachar/repos/PorCrystalStructures/data/ccdc_data/cif/porphyrins/VICDOB.cif,c1cc(ccc1C(=O)[Ir]123n4c5=C(C6=[N]3C(=C(c3n2c(C(=C2[N]1=C(C(=c4cc5)c1ccc(cc1)C)C=C2)c1ccc(C)cc1)cc3)c1ccc(cc1)C)C=C6)c1ccc(cc1)C)F,"{""audit_creation_date"": ""2007-06-01"", ""audit_creation_method"": ""CSD-ConQuest-V1"", ""database_code_CSD"": ""VICDOB"", ""database_code_depnum_ccdc_archive"": ""CCDC 628259"", ""chemical_formula_sum"": ""C62 H48 F1 Ir1 N4 O1"", ""chemical_formula_moiety"": """", ""journal_volume"": ""26"", ""journal_year"": ""2007"", ""journal_page_first"": ""965"", ""journal_name_full"": ""Organometallics "", ""publ_author_name"": [""Xu Song"", ""Kin Shing Chan""]}",10.1021/om060849+,,,-2614.494611187178,-2614.422231779424,-2614.348152789209,Organometallics 
364,VICDUH,,/home/shachar/repos/PorCrystalStructures/data/xyz/crystal/VICDUH_0.xyz,/home/shachar/repos/PorCrystalStructures/data/ccdc_data/cif/porphyrins/VICDUH.cif,c1cc(ccc1C(=O)[Ir]123[N]4=C5C=CC4=C(c4n3c(C(=C3[N]2=C(C(=c2n1c(=C5c1ccc(cc1)C)cc2)c1ccc(cc1)C)C=C3)c1ccc(cc1)C)cc4)c1ccc(cc1)C)Cl,"{""audit_creation_date"": ""2007-06-01"", ""audit_creation_method"": ""CSD-ConQuest-V1"", ""database_code_CSD"": ""VICDUH"", ""database_code_depnum_ccdc_archive"": ""CCDC 628260"", ""chemical_formula_sum"": ""C62 H48 Cl1 Ir1 N4 O1"", ""chemical_formula_moiety"": """", ""journal_volume"": ""26"", ""journal_year"": ""2007"", ""journal_page_first"": ""965"", ""journal_name_full"": ""Organometallics "", ""publ_author_name"": [""Xu Song"", ""Kin Shing Chan""]}",10.1021/om060849+,,,-2974.77261970159,-2974.699543685599,-2974.626050358626,Organometallics 
365,VIMZUN,,/home/shachar/repos/PorCrystalStructures/data/xyz/crystal/VIMZUN_0.xyz,/home/shachar/repos/PorCrystalStructures/data/ccdc_data/cif/porphyrins/VIMZUN.cif,[Zn]123([N]4=C5C=CC4=C(c4n3c(C(=C3[N]2=C(C(=c2n1c(=C5c1ccccc1)cc2)c1ccccc1)C=C3)c1ccccc1)cc4)c1ccccc1)N1[CH]C=C(NC(=O)c2ccncc2)C=C1,"{""audit_creation_date"": ""2008-01-22"", ""audit_creation_method"": ""CSD-ConQuest-V1"", ""database_code_CSD"": ""VIMZUN"", ""database_code_depnum_ccdc_archive"": ""CCDC 664888"", ""chemical_formula_sum"": ""C72 H57 N7 O2 Zn1"", ""chemical_formula_moiety"": """", ""journal_volume"": ""46"", ""journal_year"": ""2007"", ""journal_page_first"": ""7351"", ""journal_name_full"": ""Inorg.Chem. "", ""publ_author_name"": [""D.K.Kumar"", ""A.Das"", ""P.Dastidar""]}",10.1021/ic0702163,,,-4351.76807661102,-4351.709127254481,-4351.640688398746,Inorg.Chem. 
366,VOFDIE,,/home/shachar/repos/PorCrystalStructures/data/xyz/crystal/VOFDIE_0.xyz,/home/shachar/repos/PorCrystalStructures/data/ccdc_data/cif/porphyrins/VOFDIE.cif,C12=C(c3ccc4C(=C5C=CC6=[N]5[Ir]5([N]2=C(C=C1)C(=c1ccc(=C6c2ccc(cc2)C)n51)c1ccc(cc1)C)(Cc1ccc(cc1)C(C)(C)C)n34)c1ccc(cc1)C)c1ccc(cc1)C,"{""audit_creation_date"": ""2009-01-06"", ""audit_creation_method"": ""CSD-ConQuest-V1"", ""database_code_CSD"": ""VOFDIE"", ""database_code_depnum_ccdc_archive"": ""CCDC 700158"", ""chemical_formula_sum"": ""C59 H51 Ir1 N4"", ""chemical_formula_moiety"": """", ""journal_volume"": ""27"", ""journal_year"": ""2008"", ""journal_page_first"": ""3043"", ""journal_name_full"": ""Organometallics "", ""publ_author_name"": [""Chi Wai Cheung"", ""Kin Shing Chan""]}",10.1021/om700751h,,,-2598.278133031404,-2598.203819614721,-2598.133916749881,Organometallics 
367,VOQPOG,,/home/shachar/repos/PorCrystalStructures/data/xyz/crystal/VOQPOG_0.xyz,/home/shachar/repos/PorCrystalStructures/data/ccdc_data/cif/porphyrins/VOQPOG.cif,CN1[CH]N([Ru]234([C][O])n5c6=C(C7=[N]4C(=C(c4ccc(C(=C8C=CC(=[N]28)C(=c5cc6)c2ccccc2)c2ccccc2)n34)c2ccccc2)C=C7)c2ccccc2)C=C1,"{""audit_creation_date"": ""2001-12-11"", ""audit_creation_method"": ""CSD-ConQuest-V1"", ""database_code_CSD"": ""VOQPOG"", ""database_code_depnum_ccdc_archive"": ""CCDC 143799"", ""chemical_formula_sum"": ""C51 H36 Cl6 N6 O1 Ru1"", ""chemical_formula_moiety"": """", ""journal_volume"": ""5"", ""journal_year"": ""2001"", ""journal_page_first"": ""419"", ""journal_name_full"": ""J.Porphyrins Phthalocyanines "", ""publ_author_name"": [""P.G.Jene"", ""J.A.Ibers""]}",10.1002/jpp.344,,,-2382.847849932438,-2382.782490987066,-2382.703936048424,J.Porphyrins Phthalocyanines 
368,VOZDIZ,,/home/shachar/repos/PorCrystalStructures/data/xyz/crystal/VOZDIZ_0.xyz,/home/shachar/repos/PorCrystalStructures/data/ccdc_data/cif/porphyrins/VOZDIZ.cif,c1cc2=C(c3ccccc3)C3=[N]4[Zn]56(n7c(C(=C4C=C3)c3ccccc3)ccc7C(=C3[N]6=C(C=C3)C(=c1n25)c1ccccc1)c1ccccc1)ON1C(=CC=C2C=CC=C[C]12)/C=C/c1ccc(cc1)OC,"{""audit_creation_date"": ""2015-02-11"", ""audit_creation_method"": ""CSD-ConQuest-V1"", ""database_code_CSD"": ""VOZDIZ"", ""database_code_depnum_ccdc_archive"": ""CCDC 983906"", ""chemical_formula_sum"": ""C62 H43 N5 O2 Zn1"", ""chemical_formula_moiety"": """", ""journal_volume"": ""88"", ""journal_year"": ""2015"", ""journal_page_first"": ""190"", ""journal_name_full"": ""Polyhedron "", ""publ_author_name"": [""A.Szemik-Hojniak"", ""K.Oberda"", ""I.Deperasinska"", ""Y.P.Nizhnik"", ""L.Jerzykiewicz""]}",10.1016/j.poly.2014.12.025,,,-4587.331653262029,-4587.273054018406,-4587.205163441752,Polyhedron 
369,VUMYEK01,,/home/shachar/repos/PorCrystalStructures/data/xyz/crystal/VUMYEK01_0.xyz,/home/shachar/repos/PorCrystalStructures/data/ccdc_data/cif/porphyrins/VUMYEK01.cif,c1(ccccc1)C1=C2[N]3=C(C(=c4ccc5=C(c6ccccc6)C6=[N]7[Mn]3(n3c1ccc3C(=C7C=C6)c1ccccc1)(I)n45)c1ccccc1)C=C2,"{""audit_creation_date"": ""2020-04-29"", ""audit_creation_method"": ""CSD-ConQuest-V1"", ""database_code_CSD"": ""VUMYEK01"", ""database_code_depnum_ccdc_archive"": ""CCDC 1977355"", ""chemical_formula_sum"": ""C45 H29 Cl3 I1 Mn1 N4"", ""chemical_formula_moiety"": """", ""journal_volume"": ""184"", ""journal_year"": ""2020"", ""journal_page_first"": ""114488"", ""journal_name_full"": ""Polyhedron "", ""publ_author_name"": [""A.N.Bone"", ""S.E.Stavretis"", ""J.Krzystek"", ""Zhiming Liu"", ""Qiang Chen"", ""Zheng Gai"", ""Xiaoping Wang"", ""C.A.Steren"", ""X.B.Powers"", ""A.A.Podlesnyak"", ""Xue-Tai Chen"", ""J.Telser"", ""Haidong Zhou"", ""Zi-Ling Xue""]}",10.1016/j.poly.2020.114488,,,,,,Polyhedron 
370,VUMYUA,,/home/shachar/repos/PorCrystalStructures/data/xyz/crystal/VUMYUA_0.xyz,/home/shachar/repos/PorCrystalStructures/data/ccdc_data/cif/porphyrins/VUMYUA.cif,[Mn]123(Br)[N]4=C5C(=c6ccc(=C(C7=[N]1C(=C(c1ccc(C(=C4C=C5)c4ccccc4)n31)c1ccccc1)C=C7)c1ccccc1)n26)c1ccccc1,"{""audit_creation_date"": ""2020-04-29"", ""audit_creation_method"": ""CSD-ConQuest-V1"", ""database_code_CSD"": ""VUMYUA"", ""database_code_depnum_ccdc_archive"": ""CCDC 1977356"", ""chemical_formula_sum"": ""C45 H29 Br1 Cl3 Mn1 N4"", ""chemical_formula_moiety"": """", ""journal_volume"": ""184"", ""journal_year"": ""2020"", ""journal_page_first"": ""114488"", ""journal_name_full"": ""Polyhedron "", ""publ_author_name"": [""A.N.Bone"", ""S.E.Stavretis"", ""J.Krzystek"", ""Zhiming Liu"", ""Qiang Chen"", ""Zheng Gai"", ""Xiaoping Wang"", ""C.A.Steren"", ""X.B.Powers"", ""A.A.Podlesnyak"", ""Xue-Tai Chen"", ""J.Telser"", ""Haidong Zhou"", ""Zi-Ling Xue""]}",10.1016/j.poly.2020.114488,,,-5634.135416161374,-5634.150655362666,-5634.181183515246,Polyhedron 
371,VUMZAH,,/home/shachar/repos/PorCrystalStructures/data/xyz/crystal/VUMZAH_0.xyz,/home/shachar/repos/PorCrystalStructures/data/ccdc_data/cif/porphyrins/VUMZAH.cif,c1(ccccc1)C1=c2n3[Mn]45(Br)[N]6=C1C=CC6=C(c1ccccc1)c1n5c(C(=C5[N]4=C(C(=c3cc2)c2ccccc2)C=C5)c2ccccc2)cc1,"{""audit_creation_date"": ""2020-04-29"", ""audit_creation_method"": ""CSD-ConQuest-V1"", ""database_code_CSD"": ""VUMZAH"", ""database_code_depnum_ccdc_archive"": ""CCDC 1977357"", ""chemical_formula_sum"": ""C45 H30 Br1 Cl2 Mn1 N4"", ""chemical_formula_moiety"": """", ""journal_volume"": ""184"", ""journal_year"": ""2020"", ""journal_page_first"": ""114488"", ""journal_name_full"": ""Polyhedron "", ""publ_author_name"": [""A.N.Bone"", ""S.E.Stavretis"", ""J.Krzystek"", ""Zhiming Liu"", ""Qiang Chen"", ""Zheng Gai"", ""Xiaoping Wang"", ""C.A.Steren"", ""X.B.Powers"", ""A.A.Podlesnyak"", ""Xue-Tai Chen"", ""J.Telser"", ""Haidong Zhou"", ""Zi-Ling Xue""]}",10.1016/j.poly.2020.114488,,,-5634.135465326256,-5634.139296993148,-5634.18106776322,Polyhedron 
372,VURJOK,,/home/shachar/repos/PorCrystalStructures/data/xyz/crystal/VURJOK_0.xyz,/home/shachar/repos/PorCrystalStructures/data/ccdc_data/cif/porphyrins/VURJOK.cif,[Si]123([N]4=C5C=CC4=C(c4ccc(C(=C6C=CC(=[N]26)C(=c2ccc(=C5c5ccccc5)n12)c1ccccc1)c1ccccc1)n34)c1ccccc1)(O[Si](C)(C)c1ccccc1)O[Si](C)(C)c1ccccc1,"{""audit_creation_date"": ""2020-09-07"", ""audit_creation_method"": ""CSD-ConQuest-V1"", ""database_code_CSD"": ""VURJOK"", ""database_code_depnum_ccdc_archive"": ""CCDC 1977452"", ""chemical_formula_sum"": ""C60 H50 N4 O2 Si3"", ""chemical_formula_moiety"": """", ""journal_volume"": ""59"", ""journal_year"": ""2020"", ""journal_page_first"": ""13533"", ""journal_name_full"": ""Inorg.Chem. "", ""publ_author_name"": [""B.A.Hussein"", ""Z.Shakeel"", ""A.T.Turley"", ""A.N.Bismillah"", ""K.M.Wolfstadt"", ""J.E.Pia"", ""Melanie Pilkington?"", ""P.R.McGonigal"", ""M.J.Adler""]}",10.1021/acs.inorgchem.0c01891,,,-3550.086449226581,-3550.025162002063,-3549.957641889661,Inorg.Chem. 
373,WACREY,,/home/shachar/repos/PorCrystalStructures/data/xyz/crystal/WACREY_0.xyz,/home/shachar/repos/PorCrystalStructures/data/ccdc_data/cif/porphyrins/WACREY.cif,c12=C(c3ccccc3)C3=[N]4[Co]56(n2c(=C(C2=[N]5C(=C(c5ccc(C(=C4C=C3)c3ccccc3)n65)c3ccccc3)C=C2)c2ccccc2)cc1)CC(=O)OCC,"{""audit_creation_date"": ""2003-07-25"", ""audit_creation_method"": ""CSD-ConQuest-V1"", ""database_code_CSD"": ""WACREY"", ""database_code_depnum_ccdc_archive"": ""CCDC 190083"", ""chemical_formula_sum"": ""C48 H35 Co1 N4 O2"", ""chemical_formula_moiety"": """", ""journal_volume"": null, ""journal_year"": ""2003"", ""journal_page_first"": ""1452"", ""journal_name_full"": ""Eur.J.Inorg.Chem. "", ""publ_author_name"": [""A.Penoni"", ""R.Wanke"", ""S.Tollari"", ""E.Gallo"", ""D.Musella"", ""F.Ragaini"", ""F.Demartin"", ""S.Cenini""]}",10.1002/ejic.200390189,,,-3598.732534241475,-3598.692923252315,-3598.672150721858,Eur.J.Inorg.Chem. 
374,WAFTED,,/home/shachar/repos/PorCrystalStructures/data/xyz/crystal/WAFTED_0.xyz,/home/shachar/repos/PorCrystalStructures/data/ccdc_data/cif/porphyrins/WAFTED.cif,[Zn]123([N]4=C5C=CC4=C(c4ccc(C(=C6C=CC(=[N]26)C(=c2n1c(=C5c1ccncc1)cc2)c1ccncc1)c1ccncc1)n34)c1ccncc1)[N@@]12C[N@]3C[N@](C[N@@](C2)C3)C1,"{""audit_creation_date"": ""2005-02-22"", ""audit_creation_method"": ""CSD-ConQuest-V1"", ""database_code_CSD"": ""WAFTED"", ""database_code_depnum_ccdc_archive"": ""CCDC 237489"", ""chemical_formula_sum"": ""C49 H40.5 N12.5 O2 Zn1"", ""chemical_formula_moiety"": """", ""journal_volume"": ""28"", ""journal_year"": ""2004"", ""journal_page_first"": ""1250"", ""journal_name_full"": ""New J.Chem. "", ""publ_author_name"": [""M.Vinodu"", ""I.Goldberg""]}",10.1039/b405945j,,,-4207.172819161815,-4207.112358627333,-4207.045681810743,New J.Chem. 
375,WAXNOY,,/home/shachar/repos/PorCrystalStructures/data/xyz/crystal/WAXNOY_0.xyz,/home/shachar/repos/PorCrystalStructures/data/ccdc_data/cif/porphyrins/WAXNOY.cif,[Zn]123(N4[CH]C=CC=C4)[N]4=C5C(=c6c(c(c(=C(C7=[N]3C(=C(c3n1c(C(=C4C(=C5CC)CC)[O])c(CC)c3CC)[O])C(=C7CC)CC)[O])n26)CC)CC)[O],"{""audit_creation_date"": ""1994-04-27"", ""audit_creation_method"": ""CSD-ConQuest-V1"", ""database_code_CSD"": ""WAXNOY"", ""database_code_depnum_ccdc_archive"": null, ""chemical_formula_sum"": ""C41 H47 N5 O2 Zn1"", ""chemical_formula_moiety"": """", ""journal_volume"": ""48"", ""journal_year"": ""1993"", ""journal_page_first"": ""991"", ""journal_name_full"": ""Z.Naturforsch.,B:Chem.Sci. "", ""publ_author_name"": [""M.O.Senge"", ""K.M.Smith""]}",10.1515/znb-1993-0724,,,,,,"Z.Naturforsch.,B:Chem.Sci. "
376,WEQBUQ,,/home/shachar/repos/PorCrystalStructures/data/xyz/crystal/WEQBUQ_0.xyz,/home/shachar/repos/PorCrystalStructures/data/ccdc_data/cif/porphyrins/WEQBUQ.cif,c1(C)c(C2=c3n4[Rh]56([Si](c7ccccc7)(c7ccccc7)C)[N]7=C(C=CC7=C(c7c(cc(cc7C)C)C)c7n5c(cc7)C(=C5[N]6=C2C=C5)c2c(C)cc(cc2C)C)C(=c4cc3)c2c(cc(cc2C)C)C)c(C)cc(C)c1,"{""audit_creation_date"": ""2007-02-26"", ""audit_creation_method"": ""CSD-ConQuest-V1"", ""database_code_CSD"": ""WEQBUQ"", ""database_code_depnum_ccdc_archive"": ""CCDC 627843"", ""chemical_formula_sum"": ""C69 H65 N4 Rh1 Si1"", ""chemical_formula_moiety"": """", ""journal_volume"": ""25"", ""journal_year"": ""2006"", ""journal_page_first"": ""4822"", ""journal_name_full"": ""Organometallics "", ""publ_author_name"": [""Lirong Zhang"", ""Kin Shing Chan""]}",10.1021/om0604472,,,-3282.746702118857,-3282.675706211979,,Organometallics 
377,WETKEN,,/home/shachar/repos/PorCrystalStructures/data/xyz/crystal/WETKEN_0.xyz,/home/shachar/repos/PorCrystalStructures/data/ccdc_data/cif/porphyrins/WETKEN.cif,C(#CC1=C(C#C[Si](C)(C)C)C2=[N]3[Pt@@]45n6c(=C2c2ccccc2)ccc6=C(c2ccccc2)C2=[N]4C(=C(c4ccc(C(=C13)c1ccccc1)n54)c1ccccc1)C=C2)[Si](C)(C)C,"{""audit_creation_date"": ""2013-04-23"", ""audit_creation_method"": ""CSD-ConQuest-V1"", ""database_code_CSD"": ""WETKEN"", ""database_code_depnum_ccdc_archive"": ""CCDC 882454"", ""chemical_formula_sum"": ""C54 H44 N4 Pt1 Si2"", ""chemical_formula_moiety"": """", ""journal_volume"": ""49"", ""journal_year"": ""2013"", ""journal_page_first"": ""2145"", ""journal_name_full"": ""Chem.Commun. "", ""publ_author_name"": [""L.J.K.Boerner"", ""M.Pink"", ""H.Park"", ""A.LeSueur"", ""J.M.Zaleski""]}",10.1039/c3cc34471a,,,-2997.591382152394,-2997.523346773672,-2997.449722250211,Chem.Commun. 
378,WIQJUE,,/home/shachar/repos/PorCrystalStructures/data/xyz/crystal/WIQJUE_0.xyz,/home/shachar/repos/PorCrystalStructures/data/ccdc_data/cif/porphyrins/WIQJUE.cif,[Ni@@]123[N]4=C5C=CC4=C(c4c(c(c(n14)C(=C1C=CC(=[N]31)C(=c1c(cc(=C5c3ccccc3)n21)[C@@H]([C](C)[O])[C](C)[O])c1ccccc1)c1ccccc1)Br)Br)c1ccccc1,"{""audit_creation_date"": ""2018-10-26"", ""audit_creation_method"": ""CSD-ConQuest-V1"", ""database_code_CSD"": ""WIQJUE"", ""database_code_depnum_ccdc_archive"": ""CCDC 1830111"", ""chemical_formula_sum"": ""C49 H32 Br2 N4 Ni1 O2"", ""chemical_formula_moiety"": """", ""journal_volume"": ""57"", ""journal_year"": ""2018"", ""journal_page_first"": ""13213"", ""journal_name_full"": ""Inorg.Chem. "", ""publ_author_name"": [""N.Chaudhri"", ""Lei Cong"", ""N.Grover"", ""Wenqian Shan"", ""K.Anshul"", ""M.Sankar"", ""K.M.Kadish""]}",10.1021/acs.inorgchem.8b01690,,,-8908.239178891541,-8908.218100747328,-8908.155819498299,Inorg.Chem. 
379,WOBGEZ,,/home/shachar/repos/PorCrystalStructures/data/xyz/crystal/WOBGEZ_0.xyz,/home/shachar/repos/PorCrystalStructures/data/ccdc_data/cif/porphyrins/WOBGEZ.cif,c1ccc(cc1)[C@@H](C)[N][C][Ru]123([N]4=C5C=CC4=C(c4n3c(cc4)C(=C3[N]1=C(C=C3)C(=c1n2c(=C5c2c(OC[C@@H]3OC(OC3)(C)C)cccc2OC[C@@H]2OC(C)(C)OC2)cc1)c1c(OC[C@@H]2OC(OC2)(C)C)cccc1OC[C@H]1COC(C)(C)O1)c1c(cccc1OC[C@@H]1OC(OC1)(C)C)OC[C@H]1COC(C)(C)O1)c1c(OC[C@@H]2OC(OC2)(C)C)cccc1OC[C@@H]1OC(OC1)(C)C)[C][N][C@@H](c1ccccc1)C,"{""audit_creation_date"": ""2000-11-21"", ""audit_creation_method"": ""CSD-ConQuest-V1"", ""database_code_CSD"": ""WOBGEZ"", ""database_code_depnum_ccdc_archive"": ""CCDC 150321"", ""chemical_formula_sum"": ""C110 H126 N6 O24 Ru1"", ""chemical_formula_moiety"": """", ""journal_volume"": ""56"", ""journal_year"": ""2000"", ""journal_page_first"": ""955"", ""journal_name_full"": ""Acta Crystallogr.,Sect.C:Cryst.Struct.Commun. "", ""publ_author_name"": [""E.Galardon"", ""M.Lukas"", ""P.Le Maux"", ""L.Toupet"", ""T.Roisnel"", ""G.Simonneaux""]}",10.1107/s0108270100007952,,,,,,"Acta Crystallogr.,Sect.C:Cryst.Struct.Commun. "
380,WOTQAZ,,/home/shachar/repos/PorCrystalStructures/data/xyz/crystal/WOTQAZ_0.xyz,/home/shachar/repos/PorCrystalStructures/data/ccdc_data/cif/porphyrins/WOTQAZ.cif,C1=CC2=C(c3ccc4C(=C5C=CC6=[N]5[Mn]5(n7c(=C6c6ccccc6)ccc7=C(c6ccccc6)C1=[N]25)(n34)Cl)c1ccccc1)c1ccccc1,"{""audit_creation_date"": ""2015-01-16"", ""audit_creation_method"": ""CSD-ConQuest-V1"", ""database_code_CSD"": ""WOTQAZ"", ""database_code_depnum_ccdc_archive"": ""CCDC 1042885"", ""chemical_formula_sum"": ""C54 H40 Cl1 Mn1 N8"", ""chemical_formula_moiety"": """", ""journal_volume"": ""71"", ""journal_year"": ""2015"", ""journal_page_first"": ""165"", ""journal_name_full"": ""Acta Crystallogr.,Sect.E:Cryst.Commun. "", ""publ_author_name"": [""W.Harhouri"", ""S.Dhifaoui"", ""S.Najmudin"", ""C.Bonifacio"", ""H.Nasri""]}",10.1107/s205698901500050x,,,,,,"Acta Crystallogr.,Sect.E:Cryst.Commun. "
381,WURQEF,,/home/shachar/repos/PorCrystalStructures/data/xyz/crystal/WURQEF_0.xyz,/home/shachar/repos/PorCrystalStructures/data/ccdc_data/cif/porphyrins/WURQEF.cif,FC(F)(F)c1cc([C]([Ru]234(n5c6=C(C7=[N]2C(=C(c2ccc(C(=C8C=CC(=[N]48)C(=c5cc6)c4ccc(cc4)C)c4ccc(cc4)C)n32)c2ccc(cc2)C)C=C7)c2ccc(cc2)C)N2[CH]C=CC=C2)c2cc(ccc2)C(F)(F)F)ccc1,"{""audit_creation_date"": ""2003-05-15"", ""audit_creation_method"": ""CSD-ConQuest-V1"", ""database_code_CSD"": ""WURQEF"", ""database_code_depnum_ccdc_archive"": ""CCDC 205290"", ""chemical_formula_sum"": ""C68 H49 F6 N5 Ru1"", ""chemical_formula_moiety"": """", ""journal_volume"": ""59"", ""journal_year"": ""2003"", ""journal_page_first"": ""m37"", ""journal_name_full"": ""Acta Crystallogr.,Sect.C:Cryst.Struct.Commun. "", ""publ_author_name"": [""T.Harada"", ""S.Wada"", ""H.Yuge"", ""T.K.Miyamoto""]}",10.1107/s0108270102022461,,,-3583.475728522381,-3583.414648486724,-3583.364223684634,"Acta Crystallogr.,Sect.C:Cryst.Struct.Commun. "
382,WUTREJ,,/home/shachar/repos/PorCrystalStructures/data/xyz/crystal/WUTREJ_0.xyz,/home/shachar/repos/PorCrystalStructures/data/ccdc_data/cif/porphyrins/WUTREJ.cif,C(C)C1=C(CC)C2=[N]3[Pd@@]45n6c(=C2)c(CC)c(CC)c6=C(C2=[N]4C(=C(c4c(c(c(C=C13)n54)CC)CC)c1ccccc1)C(=C2CC)CC)CCCC,"{""audit_creation_date"": ""2010-09-15"", ""audit_creation_method"": ""CSD-ConQuest-V1"", ""database_code_CSD"": ""WUTREJ"", ""database_code_depnum_ccdc_archive"": ""CCDC 756278"", ""chemical_formula_sum"": ""C46 H56 N4 Pd1"", ""chemical_formula_moiety"": """", ""journal_volume"": ""66"", ""journal_year"": ""2010"", ""journal_page_first"": ""3508"", ""journal_name_full"": ""Tetrahedron "", ""publ_author_name"": [""M.O.Senge"", ""J.Richter"", ""I.Bischoff"", ""A.Ryan""]}",10.1016/j.tet.2010.03.008,,,-2130.28764299962,,,Tetrahedron 
383,XAMHIC,,/home/shachar/repos/PorCrystalStructures/data/xyz/crystal/XAMHIC_0.xyz,/home/shachar/repos/PorCrystalStructures/data/ccdc_data/cif/porphyrins/XAMHIC.cif,c1c(ccc(Br)c1)C1=c2n3[Zn@@]45[N]6=C(C=CC6=C(c6ccc(C(=C7C=CC1=[N]47)c1ccc(cc1)Br)n56)c1ccc(Br)cc1)C(=c3cc2)c1ccc(cc1)Br,"{""audit_creation_date"": ""2001-01-24"", ""audit_creation_method"": ""CSD-ConQuest-V1"", ""database_code_CSD"": ""XAMHIC"", ""database_code_depnum_ccdc_archive"": ""CCDC 152057"", ""chemical_formula_sum"": ""C53 H34 Br4 N4 O2 Zn1"", ""chemical_formula_moiety"": """", ""journal_volume"": ""24"", ""journal_year"": ""1996"", ""journal_page_first"": ""241"", ""journal_name_full"": ""J.Inclusion Phenom.Mol.Recog.Chem. "", ""publ_author_name"": [""P.Dastidar"", ""H.Krupitsky"", ""Z.Stein"", ""I.Goldberg""]}",10.1007/bf01133382,,,-13981.658532458147,-13981.594133134979,-13981.526445786945,J.Inclusion Phenom.Mol.Recog.Chem. 
384,XAPJAD,,/home/shachar/repos/PorCrystalStructures/data/xyz/crystal/XAPJAD_0.xyz,/home/shachar/repos/PorCrystalStructures/data/ccdc_data/cif/porphyrins/XAPJAD.cif,[Mn]123([N]4=C5C=CC4=C(c4ccc(cc4)OC)c4ccc(C(=C6C=CC(=[N]16)C(=c1ccc(=C5c5ccc(cc5)OC)n21)c1ccc(cc1)OC)c1ccc(cc1)OC)n34)Cl,"{""audit_creation_date"": ""2021-11-20"", ""audit_creation_method"": ""CSD-ConQuest-V1"", ""database_code_CSD"": ""XAPJAD"", ""database_code_depnum_ccdc_archive"": ""CCDC 2069240"", ""chemical_formula_sum"": ""C49 H37 Cl4 Mn1 N4 O4"", ""chemical_formula_moiety"": """", ""journal_volume"": ""60"", ""journal_year"": ""2021"", ""journal_page_first"": ""18024"", ""journal_name_full"": ""Inorg.Chem. "", ""publ_author_name"": [""R.Mazumdar"", ""Shankhadeep Saha"", ""B.Samanta"", ""B.Mondal""]}",10.1021/acs.inorgchem.1c02606,,,,-3977.983297358514,-3978.012842690151,Inorg.Chem. 
